/* SQL */
insert into member (id, name, alias, email, type) values ('Member1', 'Name 1', null, 'name.1@graphql-java.com', 'ADMIN'); 
insert into member (id, name, alias, email, type) values ('Member2', 'Name 2', 'Alias of Name 2', 'name.2@graphql-java.com', 'MODERATOR'); 
insert into member (id, name, alias, email, type) values ('Member3', 'Name 3', null, 'name.3@graphql-java.com', 'STANDARD'); 
insert into member (id, name, alias, email, type) values ('Member4', 'Name 4', 'Alias of Name 4', 'name.4@graphql-java.com', 'ADMIN'); 
insert into member (id, name, alias, email, type) values ('Member5', 'Name 5', null, 'name.5@graphql-java.com', 'MODERATOR'); 
insert into member (id, name, alias, email, type) values ('Member6', 'Name 6', 'Alias of Name 6', 'name.6@graphql-java.com', 'STANDARD'); 
insert into member (id, name, alias, email, type) values ('Member7', 'Name 7', null, 'name.7@graphql-java.com', 'ADMIN'); 
insert into member (id, name, alias, email, type) values ('Member8', 'Name 8', 'Alias of Name 8', 'name.8@graphql-java.com', 'MODERATOR'); 
insert into member (id, name, alias, email, type) values ('Member9', 'Name 9', null, 'name.9@graphql-java.com', 'STANDARD'); 
insert into member (id, name, alias, email, type) values ('Member10', 'Name 10', 'Alias of Name 10', 'name.10@graphql-java.com', 'ADMIN'); 
insert into member (id, name, alias, email, type) values ('Member11', 'Name 11', null, 'name.11@graphql-java.com', 'MODERATOR'); 
insert into member (id, name, alias, email, type) values ('Member12', 'Name 12', 'Alias of Name 12', 'name.12@graphql-java.com', 'STANDARD'); 
insert into member (id, name, alias, email, type) values ('Member13', 'Name 13', null, 'name.13@graphql-java.com', 'ADMIN'); 
insert into member (id, name, alias, email, type) values ('Member14', 'Name 14', 'Alias of Name 14', 'name.14@graphql-java.com', 'MODERATOR'); 
insert into member (id, name, alias, email, type) values ('Member15', 'Name 15', null, 'name.15@graphql-java.com', 'STANDARD'); 
insert into member (id, name, alias, email, type) values ('Member16', 'Name 16', 'Alias of Name 16', 'name.16@graphql-java.com', 'ADMIN'); 
insert into member (id, name, alias, email, type) values ('Member17', 'Name 17', null, 'name.17@graphql-java.com', 'MODERATOR'); 
insert into member (id, name, alias, email, type) values ('Member18', 'Name 18', 'Alias of Name 18', 'name.18@graphql-java.com', 'STANDARD'); 
insert into member (id, name, alias, email, type) values ('Member19', 'Name 19', null, 'name.19@graphql-java.com', 'ADMIN'); 
insert into member (id, name, alias, email, type) values ('Member20', 'Name 20', 'Alias of Name 20', 'name.20@graphql-java.com', 'MODERATOR'); 
insert into member (id, name, alias, email, type) values ('Member21', 'Name 21', null, 'name.21@graphql-java.com', 'STANDARD'); 
insert into member (id, name, alias, email, type) values ('Member22', 'Name 22', 'Alias of Name 22', 'name.22@graphql-java.com', 'ADMIN'); 
insert into member (id, name, alias, email, type) values ('Member23', 'Name 23', null, 'name.23@graphql-java.com', 'MODERATOR'); 
insert into member (id, name, alias, email, type) values ('Member24', 'Name 24', 'Alias of Name 24', 'name.24@graphql-java.com', 'STANDARD'); 
insert into member (id, name, alias, email, type) values ('Member25', 'Name 25', null, 'name.25@graphql-java.com', 'ADMIN'); 
insert into member (id, name, alias, email, type) values ('Member26', 'Name 26', 'Alias of Name 26', 'name.26@graphql-java.com', 'MODERATOR'); 
insert into member (id, name, alias, email, type) values ('Member27', 'Name 27', null, 'name.27@graphql-java.com', 'STANDARD'); 
insert into member (id, name, alias, email, type) values ('Member28', 'Name 28', 'Alias of Name 28', 'name.28@graphql-java.com', 'ADMIN'); 
insert into member (id, name, alias, email, type) values ('Member29', 'Name 29', null, 'name.29@graphql-java.com', 'MODERATOR'); 
insert into member (id, name, alias, email, type) values ('Member30', 'Name 30', 'Alias of Name 30', 'name.30@graphql-java.com', 'STANDARD'); 
insert into member (id, name, alias, email, type) values ('Member31', 'Name 31', null, 'name.31@graphql-java.com', 'ADMIN'); 
insert into member (id, name, alias, email, type) values ('Member32', 'Name 32', 'Alias of Name 32', 'name.32@graphql-java.com', 'MODERATOR'); 
insert into member (id, name, alias, email, type) values ('Member33', 'Name 33', null, 'name.33@graphql-java.com', 'STANDARD'); 
insert into member (id, name, alias, email, type) values ('Member34', 'Name 34', 'Alias of Name 34', 'name.34@graphql-java.com', 'ADMIN'); 
insert into member (id, name, alias, email, type) values ('Member35', 'Name 35', null, 'name.35@graphql-java.com', 'MODERATOR'); 
insert into member (id, name, alias, email, type) values ('Member36', 'Name 36', 'Alias of Name 36', 'name.36@graphql-java.com', 'STANDARD'); 
insert into member (id, name, alias, email, type) values ('Member37', 'Name 37', null, 'name.37@graphql-java.com', 'ADMIN'); 
insert into member (id, name, alias, email, type) values ('Member38', 'Name 38', 'Alias of Name 38', 'name.38@graphql-java.com', 'MODERATOR'); 
insert into member (id, name, alias, email, type) values ('Member39', 'Name 39', null, 'name.39@graphql-java.com', 'STANDARD'); 
insert into member (id, name, alias, email, type) values ('Member40', 'Name 40', 'Alias of Name 40', 'name.40@graphql-java.com', 'ADMIN'); 
insert into member (id, name, alias, email, type) values ('Member41', 'Name 41', null, 'name.41@graphql-java.com', 'MODERATOR'); 
insert into member (id, name, alias, email, type) values ('Member42', 'Name 42', 'Alias of Name 42', 'name.42@graphql-java.com', 'STANDARD'); 
insert into member (id, name, alias, email, type) values ('Member43', 'Name 43', null, 'name.43@graphql-java.com', 'ADMIN'); 
insert into member (id, name, alias, email, type) values ('Member44', 'Name 44', 'Alias of Name 44', 'name.44@graphql-java.com', 'MODERATOR'); 
commit;
insert into board (id, name, publicly_available) values ('Board1', 'Board name 1', true);
insert into board (id, name, publicly_available) values ('Board2', 'Board name 2', false);
insert into board (id, name, publicly_available) values ('Board3', 'Board name 3', true);
insert into board (id, name, publicly_available) values ('Board4', 'Board name 4', true);
insert into board (id, name, publicly_available) values ('Board5', 'Board name 5', false);
insert into board (id, name, publicly_available) values ('Board6', 'Board name 6', true);
insert into board (id, name, publicly_available) values ('Board7', 'Board name 7', true);
insert into board (id, name, publicly_available) values ('Board8', 'Board name 8', false);
insert into board (id, name, publicly_available) values ('Board9', 'Board name 9', true);
insert into board (id, name, publicly_available) values ('Board10', 'Board name 10', true);
commit;
insert into topic (id, board_id, date, author_id, publicly_available, nb_posts, title, content) values ('Topic1', 'Board1', '2019-04-26 00:40:59', 'Member1', true, 0, 'The title of <Topic1>', 'The content of the topic <Topic1>');
insert into topic (id, board_id, date, author_id, publicly_available, nb_posts, title, content) values ('Topic2', 'Board2', '2019-04-25 01:41:59', 'Member2', true, 0, 'The title of <Topic2>', 'The content of the topic <Topic2>');
insert into topic (id, board_id, date, author_id, publicly_available, nb_posts, title, content) values ('Topic3', 'Board3', '2019-04-24 02:42:59', 'Member3', true, 0, 'The title of <Topic3>', 'The content of the topic <Topic3>');
insert into topic (id, board_id, date, author_id, publicly_available, nb_posts, title, content) values ('Topic4', 'Board4', '2019-04-23 03:43:59', 'Member4', true, 0, 'The title of <Topic4>', 'The content of the topic <Topic4>');
insert into topic (id, board_id, date, author_id, publicly_available, nb_posts, title, content) values ('Topic5', 'Board5', '2019-04-22 04:44:59', 'Member5', true, 0, 'The title of <Topic5>', 'The content of the topic <Topic5>');
insert into topic (id, board_id, date, author_id, publicly_available, nb_posts, title, content) values ('Topic6', 'Board6', '2019-04-21 05:45:59', 'Member6', true, 0, 'The title of <Topic6>', 'The content of the topic <Topic6>');
insert into topic (id, board_id, date, author_id, publicly_available, nb_posts, title, content) values ('Topic7', 'Board7', '2019-04-20 06:46:59', 'Member7', true, 0, 'The title of <Topic7>', 'The content of the topic <Topic7>');
insert into topic (id, board_id, date, author_id, publicly_available, nb_posts, title, content) values ('Topic8', 'Board8', '2019-04-19 07:47:59', 'Member8', true, 0, 'The title of <Topic8>', 'The content of the topic <Topic8>');
insert into topic (id, board_id, date, author_id, publicly_available, nb_posts, title, content) values ('Topic9', 'Board9', '2019-04-18 08:48:59', 'Member9', false, 0, 'The title of <Topic9>', 'The content of the topic <Topic9>');
insert into topic (id, board_id, date, author_id, publicly_available, nb_posts, title, content) values ('Topic10', 'Board10', '2019-04-17 09:49:59', 'Member10', true, 0, 'The title of <Topic10>', 'The content of the topic <Topic10>');
insert into topic (id, board_id, date, author_id, publicly_available, nb_posts, title, content) values ('Topic11', 'Board1', '2019-04-16 10:50:59', 'Member11', true, 0, 'The title of <Topic11>', 'The content of the topic <Topic11>');
insert into topic (id, board_id, date, author_id, publicly_available, nb_posts, title, content) values ('Topic12', 'Board2', '2019-04-15 11:51:59', 'Member12', true, 0, 'The title of <Topic12>', 'The content of the topic <Topic12>');
insert into topic (id, board_id, date, author_id, publicly_available, nb_posts, title, content) values ('Topic13', 'Board3', '2019-04-14 12:52:59', 'Member13', true, 0, 'The title of <Topic13>', 'The content of the topic <Topic13>');
insert into topic (id, board_id, date, author_id, publicly_available, nb_posts, title, content) values ('Topic14', 'Board4', '2019-04-13 13:53:59', 'Member14', true, 0, 'The title of <Topic14>', 'The content of the topic <Topic14>');
insert into topic (id, board_id, date, author_id, publicly_available, nb_posts, title, content) values ('Topic15', 'Board5', '2019-04-12 13:54:59', 'Member15', true, 0, 'The title of <Topic15>', 'The content of the topic <Topic15>');
insert into topic (id, board_id, date, author_id, publicly_available, nb_posts, title, content) values ('Topic16', 'Board6', '2019-04-11 14:55:59', 'Member16', true, 0, 'The title of <Topic16>', 'The content of the topic <Topic16>');
insert into topic (id, board_id, date, author_id, publicly_available, nb_posts, title, content) values ('Topic17', 'Board7', '2019-04-10 15:56:59', 'Member17', true, 0, 'The title of <Topic17>', 'The content of the topic <Topic17>');
insert into topic (id, board_id, date, author_id, publicly_available, nb_posts, title, content) values ('Topic18', 'Board8', '2019-04-09 16:57:59', 'Member18', true, 0, 'The title of <Topic18>', 'The content of the topic <Topic18>');
insert into topic (id, board_id, date, author_id, publicly_available, nb_posts, title, content) values ('Topic19', 'Board9', '2019-04-08 17:58:59', 'Member19', false, 0, 'The title of <Topic19>', 'The content of the topic <Topic19>');
insert into topic (id, board_id, date, author_id, publicly_available, nb_posts, title, content) values ('Topic20', 'Board10', '2019-04-07 18:59:59', 'Member20', true, 0, 'The title of <Topic20>', 'The content of the topic <Topic20>');
insert into topic (id, board_id, date, author_id, publicly_available, nb_posts, title, content) values ('Topic21', 'Board1', '2019-04-06 20:00:59', 'Member21', true, 0, 'The title of <Topic21>', 'The content of the topic <Topic21>');
insert into topic (id, board_id, date, author_id, publicly_available, nb_posts, title, content) values ('Topic22', 'Board2', '2019-04-04 22:01:59', 'Member22', true, 0, 'The title of <Topic22>', 'The content of the topic <Topic22>');
insert into topic (id, board_id, date, author_id, publicly_available, nb_posts, title, content) values ('Topic23', 'Board3', '2019-04-03 23:02:59', 'Member23', true, 0, 'The title of <Topic23>', 'The content of the topic <Topic23>');
insert into topic (id, board_id, date, author_id, publicly_available, nb_posts, title, content) values ('Topic24', 'Board4', '2019-04-03 00:03:59', 'Member24', true, 0, 'The title of <Topic24>', 'The content of the topic <Topic24>');
insert into topic (id, board_id, date, author_id, publicly_available, nb_posts, title, content) values ('Topic25', 'Board5', '2019-04-02 01:04:59', 'Member25', true, 0, 'The title of <Topic25>', 'The content of the topic <Topic25>');
insert into topic (id, board_id, date, author_id, publicly_available, nb_posts, title, content) values ('Topic26', 'Board6', '2019-04-01 02:05:59', 'Member26', true, 0, 'The title of <Topic26>', 'The content of the topic <Topic26>');
insert into topic (id, board_id, date, author_id, publicly_available, nb_posts, title, content) values ('Topic27', 'Board7', '2019-03-31 03:06:59', 'Member27', true, 0, 'The title of <Topic27>', 'The content of the topic <Topic27>');
insert into topic (id, board_id, date, author_id, publicly_available, nb_posts, title, content) values ('Topic28', 'Board8', '2019-03-30 04:07:59', 'Member28', true, 0, 'The title of <Topic28>', 'The content of the topic <Topic28>');
insert into topic (id, board_id, date, author_id, publicly_available, nb_posts, title, content) values ('Topic29', 'Board9', '2019-03-29 05:08:59', 'Member29', false, 0, 'The title of <Topic29>', 'The content of the topic <Topic29>');
insert into topic (id, board_id, date, author_id, publicly_available, nb_posts, title, content) values ('Topic30', 'Board10', '2019-03-28 06:09:59', 'Member30', true, 0, 'The title of <Topic30>', 'The content of the topic <Topic30>');
insert into topic (id, board_id, date, author_id, publicly_available, nb_posts, title, content) values ('Topic31', 'Board1', '2019-03-27 07:10:59', 'Member31', true, 0, 'The title of <Topic31>', 'The content of the topic <Topic31>');
insert into topic (id, board_id, date, author_id, publicly_available, nb_posts, title, content) values ('Topic32', 'Board2', '2019-03-26 08:11:59', 'Member32', true, 0, 'The title of <Topic32>', 'The content of the topic <Topic32>');
insert into topic (id, board_id, date, author_id, publicly_available, nb_posts, title, content) values ('Topic33', 'Board3', '2019-03-25 09:12:59', 'Member33', true, 0, 'The title of <Topic33>', 'The content of the topic <Topic33>');
insert into topic (id, board_id, date, author_id, publicly_available, nb_posts, title, content) values ('Topic34', 'Board4', '2019-03-24 10:13:59', 'Member34', true, 0, 'The title of <Topic34>', 'The content of the topic <Topic34>');
insert into topic (id, board_id, date, author_id, publicly_available, nb_posts, title, content) values ('Topic35', 'Board5', '2019-03-23 11:14:59', 'Member35', true, 0, 'The title of <Topic35>', 'The content of the topic <Topic35>');
insert into topic (id, board_id, date, author_id, publicly_available, nb_posts, title, content) values ('Topic36', 'Board6', '2019-03-22 12:15:59', 'Member36', true, 0, 'The title of <Topic36>', 'The content of the topic <Topic36>');
insert into topic (id, board_id, date, author_id, publicly_available, nb_posts, title, content) values ('Topic37', 'Board7', '2019-03-21 13:16:59', 'Member37', true, 0, 'The title of <Topic37>', 'The content of the topic <Topic37>');
insert into topic (id, board_id, date, author_id, publicly_available, nb_posts, title, content) values ('Topic38', 'Board8', '2019-03-20 14:17:59', 'Member38', true, 0, 'The title of <Topic38>', 'The content of the topic <Topic38>');
insert into topic (id, board_id, date, author_id, publicly_available, nb_posts, title, content) values ('Topic39', 'Board9', '2019-03-19 15:18:59', 'Member39', false, 0, 'The title of <Topic39>', 'The content of the topic <Topic39>');
insert into topic (id, board_id, date, author_id, publicly_available, nb_posts, title, content) values ('Topic40', 'Board10', '2019-03-18 16:19:59', 'Member40', true, 0, 'The title of <Topic40>', 'The content of the topic <Topic40>');
insert into topic (id, board_id, date, author_id, publicly_available, nb_posts, title, content) values ('Topic41', 'Board1', '2019-03-17 17:20:59', 'Member41', true, 0, 'The title of <Topic41>', 'The content of the topic <Topic41>');
insert into topic (id, board_id, date, author_id, publicly_available, nb_posts, title, content) values ('Topic42', 'Board2', '2019-03-16 18:21:59', 'Member42', true, 0, 'The title of <Topic42>', 'The content of the topic <Topic42>');
insert into topic (id, board_id, date, author_id, publicly_available, nb_posts, title, content) values ('Topic43', 'Board3', '2019-03-15 19:22:59', 'Member43', true, 0, 'The title of <Topic43>', 'The content of the topic <Topic43>');
insert into topic (id, board_id, date, author_id, publicly_available, nb_posts, title, content) values ('Topic44', 'Board4', '2019-03-14 20:23:59', 'Member44', true, 0, 'The title of <Topic44>', 'The content of the topic <Topic44>');
insert into post (id, topic_id, date, author_id, publicly_available, title, content) values ('Post1', 'Topic1', '2019-04-26 00:40:59', 'Member1', true, 'The title of <Post1>', 'The content of the topic <Post1>');
insert into post (id, topic_id, date, author_id, publicly_available, title, content) values ('Post2', 'Topic2', '2019-04-25 01:41:59', 'Member2', true, 'The title of <Post2>', 'The content of the topic <Post2>');
insert into post (id, topic_id, date, author_id, publicly_available, title, content) values ('Post3', 'Topic3', '2019-04-24 02:42:59', 'Member3', true, 'The title of <Post3>', 'The content of the topic <Post3>');
insert into post (id, topic_id, date, author_id, publicly_available, title, content) values ('Post4', 'Topic4', '2019-04-23 03:43:59', 'Member4', true, 'The title of <Post4>', 'The content of the topic <Post4>');
insert into post (id, topic_id, date, author_id, publicly_available, title, content) values ('Post5', 'Topic5', '2019-04-22 04:44:59', 'Member5', true, 'The title of <Post5>', 'The content of the topic <Post5>');
insert into post (id, topic_id, date, author_id, publicly_available, title, content) values ('Post6', 'Topic6', '2019-04-21 05:45:59', 'Member6', true, 'The title of <Post6>', 'The content of the topic <Post6>');
insert into post (id, topic_id, date, author_id, publicly_available, title, content) values ('Post7', 'Topic7', '2019-04-20 06:46:59', 'Member7', true, 'The title of <Post7>', 'The content of the topic <Post7>');
insert into post (id, topic_id, date, author_id, publicly_available, title, content) values ('Post8', 'Topic8', '2019-04-19 07:47:59', 'Member8', true, 'The title of <Post8>', 'The content of the topic <Post8>');
insert into post (id, topic_id, date, author_id, publicly_available, title, content) values ('Post9', 'Topic9', '2019-04-18 08:48:59', 'Member9', false, 'The title of <Post9>', 'The content of the topic <Post9>');
insert into post (id, topic_id, date, author_id, publicly_available, title, content) values ('Post10', 'Topic10', '2019-04-17 09:49:59', 'Member10', true, 'The title of <Post10>', 'The content of the topic <Post10>');
insert into post (id, topic_id, date, author_id, publicly_available, title, content) values ('Post11', 'Topic11', '2019-04-16 10:50:59', 'Member11', true, 'The title of <Post11>', 'The content of the topic <Post11>');
insert into post (id, topic_id, date, author_id, publicly_available, title, content) values ('Post12', 'Topic12', '2019-04-15 11:51:58', 'Member12', true, 'The title of <Post12>', 'The content of the topic <Post12>');
insert into post (id, topic_id, date, author_id, publicly_available, title, content) values ('Post13', 'Topic13', '2019-04-14 12:52:59', 'Member13', true, 'The title of <Post13>', 'The content of the topic <Post13>');
insert into post (id, topic_id, date, author_id, publicly_available, title, content) values ('Post14', 'Topic14', '2019-04-13 13:53:59', 'Member14', true, 'The title of <Post14>', 'The content of the topic <Post14>');
insert into post (id, topic_id, date, author_id, publicly_available, title, content) values ('Post15', 'Topic15', '2019-04-12 13:54:58', 'Member15', true, 'The title of <Post15>', 'The content of the topic <Post15>');
insert into post (id, topic_id, date, author_id, publicly_available, title, content) values ('Post16', 'Topic16', '2019-04-11 14:55:59', 'Member16', true, 'The title of <Post16>', 'The content of the topic <Post16>');
insert into post (id, topic_id, date, author_id, publicly_available, title, content) values ('Post17', 'Topic17', '2019-04-10 15:56:58', 'Member17', true, 'The title of <Post17>', 'The content of the topic <Post17>');
insert into post (id, topic_id, date, author_id, publicly_available, title, content) values ('Post18', 'Topic18', '2019-04-09 16:57:58', 'Member18', true, 'The title of <Post18>', 'The content of the topic <Post18>');
insert into post (id, topic_id, date, author_id, publicly_available, title, content) values ('Post19', 'Topic19', '2019-04-08 17:58:59', 'Member19', false, 'The title of <Post19>', 'The content of the topic <Post19>');
insert into post (id, topic_id, date, author_id, publicly_available, title, content) values ('Post20', 'Topic20', '2019-04-07 18:59:58', 'Member20', true, 'The title of <Post20>', 'The content of the topic <Post20>');
insert into post (id, topic_id, date, author_id, publicly_available, title, content) values ('Post21', 'Topic21', '2019-04-06 20:00:58', 'Member21', true, 'The title of <Post21>', 'The content of the topic <Post21>');
insert into post (id, topic_id, date, author_id, publicly_available, title, content) values ('Post22', 'Topic22', '2019-04-04 22:01:58', 'Member22', true, 'The title of <Post22>', 'The content of the topic <Post22>');
insert into post (id, topic_id, date, author_id, publicly_available, title, content) values ('Post23', 'Topic23', '2019-04-03 23:02:58', 'Member23', true, 'The title of <Post23>', 'The content of the topic <Post23>');
insert into post (id, topic_id, date, author_id, publicly_available, title, content) values ('Post24', 'Topic24', '2019-04-03 00:03:58', 'Member24', true, 'The title of <Post24>', 'The content of the topic <Post24>');
insert into post (id, topic_id, date, author_id, publicly_available, title, content) values ('Post25', 'Topic25', '2019-04-02 01:04:58', 'Member25', true, 'The title of <Post25>', 'The content of the topic <Post25>');
insert into post (id, topic_id, date, author_id, publicly_available, title, content) values ('Post26', 'Topic26', '2019-04-01 02:05:58', 'Member26', true, 'The title of <Post26>', 'The content of the topic <Post26>');
insert into post (id, topic_id, date, author_id, publicly_available, title, content) values ('Post27', 'Topic27', '2019-03-31 03:06:58', 'Member27', true, 'The title of <Post27>', 'The content of the topic <Post27>');
insert into post (id, topic_id, date, author_id, publicly_available, title, content) values ('Post28', 'Topic28', '2019-03-30 04:07:58', 'Member28', true, 'The title of <Post28>', 'The content of the topic <Post28>');
insert into post (id, topic_id, date, author_id, publicly_available, title, content) values ('Post29', 'Topic29', '2019-03-29 05:08:58', 'Member29', false, 'The title of <Post29>', 'The content of the topic <Post29>');
insert into post (id, topic_id, date, author_id, publicly_available, title, content) values ('Post30', 'Topic30', '2019-03-28 06:09:58', 'Member30', true, 'The title of <Post30>', 'The content of the topic <Post30>');
insert into post (id, topic_id, date, author_id, publicly_available, title, content) values ('Post31', 'Topic31', '2019-03-27 07:10:58', 'Member31', true, 'The title of <Post31>', 'The content of the topic <Post31>');
insert into post (id, topic_id, date, author_id, publicly_available, title, content) values ('Post32', 'Topic32', '2019-03-26 08:11:58', 'Member32', true, 'The title of <Post32>', 'The content of the topic <Post32>');
insert into post (id, topic_id, date, author_id, publicly_available, title, content) values ('Post33', 'Topic33', '2019-03-25 09:12:58', 'Member33', true, 'The title of <Post33>', 'The content of the topic <Post33>');
insert into post (id, topic_id, date, author_id, publicly_available, title, content) values ('Post34', 'Topic34', '2019-03-24 10:13:58', 'Member34', true, 'The title of <Post34>', 'The content of the topic <Post34>');
insert into post (id, topic_id, date, author_id, publicly_available, title, content) values ('Post35', 'Topic35', '2019-03-23 11:14:58', 'Member35', true, 'The title of <Post35>', 'The content of the topic <Post35>');
insert into post (id, topic_id, date, author_id, publicly_available, title, content) values ('Post36', 'Topic36', '2019-03-22 12:15:58', 'Member36', true, 'The title of <Post36>', 'The content of the topic <Post36>');
insert into post (id, topic_id, date, author_id, publicly_available, title, content) values ('Post37', 'Topic37', '2019-03-21 13:16:58', 'Member37', true, 'The title of <Post37>', 'The content of the topic <Post37>');
insert into post (id, topic_id, date, author_id, publicly_available, title, content) values ('Post38', 'Topic38', '2019-03-20 14:17:58', 'Member38', true, 'The title of <Post38>', 'The content of the topic <Post38>');
insert into post (id, topic_id, date, author_id, publicly_available, title, content) values ('Post39', 'Topic39', '2019-03-19 15:18:59', 'Member39', false, 'The title of <Post39>', 'The content of the topic <Post39>');
insert into post (id, topic_id, date, author_id, publicly_available, title, content) values ('Post40', 'Topic40', '2019-03-18 16:19:58', 'Member40', true, 'The title of <Post40>', 'The content of the topic <Post40>');
insert into post (id, topic_id, date, author_id, publicly_available, title, content) values ('Post41', 'Topic41', '2019-03-17 17:20:58', 'Member41', true, 'The title of <Post41>', 'The content of the topic <Post41>');
insert into post (id, topic_id, date, author_id, publicly_available, title, content) values ('Post42', 'Topic42', '2019-03-16 18:21:59', 'Member42', true, 'The title of <Post42>', 'The content of the topic <Post42>');
insert into post (id, topic_id, date, author_id, publicly_available, title, content) values ('Post43', 'Topic43', '2019-03-15 19:22:58', 'Member43', true, 'The title of <Post43>', 'The content of the topic <Post43>');
insert into post (id, topic_id, date, author_id, publicly_available, title, content) values ('Post44', 'Topic44', '2019-03-14 20:23:58', 'Member44', true, 'The title of <Post44>', 'The content of the topic <Post44>');
insert into post (id, topic_id, date, author_id, publicly_available, title, content) values ('Post45', 'Topic1', '2019-03-12 22:24:59', 'Member1', true, 'The title of <Post45>', 'The content of the topic <Post45>');
insert into post (id, topic_id, date, author_id, publicly_available, title, content) values ('Post46', 'Topic2', '2019-03-11 23:25:58', 'Member2', true, 'The title of <Post46>', 'The content of the topic <Post46>');
insert into post (id, topic_id, date, author_id, publicly_available, title, content) values ('Post47', 'Topic3', '2019-03-11 00:26:59', 'Member3', true, 'The title of <Post47>', 'The content of the topic <Post47>');
insert into post (id, topic_id, date, author_id, publicly_available, title, content) values ('Post48', 'Topic4', '2019-03-10 01:27:59', 'Member4', true, 'The title of <Post48>', 'The content of the topic <Post48>');
insert into post (id, topic_id, date, author_id, publicly_available, title, content) values ('Post49', 'Topic5', '2019-03-09 02:28:58', 'Member5', false, 'The title of <Post49>', 'The content of the topic <Post49>');
insert into post (id, topic_id, date, author_id, publicly_available, title, content) values ('Post50', 'Topic6', '2019-03-08 03:29:58', 'Member6', true, 'The title of <Post50>', 'The content of the topic <Post50>');
insert into post (id, topic_id, date, author_id, publicly_available, title, content) values ('Post51', 'Topic7', '2019-03-07 04:30:58', 'Member7', true, 'The title of <Post51>', 'The content of the topic <Post51>');
insert into post (id, topic_id, date, author_id, publicly_available, title, content) values ('Post52', 'Topic8', '2019-03-06 05:31:58', 'Member8', true, 'The title of <Post52>', 'The content of the topic <Post52>');
insert into post (id, topic_id, date, author_id, publicly_available, title, content) values ('Post53', 'Topic9', '2019-03-05 06:32:58', 'Member9', true, 'The title of <Post53>', 'The content of the topic <Post53>');
insert into post (id, topic_id, date, author_id, publicly_available, title, content) values ('Post54', 'Topic10', '2019-03-04 07:33:58', 'Member10', true, 'The title of <Post54>', 'The content of the topic <Post54>');
insert into post (id, topic_id, date, author_id, publicly_available, title, content) values ('Post55', 'Topic11', '2019-03-03 08:34:58', 'Member11', true, 'The title of <Post55>', 'The content of the topic <Post55>');
insert into post (id, topic_id, date, author_id, publicly_available, title, content) values ('Post56', 'Topic12', '2019-03-02 09:35:58', 'Member12', true, 'The title of <Post56>', 'The content of the topic <Post56>');
insert into post (id, topic_id, date, author_id, publicly_available, title, content) values ('Post57', 'Topic13', '2019-03-01 10:36:58', 'Member13', true, 'The title of <Post57>', 'The content of the topic <Post57>');
insert into post (id, topic_id, date, author_id, publicly_available, title, content) values ('Post58', 'Topic14', '2019-02-28 11:37:58', 'Member14', true, 'The title of <Post58>', 'The content of the topic <Post58>');
insert into post (id, topic_id, date, author_id, publicly_available, title, content) values ('Post59', 'Topic15', '2019-02-27 12:38:58', 'Member15', false, 'The title of <Post59>', 'The content of the topic <Post59>');
insert into post (id, topic_id, date, author_id, publicly_available, title, content) values ('Post60', 'Topic16', '2019-02-26 13:39:58', 'Member16', true, 'The title of <Post60>', 'The content of the topic <Post60>');
insert into post (id, topic_id, date, author_id, publicly_available, title, content) values ('Post61', 'Topic17', '2019-02-25 14:40:58', 'Member17', true, 'The title of <Post61>', 'The content of the topic <Post61>');
insert into post (id, topic_id, date, author_id, publicly_available, title, content) values ('Post62', 'Topic18', '2019-02-24 15:41:58', 'Member18', true, 'The title of <Post62>', 'The content of the topic <Post62>');
insert into post (id, topic_id, date, author_id, publicly_available, title, content) values ('Post63', 'Topic19', '2019-02-23 16:42:58', 'Member19', true, 'The title of <Post63>', 'The content of the topic <Post63>');
insert into post (id, topic_id, date, author_id, publicly_available, title, content) values ('Post64', 'Topic20', '2019-02-22 17:43:58', 'Member20', true, 'The title of <Post64>', 'The content of the topic <Post64>');
insert into post (id, topic_id, date, author_id, publicly_available, title, content) values ('Post65', 'Topic21', '2019-02-21 18:44:58', 'Member21', true, 'The title of <Post65>', 'The content of the topic <Post65>');
insert into post (id, topic_id, date, author_id, publicly_available, title, content) values ('Post66', 'Topic22', '2019-02-20 19:45:58', 'Member22', true, 'The title of <Post66>', 'The content of the topic <Post66>');
insert into post (id, topic_id, date, author_id, publicly_available, title, content) values ('Post67', 'Topic23', '2019-02-19 20:46:58', 'Member23', true, 'The title of <Post67>', 'The content of the topic <Post67>');
insert into post (id, topic_id, date, author_id, publicly_available, title, content) values ('Post68', 'Topic24', '2019-02-17 22:47:59', 'Member24', true, 'The title of <Post68>', 'The content of the topic <Post68>');
insert into post (id, topic_id, date, author_id, publicly_available, title, content) values ('Post69', 'Topic25', '2019-02-16 23:48:58', 'Member25', false, 'The title of <Post69>', 'The content of the topic <Post69>');
insert into post (id, topic_id, date, author_id, publicly_available, title, content) values ('Post70', 'Topic26', '2019-02-16 00:49:59', 'Member26', true, 'The title of <Post70>', 'The content of the topic <Post70>');
insert into post (id, topic_id, date, author_id, publicly_available, title, content) values ('Post71', 'Topic27', '2019-02-15 01:50:59', 'Member27', true, 'The title of <Post71>', 'The content of the topic <Post71>');
insert into post (id, topic_id, date, author_id, publicly_available, title, content) values ('Post72', 'Topic28', '2019-02-14 02:51:58', 'Member28', true, 'The title of <Post72>', 'The content of the topic <Post72>');
insert into post (id, topic_id, date, author_id, publicly_available, title, content) values ('Post73', 'Topic29', '2019-02-13 03:52:59', 'Member29', true, 'The title of <Post73>', 'The content of the topic <Post73>');
insert into post (id, topic_id, date, author_id, publicly_available, title, content) values ('Post74', 'Topic30', '2019-02-12 04:53:59', 'Member30', true, 'The title of <Post74>', 'The content of the topic <Post74>');
insert into post (id, topic_id, date, author_id, publicly_available, title, content) values ('Post75', 'Topic31', '2019-02-11 04:54:58', 'Member31', true, 'The title of <Post75>', 'The content of the topic <Post75>');
insert into post (id, topic_id, date, author_id, publicly_available, title, content) values ('Post76', 'Topic32', '2019-02-10 05:55:59', 'Member32', true, 'The title of <Post76>', 'The content of the topic <Post76>');
insert into post (id, topic_id, date, author_id, publicly_available, title, content) values ('Post77', 'Topic33', '2019-02-09 06:56:58', 'Member33', true, 'The title of <Post77>', 'The content of the topic <Post77>');
insert into post (id, topic_id, date, author_id, publicly_available, title, content) values ('Post78', 'Topic34', '2019-02-08 07:57:58', 'Member34', true, 'The title of <Post78>', 'The content of the topic <Post78>');
insert into post (id, topic_id, date, author_id, publicly_available, title, content) values ('Post79', 'Topic35', '2019-02-07 08:58:59', 'Member35', false, 'The title of <Post79>', 'The content of the topic <Post79>');
insert into post (id, topic_id, date, author_id, publicly_available, title, content) values ('Post80', 'Topic36', '2019-02-06 09:59:58', 'Member36', true, 'The title of <Post80>', 'The content of the topic <Post80>');
insert into post (id, topic_id, date, author_id, publicly_available, title, content) values ('Post81', 'Topic37', '2019-02-05 11:00:58', 'Member37', true, 'The title of <Post81>', 'The content of the topic <Post81>');
insert into post (id, topic_id, date, author_id, publicly_available, title, content) values ('Post82', 'Topic38', '2019-02-04 12:01:59', 'Member38', true, 'The title of <Post82>', 'The content of the topic <Post82>');
insert into post (id, topic_id, date, author_id, publicly_available, title, content) values ('Post83', 'Topic39', '2019-02-03 13:02:59', 'Member39', true, 'The title of <Post83>', 'The content of the topic <Post83>');
insert into post (id, topic_id, date, author_id, publicly_available, title, content) values ('Post84', 'Topic40', '2019-02-02 14:03:58', 'Member40', true, 'The title of <Post84>', 'The content of the topic <Post84>');
insert into post (id, topic_id, date, author_id, publicly_available, title, content) values ('Post85', 'Topic41', '2019-02-01 15:04:59', 'Member41', true, 'The title of <Post85>', 'The content of the topic <Post85>');
insert into post (id, topic_id, date, author_id, publicly_available, title, content) values ('Post86', 'Topic42', '2019-01-31 16:05:59', 'Member42', true, 'The title of <Post86>', 'The content of the topic <Post86>');
insert into post (id, topic_id, date, author_id, publicly_available, title, content) values ('Post87', 'Topic43', '2019-01-30 17:06:58', 'Member43', true, 'The title of <Post87>', 'The content of the topic <Post87>');
insert into post (id, topic_id, date, author_id, publicly_available, title, content) values ('Post88', 'Topic44', '2019-01-29 18:07:59', 'Member44', true, 'The title of <Post88>', 'The content of the topic <Post88>');
insert into post (id, topic_id, date, author_id, publicly_available, title, content) values ('Post89', 'Topic1', '2019-01-28 19:08:59', 'Member1', false, 'The title of <Post89>', 'The content of the topic <Post89>');
insert into post (id, topic_id, date, author_id, publicly_available, title, content) values ('Post90', 'Topic2', '2019-01-27 20:09:58', 'Member2', true, 'The title of <Post90>', 'The content of the topic <Post90>');
insert into post (id, topic_id, date, author_id, publicly_available, title, content) values ('Post91', 'Topic3', '2019-01-25 22:10:58', 'Member3', true, 'The title of <Post91>', 'The content of the topic <Post91>');
insert into post (id, topic_id, date, author_id, publicly_available, title, content) values ('Post92', 'Topic4', '2019-01-24 23:11:58', 'Member4', true, 'The title of <Post92>', 'The content of the topic <Post92>');
insert into post (id, topic_id, date, author_id, publicly_available, title, content) values ('Post93', 'Topic5', '2019-01-24 00:12:58', 'Member5', true, 'The title of <Post93>', 'The content of the topic <Post93>');
insert into post (id, topic_id, date, author_id, publicly_available, title, content) values ('Post94', 'Topic6', '2019-01-23 01:13:58', 'Member6', true, 'The title of <Post94>', 'The content of the topic <Post94>');
insert into post (id, topic_id, date, author_id, publicly_available, title, content) values ('Post95', 'Topic7', '2019-01-22 02:14:58', 'Member7', true, 'The title of <Post95>', 'The content of the topic <Post95>');
insert into post (id, topic_id, date, author_id, publicly_available, title, content) values ('Post96', 'Topic8', '2019-01-21 03:15:58', 'Member8', true, 'The title of <Post96>', 'The content of the topic <Post96>');
insert into post (id, topic_id, date, author_id, publicly_available, title, content) values ('Post97', 'Topic9', '2019-01-20 04:16:58', 'Member9', true, 'The title of <Post97>', 'The content of the topic <Post97>');
insert into post (id, topic_id, date, author_id, publicly_available, title, content) values ('Post98', 'Topic10', '2019-01-19 05:17:58', 'Member10', true, 'The title of <Post98>', 'The content of the topic <Post98>');
insert into post (id, topic_id, date, author_id, publicly_available, title, content) values ('Post99', 'Topic11', '2019-01-18 06:18:59', 'Member11', false, 'The title of <Post99>', 'The content of the topic <Post99>');
insert into post (id, topic_id, date, author_id, publicly_available, title, content) values ('Post100', 'Topic12', '2019-01-17 07:19:58', 'Member12', true, 'The title of <Post100>', 'The content of the topic <Post100>');
insert into post (id, topic_id, date, author_id, publicly_available, title, content) values ('Post101', 'Topic13', '2019-01-16 08:20:58', 'Member13', true, 'The title of <Post101>', 'The content of the topic <Post101>');
insert into post (id, topic_id, date, author_id, publicly_available, title, content) values ('Post102', 'Topic14', '2019-01-15 09:21:59', 'Member14', true, 'The title of <Post102>', 'The content of the topic <Post102>');
insert into post (id, topic_id, date, author_id, publicly_available, title, content) values ('Post103', 'Topic15', '2019-01-14 10:22:58', 'Member15', true, 'The title of <Post103>', 'The content of the topic <Post103>');
insert into post (id, topic_id, date, author_id, publicly_available, title, content) values ('Post104', 'Topic16', '2019-01-13 11:23:58', 'Member16', true, 'The title of <Post104>', 'The content of the topic <Post104>');
insert into post (id, topic_id, date, author_id, publicly_available, title, content) values ('Post105', 'Topic17', '2019-01-12 12:24:59', 'Member17', true, 'The title of <Post105>', 'The content of the topic <Post105>');
insert into post (id, topic_id, date, author_id, publicly_available, title, content) values ('Post106', 'Topic18', '2019-01-11 13:25:58', 'Member18', true, 'The title of <Post106>', 'The content of the topic <Post106>');
insert into post (id, topic_id, date, author_id, publicly_available, title, content) values ('Post107', 'Topic19', '2019-01-10 14:26:58', 'Member19', true, 'The title of <Post107>', 'The content of the topic <Post107>');
insert into post (id, topic_id, date, author_id, publicly_available, title, content) values ('Post108', 'Topic20', '2019-01-09 15:27:59', 'Member20', true, 'The title of <Post108>', 'The content of the topic <Post108>');
insert into post (id, topic_id, date, author_id, publicly_available, title, content) values ('Post109', 'Topic21', '2019-01-08 16:28:58', 'Member21', false, 'The title of <Post109>', 'The content of the topic <Post109>');
insert into post (id, topic_id, date, author_id, publicly_available, title, content) values ('Post110', 'Topic22', '2019-01-07 17:29:58', 'Member22', true, 'The title of <Post110>', 'The content of the topic <Post110>');
insert into post (id, topic_id, date, author_id, publicly_available, title, content) values ('Post111', 'Topic23', '2019-01-06 18:30:59', 'Member23', true, 'The title of <Post111>', 'The content of the topic <Post111>');
insert into post (id, topic_id, date, author_id, publicly_available, title, content) values ('Post112', 'Topic24', '2019-01-05 19:31:58', 'Member24', true, 'The title of <Post112>', 'The content of the topic <Post112>');
insert into post (id, topic_id, date, author_id, publicly_available, title, content) values ('Post113', 'Topic25', '2019-01-04 20:32:58', 'Member25', true, 'The title of <Post113>', 'The content of the topic <Post113>');
insert into post (id, topic_id, date, author_id, publicly_available, title, content) values ('Post114', 'Topic26', '2019-01-02 22:33:58', 'Member26', true, 'The title of <Post114>', 'The content of the topic <Post114>');
insert into post (id, topic_id, date, author_id, publicly_available, title, content) values ('Post115', 'Topic27', '2019-01-01 23:34:58', 'Member27', true, 'The title of <Post115>', 'The content of the topic <Post115>');
insert into post (id, topic_id, date, author_id, publicly_available, title, content) values ('Post116', 'Topic28', '2019-01-01 00:35:58', 'Member28', true, 'The title of <Post116>', 'The content of the topic <Post116>');
insert into post (id, topic_id, date, author_id, publicly_available, title, content) values ('Post117', 'Topic29', '2018-12-31 01:36:58', 'Member29', true, 'The title of <Post117>', 'The content of the topic <Post117>');
insert into post (id, topic_id, date, author_id, publicly_available, title, content) values ('Post118', 'Topic30', '2018-12-30 02:37:58', 'Member30', true, 'The title of <Post118>', 'The content of the topic <Post118>');
insert into post (id, topic_id, date, author_id, publicly_available, title, content) values ('Post119', 'Topic31', '2018-12-29 03:38:58', 'Member31', false, 'The title of <Post119>', 'The content of the topic <Post119>');
insert into post (id, topic_id, date, author_id, publicly_available, title, content) values ('Post120', 'Topic32', '2018-12-28 04:39:58', 'Member32', true, 'The title of <Post120>', 'The content of the topic <Post120>');
insert into post (id, topic_id, date, author_id, publicly_available, title, content) values ('Post121', 'Topic33', '2018-12-27 05:40:58', 'Member33', true, 'The title of <Post121>', 'The content of the topic <Post121>');
insert into post (id, topic_id, date, author_id, publicly_available, title, content) values ('Post122', 'Topic34', '2018-12-26 06:41:58', 'Member34', true, 'The title of <Post122>', 'The content of the topic <Post122>');
insert into post (id, topic_id, date, author_id, publicly_available, title, content) values ('Post123', 'Topic35', '2018-12-25 07:42:58', 'Member35', true, 'The title of <Post123>', 'The content of the topic <Post123>');
insert into post (id, topic_id, date, author_id, publicly_available, title, content) values ('Post124', 'Topic36', '2018-12-24 08:43:58', 'Member36', true, 'The title of <Post124>', 'The content of the topic <Post124>');
insert into post (id, topic_id, date, author_id, publicly_available, title, content) values ('Post125', 'Topic37', '2018-12-23 09:44:58', 'Member37', true, 'The title of <Post125>', 'The content of the topic <Post125>');
insert into post (id, topic_id, date, author_id, publicly_available, title, content) values ('Post126', 'Topic38', '2018-12-22 10:45:58', 'Member38', true, 'The title of <Post126>', 'The content of the topic <Post126>');
insert into post (id, topic_id, date, author_id, publicly_available, title, content) values ('Post127', 'Topic39', '2018-12-21 11:46:58', 'Member39', true, 'The title of <Post127>', 'The content of the topic <Post127>');
insert into post (id, topic_id, date, author_id, publicly_available, title, content) values ('Post128', 'Topic40', '2018-12-20 12:47:59', 'Member40', true, 'The title of <Post128>', 'The content of the topic <Post128>');
insert into post (id, topic_id, date, author_id, publicly_available, title, content) values ('Post129', 'Topic41', '2018-12-19 13:48:58', 'Member41', false, 'The title of <Post129>', 'The content of the topic <Post129>');
insert into post (id, topic_id, date, author_id, publicly_available, title, content) values ('Post130', 'Topic42', '2018-12-18 14:49:58', 'Member42', true, 'The title of <Post130>', 'The content of the topic <Post130>');
insert into post (id, topic_id, date, author_id, publicly_available, title, content) values ('Post131', 'Topic43', '2018-12-17 15:50:59', 'Member43', true, 'The title of <Post131>', 'The content of the topic <Post131>');
insert into post (id, topic_id, date, author_id, publicly_available, title, content) values ('Post132', 'Topic44', '2018-12-16 16:51:58', 'Member44', true, 'The title of <Post132>', 'The content of the topic <Post132>');
insert into post (id, topic_id, date, author_id, publicly_available, title, content) values ('Post133', 'Topic1', '2018-12-15 17:52:58', 'Member1', true, 'The title of <Post133>', 'The content of the topic <Post133>');
insert into post (id, topic_id, date, author_id, publicly_available, title, content) values ('Post134', 'Topic2', '2018-12-14 18:53:59', 'Member2', true, 'The title of <Post134>', 'The content of the topic <Post134>');
insert into post (id, topic_id, date, author_id, publicly_available, title, content) values ('Post135', 'Topic3', '2018-12-13 18:54:58', 'Member3', true, 'The title of <Post135>', 'The content of the topic <Post135>');
insert into post (id, topic_id, date, author_id, publicly_available, title, content) values ('Post136', 'Topic4', '2018-12-12 19:55:58', 'Member4', true, 'The title of <Post136>', 'The content of the topic <Post136>');
insert into post (id, topic_id, date, author_id, publicly_available, title, content) values ('Post137', 'Topic5', '2018-12-10 21:56:58', 'Member5', true, 'The title of <Post137>', 'The content of the topic <Post137>');
insert into post (id, topic_id, date, author_id, publicly_available, title, content) values ('Post138', 'Topic6', '2018-12-09 22:57:58', 'Member6', true, 'The title of <Post138>', 'The content of the topic <Post138>');
insert into post (id, topic_id, date, author_id, publicly_available, title, content) values ('Post139', 'Topic7', '2018-12-08 23:58:59', 'Member7', false, 'The title of <Post139>', 'The content of the topic <Post139>');
insert into post (id, topic_id, date, author_id, publicly_available, title, content) values ('Post140', 'Topic8', '2018-12-08 00:59:58', 'Member8', true, 'The title of <Post140>', 'The content of the topic <Post140>');
insert into post (id, topic_id, date, author_id, publicly_available, title, content) values ('Post141', 'Topic9', '2018-12-07 02:00:58', 'Member9', true, 'The title of <Post141>', 'The content of the topic <Post141>');
insert into post (id, topic_id, date, author_id, publicly_available, title, content) values ('Post142', 'Topic10', '2018-12-06 03:01:59', 'Member10', true, 'The title of <Post142>', 'The content of the topic <Post142>');
insert into post (id, topic_id, date, author_id, publicly_available, title, content) values ('Post143', 'Topic11', '2018-12-05 04:02:59', 'Member11', true, 'The title of <Post143>', 'The content of the topic <Post143>');
insert into post (id, topic_id, date, author_id, publicly_available, title, content) values ('Post144', 'Topic12', '2018-12-04 05:03:58', 'Member12', true, 'The title of <Post144>', 'The content of the topic <Post144>');
insert into post (id, topic_id, date, author_id, publicly_available, title, content) values ('Post145', 'Topic13', '2018-12-03 06:04:59', 'Member13', true, 'The title of <Post145>', 'The content of the topic <Post145>');
insert into post (id, topic_id, date, author_id, publicly_available, title, content) values ('Post146', 'Topic14', '2018-12-02 07:05:59', 'Member14', true, 'The title of <Post146>', 'The content of the topic <Post146>');
insert into post (id, topic_id, date, author_id, publicly_available, title, content) values ('Post147', 'Topic15', '2018-12-01 08:06:58', 'Member15', true, 'The title of <Post147>', 'The content of the topic <Post147>');
insert into post (id, topic_id, date, author_id, publicly_available, title, content) values ('Post148', 'Topic16', '2018-11-30 09:07:59', 'Member16', true, 'The title of <Post148>', 'The content of the topic <Post148>');
insert into post (id, topic_id, date, author_id, publicly_available, title, content) values ('Post149', 'Topic17', '2018-11-29 10:08:59', 'Member17', false, 'The title of <Post149>', 'The content of the topic <Post149>');
insert into post (id, topic_id, date, author_id, publicly_available, title, content) values ('Post150', 'Topic18', '2018-11-28 11:09:58', 'Member18', true, 'The title of <Post150>', 'The content of the topic <Post150>');
insert into post (id, topic_id, date, author_id, publicly_available, title, content) values ('Post151', 'Topic19', '2018-11-27 12:10:59', 'Member19', true, 'The title of <Post151>', 'The content of the topic <Post151>');
insert into post (id, topic_id, date, author_id, publicly_available, title, content) values ('Post152', 'Topic20', '2018-11-26 13:11:59', 'Member20', true, 'The title of <Post152>', 'The content of the topic <Post152>');
insert into post (id, topic_id, date, author_id, publicly_available, title, content) values ('Post153', 'Topic21', '2018-11-25 14:12:58', 'Member21', true, 'The title of <Post153>', 'The content of the topic <Post153>');
insert into post (id, topic_id, date, author_id, publicly_available, title, content) values ('Post154', 'Topic22', '2018-11-24 15:13:58', 'Member22', true, 'The title of <Post154>', 'The content of the topic <Post154>');
insert into post (id, topic_id, date, author_id, publicly_available, title, content) values ('Post155', 'Topic23', '2018-11-23 16:14:58', 'Member23', true, 'The title of <Post155>', 'The content of the topic <Post155>');
insert into post (id, topic_id, date, author_id, publicly_available, title, content) values ('Post156', 'Topic24', '2018-11-22 17:15:58', 'Member24', true, 'The title of <Post156>', 'The content of the topic <Post156>');
insert into post (id, topic_id, date, author_id, publicly_available, title, content) values ('Post157', 'Topic25', '2018-11-21 18:16:58', 'Member25', true, 'The title of <Post157>', 'The content of the topic <Post157>');
insert into post (id, topic_id, date, author_id, publicly_available, title, content) values ('Post158', 'Topic26', '2018-11-20 19:17:58', 'Member26', true, 'The title of <Post158>', 'The content of the topic <Post158>');
insert into post (id, topic_id, date, author_id, publicly_available, title, content) values ('Post159', 'Topic27', '2018-11-19 20:18:58', 'Member27', false, 'The title of <Post159>', 'The content of the topic <Post159>');
insert into post (id, topic_id, date, author_id, publicly_available, title, content) values ('Post160', 'Topic28', '2018-11-17 22:19:58', 'Member28', true, 'The title of <Post160>', 'The content of the topic <Post160>');
insert into post (id, topic_id, date, author_id, publicly_available, title, content) values ('Post161', 'Topic29', '2018-11-16 23:20:58', 'Member29', true, 'The title of <Post161>', 'The content of the topic <Post161>');
insert into post (id, topic_id, date, author_id, publicly_available, title, content) values ('Post162', 'Topic30', '2018-11-16 00:21:59', 'Member30', true, 'The title of <Post162>', 'The content of the topic <Post162>');
insert into post (id, topic_id, date, author_id, publicly_available, title, content) values ('Post163', 'Topic31', '2018-11-15 01:22:58', 'Member31', true, 'The title of <Post163>', 'The content of the topic <Post163>');
insert into post (id, topic_id, date, author_id, publicly_available, title, content) values ('Post164', 'Topic32', '2018-11-14 02:23:58', 'Member32', true, 'The title of <Post164>', 'The content of the topic <Post164>');
insert into post (id, topic_id, date, author_id, publicly_available, title, content) values ('Post165', 'Topic33', '2018-11-13 03:24:59', 'Member33', true, 'The title of <Post165>', 'The content of the topic <Post165>');
insert into post (id, topic_id, date, author_id, publicly_available, title, content) values ('Post166', 'Topic34', '2018-11-12 04:25:58', 'Member34', true, 'The title of <Post166>', 'The content of the topic <Post166>');
insert into post (id, topic_id, date, author_id, publicly_available, title, content) values ('Post167', 'Topic35', '2018-11-11 05:26:58', 'Member35', true, 'The title of <Post167>', 'The content of the topic <Post167>');
insert into post (id, topic_id, date, author_id, publicly_available, title, content) values ('Post168', 'Topic36', '2018-11-10 06:27:59', 'Member36', true, 'The title of <Post168>', 'The content of the topic <Post168>');
insert into post (id, topic_id, date, author_id, publicly_available, title, content) values ('Post169', 'Topic37', '2018-11-09 07:28:58', 'Member37', false, 'The title of <Post169>', 'The content of the topic <Post169>');
insert into post (id, topic_id, date, author_id, publicly_available, title, content) values ('Post170', 'Topic38', '2018-11-08 08:29:58', 'Member38', true, 'The title of <Post170>', 'The content of the topic <Post170>');
insert into post (id, topic_id, date, author_id, publicly_available, title, content) values ('Post171', 'Topic39', '2018-11-07 09:30:59', 'Member39', true, 'The title of <Post171>', 'The content of the topic <Post171>');
insert into post (id, topic_id, date, author_id, publicly_available, title, content) values ('Post172', 'Topic40', '2018-11-06 10:31:58', 'Member40', true, 'The title of <Post172>', 'The content of the topic <Post172>');
insert into post (id, topic_id, date, author_id, publicly_available, title, content) values ('Post173', 'Topic41', '2018-11-05 11:32:58', 'Member41', true, 'The title of <Post173>', 'The content of the topic <Post173>');
insert into post (id, topic_id, date, author_id, publicly_available, title, content) values ('Post174', 'Topic42', '2018-11-04 12:33:59', 'Member42', true, 'The title of <Post174>', 'The content of the topic <Post174>');
insert into post (id, topic_id, date, author_id, publicly_available, title, content) values ('Post175', 'Topic43', '2018-11-03 13:34:59', 'Member43', true, 'The title of <Post175>', 'The content of the topic <Post175>');
insert into post (id, topic_id, date, author_id, publicly_available, title, content) values ('Post176', 'Topic44', '2018-11-02 14:35:58', 'Member44', true, 'The title of <Post176>', 'The content of the topic <Post176>');
insert into post (id, topic_id, date, author_id, publicly_available, title, content) values ('Post177', 'Topic1', '2018-11-01 15:36:59', 'Member1', true, 'The title of <Post177>', 'The content of the topic <Post177>');
insert into post (id, topic_id, date, author_id, publicly_available, title, content) values ('Post178', 'Topic2', '2018-10-31 16:37:59', 'Member2', true, 'The title of <Post178>', 'The content of the topic <Post178>');
insert into post (id, topic_id, date, author_id, publicly_available, title, content) values ('Post179', 'Topic3', '2018-10-30 17:38:58', 'Member3', false, 'The title of <Post179>', 'The content of the topic <Post179>');
insert into post (id, topic_id, date, author_id, publicly_available, title, content) values ('Post180', 'Topic4', '2018-10-29 18:39:59', 'Member4', true, 'The title of <Post180>', 'The content of the topic <Post180>');
insert into post (id, topic_id, date, author_id, publicly_available, title, content) values ('Post181', 'Topic5', '2018-10-28 19:40:59', 'Member5', true, 'The title of <Post181>', 'The content of the topic <Post181>');
insert into post (id, topic_id, date, author_id, publicly_available, title, content) values ('Post182', 'Topic6', '2018-10-27 20:41:58', 'Member6', true, 'The title of <Post182>', 'The content of the topic <Post182>');
insert into post (id, topic_id, date, author_id, publicly_available, title, content) values ('Post183', 'Topic7', '2018-10-25 22:42:58', 'Member7', true, 'The title of <Post183>', 'The content of the topic <Post183>');
insert into post (id, topic_id, date, author_id, publicly_available, title, content) values ('Post184', 'Topic8', '2018-10-24 23:43:58', 'Member8', true, 'The title of <Post184>', 'The content of the topic <Post184>');
insert into post (id, topic_id, date, author_id, publicly_available, title, content) values ('Post185', 'Topic9', '2018-10-24 00:44:58', 'Member9', true, 'The title of <Post185>', 'The content of the topic <Post185>');
insert into post (id, topic_id, date, author_id, publicly_available, title, content) values ('Post186', 'Topic10', '2018-10-23 01:45:58', 'Member10', true, 'The title of <Post186>', 'The content of the topic <Post186>');
insert into post (id, topic_id, date, author_id, publicly_available, title, content) values ('Post187', 'Topic11', '2018-10-22 02:46:58', 'Member11', true, 'The title of <Post187>', 'The content of the topic <Post187>');
insert into post (id, topic_id, date, author_id, publicly_available, title, content) values ('Post188', 'Topic12', '2018-10-21 03:47:59', 'Member12', true, 'The title of <Post188>', 'The content of the topic <Post188>');
insert into post (id, topic_id, date, author_id, publicly_available, title, content) values ('Post189', 'Topic13', '2018-10-20 04:48:58', 'Member13', false, 'The title of <Post189>', 'The content of the topic <Post189>');
insert into post (id, topic_id, date, author_id, publicly_available, title, content) values ('Post190', 'Topic14', '2018-10-19 05:49:58', 'Member14', true, 'The title of <Post190>', 'The content of the topic <Post190>');
insert into post (id, topic_id, date, author_id, publicly_available, title, content) values ('Post191', 'Topic15', '2018-10-18 06:50:59', 'Member15', true, 'The title of <Post191>', 'The content of the topic <Post191>');
insert into post (id, topic_id, date, author_id, publicly_available, title, content) values ('Post192', 'Topic16', '2018-10-17 07:51:58', 'Member16', true, 'The title of <Post192>', 'The content of the topic <Post192>');
insert into post (id, topic_id, date, author_id, publicly_available, title, content) values ('Post193', 'Topic17', '2018-10-16 08:52:58', 'Member17', true, 'The title of <Post193>', 'The content of the topic <Post193>');
insert into post (id, topic_id, date, author_id, publicly_available, title, content) values ('Post194', 'Topic18', '2018-10-15 09:53:59', 'Member18', true, 'The title of <Post194>', 'The content of the topic <Post194>');
insert into post (id, topic_id, date, author_id, publicly_available, title, content) values ('Post195', 'Topic19', '2018-10-14 09:54:58', 'Member19', true, 'The title of <Post195>', 'The content of the topic <Post195>');
insert into post (id, topic_id, date, author_id, publicly_available, title, content) values ('Post196', 'Topic20', '2018-10-13 10:55:58', 'Member20', true, 'The title of <Post196>', 'The content of the topic <Post196>');
insert into post (id, topic_id, date, author_id, publicly_available, title, content) values ('Post197', 'Topic21', '2018-10-12 11:56:58', 'Member21', true, 'The title of <Post197>', 'The content of the topic <Post197>');
insert into post (id, topic_id, date, author_id, publicly_available, title, content) values ('Post198', 'Topic22', '2018-10-11 12:57:58', 'Member22', true, 'The title of <Post198>', 'The content of the topic <Post198>');
insert into post (id, topic_id, date, author_id, publicly_available, title, content) values ('Post199', 'Topic23', '2018-10-10 13:58:58', 'Member23', false, 'The title of <Post199>', 'The content of the topic <Post199>');
insert into post (id, topic_id, date, author_id, publicly_available, title, content) values ('Post200', 'Topic24', '2018-10-09 14:59:58', 'Member24', true, 'The title of <Post200>', 'The content of the topic <Post200>');
insert into post (id, topic_id, date, author_id, publicly_available, title, content) values ('Post201', 'Topic25', '2018-10-08 16:00:58', 'Member25', true, 'The title of <Post201>', 'The content of the topic <Post201>');
insert into post (id, topic_id, date, author_id, publicly_available, title, content) values ('Post202', 'Topic26', '2018-10-07 17:01:58', 'Member26', true, 'The title of <Post202>', 'The content of the topic <Post202>');
insert into post (id, topic_id, date, author_id, publicly_available, title, content) values ('Post203', 'Topic27', '2018-10-06 18:02:59', 'Member27', true, 'The title of <Post203>', 'The content of the topic <Post203>');
insert into post (id, topic_id, date, author_id, publicly_available, title, content) values ('Post204', 'Topic28', '2018-10-05 19:03:58', 'Member28', true, 'The title of <Post204>', 'The content of the topic <Post204>');
insert into post (id, topic_id, date, author_id, publicly_available, title, content) values ('Post205', 'Topic29', '2018-10-04 20:04:58', 'Member29', true, 'The title of <Post205>', 'The content of the topic <Post205>');
insert into post (id, topic_id, date, author_id, publicly_available, title, content) values ('Post206', 'Topic30', '2018-10-02 22:05:59', 'Member30', true, 'The title of <Post206>', 'The content of the topic <Post206>');
insert into post (id, topic_id, date, author_id, publicly_available, title, content) values ('Post207', 'Topic31', '2018-10-01 23:06:58', 'Member31', true, 'The title of <Post207>', 'The content of the topic <Post207>');
insert into post (id, topic_id, date, author_id, publicly_available, title, content) values ('Post208', 'Topic32', '2018-10-01 00:07:59', 'Member32', true, 'The title of <Post208>', 'The content of the topic <Post208>');
insert into post (id, topic_id, date, author_id, publicly_available, title, content) values ('Post209', 'Topic33', '2018-09-30 01:08:59', 'Member33', false, 'The title of <Post209>', 'The content of the topic <Post209>');
insert into post (id, topic_id, date, author_id, publicly_available, title, content) values ('Post210', 'Topic34', '2018-09-29 02:09:58', 'Member34', true, 'The title of <Post210>', 'The content of the topic <Post210>');
insert into post (id, topic_id, date, author_id, publicly_available, title, content) values ('Post211', 'Topic35', '2018-09-28 03:10:59', 'Member35', true, 'The title of <Post211>', 'The content of the topic <Post211>');
insert into post (id, topic_id, date, author_id, publicly_available, title, content) values ('Post212', 'Topic36', '2018-09-27 04:11:59', 'Member36', true, 'The title of <Post212>', 'The content of the topic <Post212>');
insert into post (id, topic_id, date, author_id, publicly_available, title, content) values ('Post213', 'Topic37', '2018-09-26 05:12:58', 'Member37', true, 'The title of <Post213>', 'The content of the topic <Post213>');
insert into post (id, topic_id, date, author_id, publicly_available, title, content) values ('Post214', 'Topic38', '2018-09-25 06:13:58', 'Member38', true, 'The title of <Post214>', 'The content of the topic <Post214>');
insert into post (id, topic_id, date, author_id, publicly_available, title, content) values ('Post215', 'Topic39', '2018-09-24 07:14:58', 'Member39', true, 'The title of <Post215>', 'The content of the topic <Post215>');
insert into post (id, topic_id, date, author_id, publicly_available, title, content) values ('Post216', 'Topic40', '2018-09-23 08:15:58', 'Member40', true, 'The title of <Post216>', 'The content of the topic <Post216>');
insert into post (id, topic_id, date, author_id, publicly_available, title, content) values ('Post217', 'Topic41', '2018-09-22 09:16:58', 'Member41', true, 'The title of <Post217>', 'The content of the topic <Post217>');
insert into post (id, topic_id, date, author_id, publicly_available, title, content) values ('Post218', 'Topic42', '2018-09-21 10:17:58', 'Member42', true, 'The title of <Post218>', 'The content of the topic <Post218>');
insert into post (id, topic_id, date, author_id, publicly_available, title, content) values ('Post219', 'Topic43', '2018-09-20 11:18:58', 'Member43', false, 'The title of <Post219>', 'The content of the topic <Post219>');
insert into post (id, topic_id, date, author_id, publicly_available, title, content) values ('Post220', 'Topic44', '2018-09-19 12:19:58', 'Member44', true, 'The title of <Post220>', 'The content of the topic <Post220>');
insert into post (id, topic_id, date, author_id, publicly_available, title, content) values ('Post221', 'Topic1', '2018-09-18 13:20:58', 'Member1', true, 'The title of <Post221>', 'The content of the topic <Post221>');
insert into post (id, topic_id, date, author_id, publicly_available, title, content) values ('Post222', 'Topic2', '2018-09-17 14:21:58', 'Member2', true, 'The title of <Post222>', 'The content of the topic <Post222>');
insert into post (id, topic_id, date, author_id, publicly_available, title, content) values ('Post223', 'Topic3', '2018-09-16 15:22:58', 'Member3', true, 'The title of <Post223>', 'The content of the topic <Post223>');
insert into post (id, topic_id, date, author_id, publicly_available, title, content) values ('Post224', 'Topic4', '2018-09-15 16:23:58', 'Member4', true, 'The title of <Post224>', 'The content of the topic <Post224>');
insert into post (id, topic_id, date, author_id, publicly_available, title, content) values ('Post225', 'Topic5', '2018-09-14 17:24:58', 'Member5', true, 'The title of <Post225>', 'The content of the topic <Post225>');
insert into post (id, topic_id, date, author_id, publicly_available, title, content) values ('Post226', 'Topic6', '2018-09-13 18:25:58', 'Member6', true, 'The title of <Post226>', 'The content of the topic <Post226>');
insert into post (id, topic_id, date, author_id, publicly_available, title, content) values ('Post227', 'Topic7', '2018-09-12 19:26:58', 'Member7', true, 'The title of <Post227>', 'The content of the topic <Post227>');
insert into post (id, topic_id, date, author_id, publicly_available, title, content) values ('Post228', 'Topic8', '2018-09-11 20:27:58', 'Member8', true, 'The title of <Post228>', 'The content of the topic <Post228>');
insert into post (id, topic_id, date, author_id, publicly_available, title, content) values ('Post229', 'Topic9', '2018-09-09 22:28:58', 'Member9', false, 'The title of <Post229>', 'The content of the topic <Post229>');
insert into post (id, topic_id, date, author_id, publicly_available, title, content) values ('Post230', 'Topic10', '2018-09-08 23:29:58', 'Member10', true, 'The title of <Post230>', 'The content of the topic <Post230>');
insert into post (id, topic_id, date, author_id, publicly_available, title, content) values ('Post231', 'Topic11', '2018-09-08 00:30:59', 'Member11', true, 'The title of <Post231>', 'The content of the topic <Post231>');
insert into post (id, topic_id, date, author_id, publicly_available, title, content) values ('Post232', 'Topic12', '2018-09-07 01:31:58', 'Member12', true, 'The title of <Post232>', 'The content of the topic <Post232>');
insert into post (id, topic_id, date, author_id, publicly_available, title, content) values ('Post233', 'Topic13', '2018-09-06 02:32:58', 'Member13', true, 'The title of <Post233>', 'The content of the topic <Post233>');
insert into post (id, topic_id, date, author_id, publicly_available, title, content) values ('Post234', 'Topic14', '2018-09-05 03:33:59', 'Member14', true, 'The title of <Post234>', 'The content of the topic <Post234>');
insert into post (id, topic_id, date, author_id, publicly_available, title, content) values ('Post235', 'Topic15', '2018-09-04 04:34:59', 'Member15', true, 'The title of <Post235>', 'The content of the topic <Post235>');
insert into post (id, topic_id, date, author_id, publicly_available, title, content) values ('Post236', 'Topic16', '2018-09-03 05:35:58', 'Member16', true, 'The title of <Post236>', 'The content of the topic <Post236>');
insert into post (id, topic_id, date, author_id, publicly_available, title, content) values ('Post237', 'Topic17', '2018-09-02 06:36:59', 'Member17', true, 'The title of <Post237>', 'The content of the topic <Post237>');
insert into post (id, topic_id, date, author_id, publicly_available, title, content) values ('Post238', 'Topic18', '2018-09-01 07:37:59', 'Member18', true, 'The title of <Post238>', 'The content of the topic <Post238>');
insert into post (id, topic_id, date, author_id, publicly_available, title, content) values ('Post239', 'Topic19', '2018-08-31 08:38:58', 'Member19', false, 'The title of <Post239>', 'The content of the topic <Post239>');
insert into post (id, topic_id, date, author_id, publicly_available, title, content) values ('Post240', 'Topic20', '2018-08-30 09:39:59', 'Member20', true, 'The title of <Post240>', 'The content of the topic <Post240>');
insert into post (id, topic_id, date, author_id, publicly_available, title, content) values ('Post241', 'Topic21', '2018-08-29 10:40:59', 'Member21', true, 'The title of <Post241>', 'The content of the topic <Post241>');
insert into post (id, topic_id, date, author_id, publicly_available, title, content) values ('Post242', 'Topic22', '2018-08-28 11:41:58', 'Member22', true, 'The title of <Post242>', 'The content of the topic <Post242>');
insert into post (id, topic_id, date, author_id, publicly_available, title, content) values ('Post243', 'Topic23', '2018-08-27 12:42:59', 'Member23', true, 'The title of <Post243>', 'The content of the topic <Post243>');
insert into post (id, topic_id, date, author_id, publicly_available, title, content) values ('Post244', 'Topic24', '2018-08-26 13:43:58', 'Member24', true, 'The title of <Post244>', 'The content of the topic <Post244>');
insert into post (id, topic_id, date, author_id, publicly_available, title, content) values ('Post245', 'Topic25', '2018-08-25 14:44:58', 'Member25', true, 'The title of <Post245>', 'The content of the topic <Post245>');
insert into post (id, topic_id, date, author_id, publicly_available, title, content) values ('Post246', 'Topic26', '2018-08-24 15:45:58', 'Member26', true, 'The title of <Post246>', 'The content of the topic <Post246>');
insert into post (id, topic_id, date, author_id, publicly_available, title, content) values ('Post247', 'Topic27', '2018-08-23 16:46:58', 'Member27', true, 'The title of <Post247>', 'The content of the topic <Post247>');
insert into post (id, topic_id, date, author_id, publicly_available, title, content) values ('Post248', 'Topic28', '2018-08-22 17:47:58', 'Member28', true, 'The title of <Post248>', 'The content of the topic <Post248>');
insert into post (id, topic_id, date, author_id, publicly_available, title, content) values ('Post249', 'Topic29', '2018-08-21 18:48:58', 'Member29', false, 'The title of <Post249>', 'The content of the topic <Post249>');
insert into post (id, topic_id, date, author_id, publicly_available, title, content) values ('Post250', 'Topic30', '2018-08-20 19:49:58', 'Member30', true, 'The title of <Post250>', 'The content of the topic <Post250>');
insert into post (id, topic_id, date, author_id, publicly_available, title, content) values ('Post251', 'Topic31', '2018-08-19 20:50:58', 'Member31', true, 'The title of <Post251>', 'The content of the topic <Post251>');
insert into post (id, topic_id, date, author_id, publicly_available, title, content) values ('Post252', 'Topic32', '2018-08-17 22:51:58', 'Member32', true, 'The title of <Post252>', 'The content of the topic <Post252>');
insert into post (id, topic_id, date, author_id, publicly_available, title, content) values ('Post253', 'Topic33', '2018-08-16 23:52:58', 'Member33', true, 'The title of <Post253>', 'The content of the topic <Post253>');
insert into post (id, topic_id, date, author_id, publicly_available, title, content) values ('Post254', 'Topic34', '2018-08-16 00:53:59', 'Member34', true, 'The title of <Post254>', 'The content of the topic <Post254>');
insert into post (id, topic_id, date, author_id, publicly_available, title, content) values ('Post255', 'Topic35', '2018-08-15 00:54:58', 'Member35', true, 'The title of <Post255>', 'The content of the topic <Post255>');
insert into post (id, topic_id, date, author_id, publicly_available, title, content) values ('Post256', 'Topic36', '2018-08-14 01:55:58', 'Member36', true, 'The title of <Post256>', 'The content of the topic <Post256>');
insert into post (id, topic_id, date, author_id, publicly_available, title, content) values ('Post257', 'Topic37', '2018-08-13 02:56:58', 'Member37', true, 'The title of <Post257>', 'The content of the topic <Post257>');
insert into post (id, topic_id, date, author_id, publicly_available, title, content) values ('Post258', 'Topic38', '2018-08-12 03:57:58', 'Member38', true, 'The title of <Post258>', 'The content of the topic <Post258>');
insert into post (id, topic_id, date, author_id, publicly_available, title, content) values ('Post259', 'Topic39', '2018-08-11 04:58:58', 'Member39', false, 'The title of <Post259>', 'The content of the topic <Post259>');
insert into post (id, topic_id, date, author_id, publicly_available, title, content) values ('Post260', 'Topic40', '2018-08-10 05:59:58', 'Member40', true, 'The title of <Post260>', 'The content of the topic <Post260>');
insert into post (id, topic_id, date, author_id, publicly_available, title, content) values ('Post261', 'Topic41', '2018-08-09 07:00:58', 'Member41', true, 'The title of <Post261>', 'The content of the topic <Post261>');
insert into post (id, topic_id, date, author_id, publicly_available, title, content) values ('Post262', 'Topic42', '2018-08-08 08:01:58', 'Member42', true, 'The title of <Post262>', 'The content of the topic <Post262>');
insert into post (id, topic_id, date, author_id, publicly_available, title, content) values ('Post263', 'Topic43', '2018-08-07 09:02:59', 'Member43', true, 'The title of <Post263>', 'The content of the topic <Post263>');
insert into post (id, topic_id, date, author_id, publicly_available, title, content) values ('Post264', 'Topic44', '2018-08-06 10:03:58', 'Member44', true, 'The title of <Post264>', 'The content of the topic <Post264>');
insert into post (id, topic_id, date, author_id, publicly_available, title, content) values ('Post265', 'Topic1', '2018-08-05 11:04:58', 'Member1', true, 'The title of <Post265>', 'The content of the topic <Post265>');
insert into post (id, topic_id, date, author_id, publicly_available, title, content) values ('Post266', 'Topic2', '2018-08-04 12:05:59', 'Member2', true, 'The title of <Post266>', 'The content of the topic <Post266>');
insert into post (id, topic_id, date, author_id, publicly_available, title, content) values ('Post267', 'Topic3', '2018-08-03 13:06:58', 'Member3', true, 'The title of <Post267>', 'The content of the topic <Post267>');
insert into post (id, topic_id, date, author_id, publicly_available, title, content) values ('Post268', 'Topic4', '2018-08-02 14:07:58', 'Member4', true, 'The title of <Post268>', 'The content of the topic <Post268>');
insert into post (id, topic_id, date, author_id, publicly_available, title, content) values ('Post269', 'Topic5', '2018-08-01 15:08:59', 'Member5', false, 'The title of <Post269>', 'The content of the topic <Post269>');
insert into post (id, topic_id, date, author_id, publicly_available, title, content) values ('Post270', 'Topic6', '2018-07-31 16:09:58', 'Member6', true, 'The title of <Post270>', 'The content of the topic <Post270>');
insert into post (id, topic_id, date, author_id, publicly_available, title, content) values ('Post271', 'Topic7', '2018-07-30 17:10:58', 'Member7', true, 'The title of <Post271>', 'The content of the topic <Post271>');
insert into post (id, topic_id, date, author_id, publicly_available, title, content) values ('Post272', 'Topic8', '2018-07-29 18:11:59', 'Member8', true, 'The title of <Post272>', 'The content of the topic <Post272>');
insert into post (id, topic_id, date, author_id, publicly_available, title, content) values ('Post273', 'Topic9', '2018-07-28 19:12:58', 'Member9', true, 'The title of <Post273>', 'The content of the topic <Post273>');
insert into post (id, topic_id, date, author_id, publicly_available, title, content) values ('Post274', 'Topic10', '2018-07-27 20:13:58', 'Member10', true, 'The title of <Post274>', 'The content of the topic <Post274>');
insert into post (id, topic_id, date, author_id, publicly_available, title, content) values ('Post275', 'Topic11', '2018-07-25 22:14:58', 'Member11', true, 'The title of <Post275>', 'The content of the topic <Post275>');
insert into post (id, topic_id, date, author_id, publicly_available, title, content) values ('Post276', 'Topic12', '2018-07-24 23:15:58', 'Member12', true, 'The title of <Post276>', 'The content of the topic <Post276>');
insert into post (id, topic_id, date, author_id, publicly_available, title, content) values ('Post277', 'Topic13', '2018-07-24 00:16:58', 'Member13', true, 'The title of <Post277>', 'The content of the topic <Post277>');
insert into post (id, topic_id, date, author_id, publicly_available, title, content) values ('Post278', 'Topic14', '2018-07-23 01:17:58', 'Member14', true, 'The title of <Post278>', 'The content of the topic <Post278>');
insert into post (id, topic_id, date, author_id, publicly_available, title, content) values ('Post279', 'Topic15', '2018-07-22 02:18:58', 'Member15', false, 'The title of <Post279>', 'The content of the topic <Post279>');
insert into post (id, topic_id, date, author_id, publicly_available, title, content) values ('Post280', 'Topic16', '2018-07-21 03:19:58', 'Member16', true, 'The title of <Post280>', 'The content of the topic <Post280>');
insert into post (id, topic_id, date, author_id, publicly_available, title, content) values ('Post281', 'Topic17', '2018-07-20 04:20:58', 'Member17', true, 'The title of <Post281>', 'The content of the topic <Post281>');
insert into post (id, topic_id, date, author_id, publicly_available, title, content) values ('Post282', 'Topic18', '2018-07-19 05:21:58', 'Member18', true, 'The title of <Post282>', 'The content of the topic <Post282>');
insert into post (id, topic_id, date, author_id, publicly_available, title, content) values ('Post283', 'Topic19', '2018-07-18 06:22:58', 'Member19', true, 'The title of <Post283>', 'The content of the topic <Post283>');
insert into post (id, topic_id, date, author_id, publicly_available, title, content) values ('Post284', 'Topic20', '2018-07-17 07:23:58', 'Member20', true, 'The title of <Post284>', 'The content of the topic <Post284>');
insert into post (id, topic_id, date, author_id, publicly_available, title, content) values ('Post285', 'Topic21', '2018-07-16 08:24:58', 'Member21', true, 'The title of <Post285>', 'The content of the topic <Post285>');
insert into post (id, topic_id, date, author_id, publicly_available, title, content) values ('Post286', 'Topic22', '2018-07-15 09:25:58', 'Member22', true, 'The title of <Post286>', 'The content of the topic <Post286>');
insert into post (id, topic_id, date, author_id, publicly_available, title, content) values ('Post287', 'Topic23', '2018-07-14 10:26:58', 'Member23', true, 'The title of <Post287>', 'The content of the topic <Post287>');
insert into post (id, topic_id, date, author_id, publicly_available, title, content) values ('Post288', 'Topic24', '2018-07-13 11:27:58', 'Member24', true, 'The title of <Post288>', 'The content of the topic <Post288>');
insert into post (id, topic_id, date, author_id, publicly_available, title, content) values ('Post289', 'Topic25', '2018-07-12 12:28:58', 'Member25', false, 'The title of <Post289>', 'The content of the topic <Post289>');
insert into post (id, topic_id, date, author_id, publicly_available, title, content) values ('Post290', 'Topic26', '2018-07-11 13:29:58', 'Member26', true, 'The title of <Post290>', 'The content of the topic <Post290>');
insert into post (id, topic_id, date, author_id, publicly_available, title, content) values ('Post291', 'Topic27', '2018-07-10 14:30:58', 'Member27', true, 'The title of <Post291>', 'The content of the topic <Post291>');
insert into post (id, topic_id, date, author_id, publicly_available, title, content) values ('Post292', 'Topic28', '2018-07-09 15:31:58', 'Member28', true, 'The title of <Post292>', 'The content of the topic <Post292>');
insert into post (id, topic_id, date, author_id, publicly_available, title, content) values ('Post293', 'Topic29', '2018-07-08 16:32:58', 'Member29', true, 'The title of <Post293>', 'The content of the topic <Post293>');
insert into post (id, topic_id, date, author_id, publicly_available, title, content) values ('Post294', 'Topic30', '2018-07-07 17:33:58', 'Member30', true, 'The title of <Post294>', 'The content of the topic <Post294>');
insert into post (id, topic_id, date, author_id, publicly_available, title, content) values ('Post295', 'Topic31', '2018-07-06 18:34:59', 'Member31', true, 'The title of <Post295>', 'The content of the topic <Post295>');
insert into post (id, topic_id, date, author_id, publicly_available, title, content) values ('Post296', 'Topic32', '2018-07-05 19:35:58', 'Member32', true, 'The title of <Post296>', 'The content of the topic <Post296>');
insert into post (id, topic_id, date, author_id, publicly_available, title, content) values ('Post297', 'Topic33', '2018-07-04 20:36:58', 'Member33', true, 'The title of <Post297>', 'The content of the topic <Post297>');
insert into post (id, topic_id, date, author_id, publicly_available, title, content) values ('Post298', 'Topic34', '2018-07-02 22:37:59', 'Member34', true, 'The title of <Post298>', 'The content of the topic <Post298>');
insert into post (id, topic_id, date, author_id, publicly_available, title, content) values ('Post299', 'Topic35', '2018-07-01 23:38:58', 'Member35', false, 'The title of <Post299>', 'The content of the topic <Post299>');
insert into post (id, topic_id, date, author_id, publicly_available, title, content) values ('Post300', 'Topic36', '2018-07-01 00:39:59', 'Member36', true, 'The title of <Post300>', 'The content of the topic <Post300>');
insert into post (id, topic_id, date, author_id, publicly_available, title, content) values ('Post301', 'Topic37', '2018-06-30 01:40:59', 'Member37', true, 'The title of <Post301>', 'The content of the topic <Post301>');
insert into post (id, topic_id, date, author_id, publicly_available, title, content) values ('Post302', 'Topic38', '2018-06-29 02:41:58', 'Member38', true, 'The title of <Post302>', 'The content of the topic <Post302>');
insert into post (id, topic_id, date, author_id, publicly_available, title, content) values ('Post303', 'Topic39', '2018-06-28 03:42:59', 'Member39', true, 'The title of <Post303>', 'The content of the topic <Post303>');
insert into post (id, topic_id, date, author_id, publicly_available, title, content) values ('Post304', 'Topic40', '2018-06-27 04:43:58', 'Member40', true, 'The title of <Post304>', 'The content of the topic <Post304>');
insert into post (id, topic_id, date, author_id, publicly_available, title, content) values ('Post305', 'Topic41', '2018-06-26 05:44:58', 'Member41', true, 'The title of <Post305>', 'The content of the topic <Post305>');
insert into post (id, topic_id, date, author_id, publicly_available, title, content) values ('Post306', 'Topic42', '2018-06-25 06:45:58', 'Member42', true, 'The title of <Post306>', 'The content of the topic <Post306>');
insert into post (id, topic_id, date, author_id, publicly_available, title, content) values ('Post307', 'Topic43', '2018-06-24 07:46:58', 'Member43', true, 'The title of <Post307>', 'The content of the topic <Post307>');
insert into post (id, topic_id, date, author_id, publicly_available, title, content) values ('Post308', 'Topic44', '2018-06-23 08:47:58', 'Member44', true, 'The title of <Post308>', 'The content of the topic <Post308>');
insert into post (id, topic_id, date, author_id, publicly_available, title, content) values ('Post309', 'Topic1', '2018-06-22 09:48:58', 'Member1', false, 'The title of <Post309>', 'The content of the topic <Post309>');
insert into post (id, topic_id, date, author_id, publicly_available, title, content) values ('Post310', 'Topic2', '2018-06-21 10:49:58', 'Member2', true, 'The title of <Post310>', 'The content of the topic <Post310>');
insert into post (id, topic_id, date, author_id, publicly_available, title, content) values ('Post311', 'Topic3', '2018-06-20 11:50:58', 'Member3', true, 'The title of <Post311>', 'The content of the topic <Post311>');
insert into post (id, topic_id, date, author_id, publicly_available, title, content) values ('Post312', 'Topic4', '2018-06-19 12:51:58', 'Member4', true, 'The title of <Post312>', 'The content of the topic <Post312>');
insert into post (id, topic_id, date, author_id, publicly_available, title, content) values ('Post313', 'Topic5', '2018-06-18 13:52:58', 'Member5', true, 'The title of <Post313>', 'The content of the topic <Post313>');
insert into post (id, topic_id, date, author_id, publicly_available, title, content) values ('Post314', 'Topic6', '2018-06-17 14:53:58', 'Member6', true, 'The title of <Post314>', 'The content of the topic <Post314>');
insert into post (id, topic_id, date, author_id, publicly_available, title, content) values ('Post315', 'Topic7', '2018-06-16 14:54:59', 'Member7', true, 'The title of <Post315>', 'The content of the topic <Post315>');
insert into post (id, topic_id, date, author_id, publicly_available, title, content) values ('Post316', 'Topic8', '2018-06-15 15:55:59', 'Member8', true, 'The title of <Post316>', 'The content of the topic <Post316>');
insert into post (id, topic_id, date, author_id, publicly_available, title, content) values ('Post317', 'Topic9', '2018-06-14 16:56:58', 'Member9', true, 'The title of <Post317>', 'The content of the topic <Post317>');
insert into post (id, topic_id, date, author_id, publicly_available, title, content) values ('Post318', 'Topic10', '2018-06-13 17:57:59', 'Member10', true, 'The title of <Post318>', 'The content of the topic <Post318>');
insert into post (id, topic_id, date, author_id, publicly_available, title, content) values ('Post319', 'Topic11', '2018-06-12 18:58:58', 'Member11', false, 'The title of <Post319>', 'The content of the topic <Post319>');
insert into post (id, topic_id, date, author_id, publicly_available, title, content) values ('Post320', 'Topic12', '2018-06-11 19:59:58', 'Member12', true, 'The title of <Post320>', 'The content of the topic <Post320>');
commit;












































































































