/* data.sql */
insert into member (id, name, alias, email, type) values ('Member1', 'Name 1', null, 'name.1@graphql-java.com', 'ADMIN'); 
insert into member (id, name, alias, email, type) values ('Member2', 'Name 2', 'Alias of Name 2', 'name.2@graphql-java.com', 'MODERATOR'); 
insert into member (id, name, alias, email, type) values ('Member3', 'Name 3', null, 'name.3@graphql-java.com', 'STANDARD'); 
insert into member (id, name, alias, email, type) values ('Member4', 'Name 4', 'Alias of Name 4', 'name.4@graphql-java.com', 'ADMIN'); 
insert into member (id, name, alias, email, type) values ('Member5', 'Name 5', null, 'name.5@graphql-java.com', 'MODERATOR'); 
insert into member (id, name, alias, email, type) values ('Member6', 'Name 6', 'Alias of Name 6', 'name.6@graphql-java.com', 'STANDARD'); 
insert into member (id, name, alias, email, type) values ('Member7', 'Name 7', null, 'name.7@graphql-java.com', 'ADMIN'); 
insert into member (id, name, alias, email, type) values ('Member8', 'Name 8', 'Alias of Name 8', 'name.8@graphql-java.com', 'MODERATOR'); 
insert into member (id, name, alias, email, type) values ('Member9', 'Name 9', null, 'name.9@graphql-java.com', 'STANDARD'); 
insert into member (id, name, alias, email, type) values ('Member10', 'Name 10', 'Alias of Name 10', 'name.10@graphql-java.com', 'ADMIN'); 
insert into member (id, name, alias, email, type) values ('Member11', 'Name 11', null, 'name.11@graphql-java.com', 'MODERATOR'); 
insert into member (id, name, alias, email, type) values ('Member12', 'Name 12', 'Alias of Name 12', 'name.12@graphql-java.com', 'STANDARD'); 
insert into member (id, name, alias, email, type) values ('Member13', 'Name 13', null, 'name.13@graphql-java.com', 'ADMIN'); 
insert into member (id, name, alias, email, type) values ('Member14', 'Name 14', 'Alias of Name 14', 'name.14@graphql-java.com', 'MODERATOR'); 
insert into member (id, name, alias, email, type) values ('Member15', 'Name 15', null, 'name.15@graphql-java.com', 'STANDARD'); 
insert into member (id, name, alias, email, type) values ('Member16', 'Name 16', 'Alias of Name 16', 'name.16@graphql-java.com', 'ADMIN'); 
insert into member (id, name, alias, email, type) values ('Member17', 'Name 17', null, 'name.17@graphql-java.com', 'MODERATOR'); 
insert into member (id, name, alias, email, type) values ('Member18', 'Name 18', 'Alias of Name 18', 'name.18@graphql-java.com', 'STANDARD'); 
insert into member (id, name, alias, email, type) values ('Member19', 'Name 19', null, 'name.19@graphql-java.com', 'ADMIN'); 
insert into member (id, name, alias, email, type) values ('Member20', 'Name 20', 'Alias of Name 20', 'name.20@graphql-java.com', 'MODERATOR'); 
insert into member (id, name, alias, email, type) values ('Member21', 'Name 21', null, 'name.21@graphql-java.com', 'STANDARD'); 
insert into member (id, name, alias, email, type) values ('Member22', 'Name 22', 'Alias of Name 22', 'name.22@graphql-java.com', 'ADMIN'); 
insert into member (id, name, alias, email, type) values ('Member23', 'Name 23', null, 'name.23@graphql-java.com', 'MODERATOR'); 
insert into member (id, name, alias, email, type) values ('Member24', 'Name 24', 'Alias of Name 24', 'name.24@graphql-java.com', 'STANDARD'); 
insert into member (id, name, alias, email, type) values ('Member25', 'Name 25', null, 'name.25@graphql-java.com', 'ADMIN'); 
insert into member (id, name, alias, email, type) values ('Member26', 'Name 26', 'Alias of Name 26', 'name.26@graphql-java.com', 'MODERATOR'); 
insert into member (id, name, alias, email, type) values ('Member27', 'Name 27', null, 'name.27@graphql-java.com', 'STANDARD'); 
insert into member (id, name, alias, email, type) values ('Member28', 'Name 28', 'Alias of Name 28', 'name.28@graphql-java.com', 'ADMIN'); 
insert into member (id, name, alias, email, type) values ('Member29', 'Name 29', null, 'name.29@graphql-java.com', 'MODERATOR'); 
insert into member (id, name, alias, email, type) values ('Member30', 'Name 30', 'Alias of Name 30', 'name.30@graphql-java.com', 'STANDARD'); 
insert into member (id, name, alias, email, type) values ('Member31', 'Name 31', null, 'name.31@graphql-java.com', 'ADMIN'); 
insert into member (id, name, alias, email, type) values ('Member32', 'Name 32', 'Alias of Name 32', 'name.32@graphql-java.com', 'MODERATOR'); 
insert into member (id, name, alias, email, type) values ('Member33', 'Name 33', null, 'name.33@graphql-java.com', 'STANDARD'); 
insert into member (id, name, alias, email, type) values ('Member34', 'Name 34', 'Alias of Name 34', 'name.34@graphql-java.com', 'ADMIN'); 
insert into member (id, name, alias, email, type) values ('Member35', 'Name 35', null, 'name.35@graphql-java.com', 'MODERATOR'); 
insert into member (id, name, alias, email, type) values ('Member36', 'Name 36', 'Alias of Name 36', 'name.36@graphql-java.com', 'STANDARD'); 
insert into member (id, name, alias, email, type) values ('Member37', 'Name 37', null, 'name.37@graphql-java.com', 'ADMIN'); 
insert into member (id, name, alias, email, type) values ('Member38', 'Name 38', 'Alias of Name 38', 'name.38@graphql-java.com', 'MODERATOR'); 
insert into member (id, name, alias, email, type) values ('Member39', 'Name 39', null, 'name.39@graphql-java.com', 'STANDARD'); 
insert into member (id, name, alias, email, type) values ('Member40', 'Name 40', 'Alias of Name 40', 'name.40@graphql-java.com', 'ADMIN'); 
insert into member (id, name, alias, email, type) values ('Member41', 'Name 41', null, 'name.41@graphql-java.com', 'MODERATOR'); 
insert into member (id, name, alias, email, type) values ('Member42', 'Name 42', 'Alias of Name 42', 'name.42@graphql-java.com', 'STANDARD'); 
insert into member (id, name, alias, email, type) values ('Member43', 'Name 43', null, 'name.43@graphql-java.com', 'ADMIN'); 
insert into member (id, name, alias, email, type) values ('Member44', 'Name 44', 'Alias of Name 44', 'name.44@graphql-java.com', 'MODERATOR'); 
insert into board (id, name, publicly_available) values ('Board1', 'Board name 1', true);
insert into board (id, name, publicly_available) values ('Board2', 'Board name 2', false);
insert into board (id, name, publicly_available) values ('Board3', 'Board name 3', true);
insert into board (id, name, publicly_available) values ('Board4', 'Board name 4', true);
insert into board (id, name, publicly_available) values ('Board5', 'Board name 5', false);
insert into board (id, name, publicly_available) values ('Board6', 'Board name 6', true);
insert into board (id, name, publicly_available) values ('Board7', 'Board name 7', true);
insert into board (id, name, publicly_available) values ('Board8', 'Board name 8', false);
insert into board (id, name, publicly_available) values ('Board9', 'Board name 9', true);
insert into board (id, name, publicly_available) values ('Board10', 'Board name 10', true);
insert into topic (id, board_id, date, author_id, publicly_available, nb_posts, title, content) values ('Topic1', 'Board1', '2019-05-13 22:01:47', 'Member1', true, 1, 'The title of <Topic1>', 'The content of the topic <Topic1>');
insert into topic (id, board_id, date, author_id, publicly_available, nb_posts, title, content) values ('Topic2', 'Board2', '2019-05-12 23:02:47', 'Member2', true, 2, 'The title of <Topic2>', 'The content of the topic <Topic2>');
insert into topic (id, board_id, date, author_id, publicly_available, nb_posts, title, content) values ('Topic3', 'Board3', '2019-05-12 00:03:47', 'Member3', true, 3, 'The title of <Topic3>', 'The content of the topic <Topic3>');
insert into topic (id, board_id, date, author_id, publicly_available, nb_posts, title, content) values ('Topic4', 'Board4', '2019-05-11 01:04:47', 'Member4', true, 4, 'The title of <Topic4>', 'The content of the topic <Topic4>');
insert into topic (id, board_id, date, author_id, publicly_available, nb_posts, title, content) values ('Topic5', 'Board5', '2019-05-10 02:05:47', 'Member5', true, 5, 'The title of <Topic5>', 'The content of the topic <Topic5>');
insert into topic (id, board_id, date, author_id, publicly_available, nb_posts, title, content) values ('Topic6', 'Board6', '2019-05-09 03:06:47', 'Member6', true, 6, 'The title of <Topic6>', 'The content of the topic <Topic6>');
insert into topic (id, board_id, date, author_id, publicly_available, nb_posts, title, content) values ('Topic7', 'Board7', '2019-05-08 04:07:47', 'Member7', true, 7, 'The title of <Topic7>', 'The content of the topic <Topic7>');
insert into topic (id, board_id, date, author_id, publicly_available, nb_posts, title, content) values ('Topic8', 'Board8', '2019-05-07 05:08:47', 'Member8', true, 8, 'The title of <Topic8>', 'The content of the topic <Topic8>');
insert into topic (id, board_id, date, author_id, publicly_available, nb_posts, title, content) values ('Topic9', 'Board9', '2019-05-06 06:09:47', 'Member9', false, 9, 'The title of <Topic9>', 'The content of the topic <Topic9>');
insert into topic (id, board_id, date, author_id, publicly_available, nb_posts, title, content) values ('Topic10', 'Board10', '2019-05-05 07:10:47', 'Member10', true, 10, 'The title of <Topic10>', 'The content of the topic <Topic10>');
insert into topic (id, board_id, date, author_id, publicly_available, nb_posts, title, content) values ('Topic11', 'Board1', '2019-05-04 08:11:47', 'Member11', true, 11, 'The title of <Topic11>', 'The content of the topic <Topic11>');
insert into topic (id, board_id, date, author_id, publicly_available, nb_posts, title, content) values ('Topic12', 'Board2', '2019-05-03 09:12:47', 'Member12', true, 12, 'The title of <Topic12>', 'The content of the topic <Topic12>');
insert into topic (id, board_id, date, author_id, publicly_available, nb_posts, title, content) values ('Topic13', 'Board3', '2019-05-02 10:13:47', 'Member13', true, 13, 'The title of <Topic13>', 'The content of the topic <Topic13>');
insert into topic (id, board_id, date, author_id, publicly_available, nb_posts, title, content) values ('Topic14', 'Board4', '2019-05-01 11:14:47', 'Member14', true, 14, 'The title of <Topic14>', 'The content of the topic <Topic14>');
insert into topic (id, board_id, date, author_id, publicly_available, nb_posts, title, content) values ('Topic15', 'Board5', '2019-04-30 11:15:47', 'Member15', true, 15, 'The title of <Topic15>', 'The content of the topic <Topic15>');
insert into topic (id, board_id, date, author_id, publicly_available, nb_posts, title, content) values ('Topic16', 'Board6', '2019-04-29 12:16:47', 'Member16', true, 16, 'The title of <Topic16>', 'The content of the topic <Topic16>');
insert into topic (id, board_id, date, author_id, publicly_available, nb_posts, title, content) values ('Topic17', 'Board7', '2019-04-28 13:17:47', 'Member17', true, 17, 'The title of <Topic17>', 'The content of the topic <Topic17>');
insert into topic (id, board_id, date, author_id, publicly_available, nb_posts, title, content) values ('Topic18', 'Board8', '2019-04-27 14:18:47', 'Member18', true, 18, 'The title of <Topic18>', 'The content of the topic <Topic18>');
insert into topic (id, board_id, date, author_id, publicly_available, nb_posts, title, content) values ('Topic19', 'Board9', '2019-04-26 15:19:47', 'Member19', false, 19, 'The title of <Topic19>', 'The content of the topic <Topic19>');
insert into topic (id, board_id, date, author_id, publicly_available, nb_posts, title, content) values ('Topic20', 'Board10', '2019-04-25 16:20:47', 'Member20', true, 20, 'The title of <Topic20>', 'The content of the topic <Topic20>');
insert into topic (id, board_id, date, author_id, publicly_available, nb_posts, title, content) values ('Topic21', 'Board1', '2019-04-24 17:21:47', 'Member21', true, 21, 'The title of <Topic21>', 'The content of the topic <Topic21>');
insert into topic (id, board_id, date, author_id, publicly_available, nb_posts, title, content) values ('Topic22', 'Board2', '2019-04-22 19:22:47', 'Member22', true, 22, 'The title of <Topic22>', 'The content of the topic <Topic22>');
insert into topic (id, board_id, date, author_id, publicly_available, nb_posts, title, content) values ('Topic23', 'Board3', '2019-04-21 20:23:47', 'Member23', true, 23, 'The title of <Topic23>', 'The content of the topic <Topic23>');
insert into topic (id, board_id, date, author_id, publicly_available, nb_posts, title, content) values ('Topic24', 'Board4', '2019-04-20 21:24:47', 'Member24', true, 24, 'The title of <Topic24>', 'The content of the topic <Topic24>');
insert into topic (id, board_id, date, author_id, publicly_available, nb_posts, title, content) values ('Topic25', 'Board5', '2019-04-19 22:25:47', 'Member25', true, 25, 'The title of <Topic25>', 'The content of the topic <Topic25>');
insert into topic (id, board_id, date, author_id, publicly_available, nb_posts, title, content) values ('Topic26', 'Board6', '2019-04-18 23:26:47', 'Member26', true, 26, 'The title of <Topic26>', 'The content of the topic <Topic26>');
insert into topic (id, board_id, date, author_id, publicly_available, nb_posts, title, content) values ('Topic27', 'Board7', '2019-04-18 00:27:47', 'Member27', true, 27, 'The title of <Topic27>', 'The content of the topic <Topic27>');
insert into topic (id, board_id, date, author_id, publicly_available, nb_posts, title, content) values ('Topic28', 'Board8', '2019-04-17 01:28:47', 'Member28', true, 28, 'The title of <Topic28>', 'The content of the topic <Topic28>');
insert into topic (id, board_id, date, author_id, publicly_available, nb_posts, title, content) values ('Topic29', 'Board9', '2019-04-16 02:29:47', 'Member29', false, 29, 'The title of <Topic29>', 'The content of the topic <Topic29>');
insert into topic (id, board_id, date, author_id, publicly_available, nb_posts, title, content) values ('Topic30', 'Board10', '2019-04-15 03:30:47', 'Member30', true, 30, 'The title of <Topic30>', 'The content of the topic <Topic30>');
insert into topic (id, board_id, date, author_id, publicly_available, nb_posts, title, content) values ('Topic31', 'Board1', '2019-04-14 04:31:47', 'Member31', true, 31, 'The title of <Topic31>', 'The content of the topic <Topic31>');
insert into topic (id, board_id, date, author_id, publicly_available, nb_posts, title, content) values ('Topic32', 'Board2', '2019-04-13 05:32:47', 'Member32', true, 32, 'The title of <Topic32>', 'The content of the topic <Topic32>');
insert into topic (id, board_id, date, author_id, publicly_available, nb_posts, title, content) values ('Topic33', 'Board3', '2019-04-12 06:33:47', 'Member33', true, 33, 'The title of <Topic33>', 'The content of the topic <Topic33>');
insert into topic (id, board_id, date, author_id, publicly_available, nb_posts, title, content) values ('Topic34', 'Board4', '2019-04-11 07:34:47', 'Member34', true, 34, 'The title of <Topic34>', 'The content of the topic <Topic34>');
insert into topic (id, board_id, date, author_id, publicly_available, nb_posts, title, content) values ('Topic35', 'Board5', '2019-04-10 08:35:47', 'Member35', true, 35, 'The title of <Topic35>', 'The content of the topic <Topic35>');
insert into topic (id, board_id, date, author_id, publicly_available, nb_posts, title, content) values ('Topic36', 'Board6', '2019-04-09 09:36:47', 'Member36', true, 36, 'The title of <Topic36>', 'The content of the topic <Topic36>');
insert into topic (id, board_id, date, author_id, publicly_available, nb_posts, title, content) values ('Topic37', 'Board7', '2019-04-08 10:37:47', 'Member37', true, 37, 'The title of <Topic37>', 'The content of the topic <Topic37>');
insert into topic (id, board_id, date, author_id, publicly_available, nb_posts, title, content) values ('Topic38', 'Board8', '2019-04-07 11:38:47', 'Member38', true, 38, 'The title of <Topic38>', 'The content of the topic <Topic38>');
insert into topic (id, board_id, date, author_id, publicly_available, nb_posts, title, content) values ('Topic39', 'Board9', '2019-04-06 12:39:47', 'Member39', false, 39, 'The title of <Topic39>', 'The content of the topic <Topic39>');
insert into topic (id, board_id, date, author_id, publicly_available, nb_posts, title, content) values ('Topic40', 'Board10', '2019-04-05 13:40:47', 'Member40', true, 40, 'The title of <Topic40>', 'The content of the topic <Topic40>');
insert into topic (id, board_id, date, author_id, publicly_available, nb_posts, title, content) values ('Topic41', 'Board1', '2019-04-04 14:41:47', 'Member41', true, 41, 'The title of <Topic41>', 'The content of the topic <Topic41>');
insert into topic (id, board_id, date, author_id, publicly_available, nb_posts, title, content) values ('Topic42', 'Board2', '2019-04-03 15:42:47', 'Member42', true, 42, 'The title of <Topic42>', 'The content of the topic <Topic42>');
insert into topic (id, board_id, date, author_id, publicly_available, nb_posts, title, content) values ('Topic43', 'Board3', '2019-04-02 16:43:47', 'Member43', true, 43, 'The title of <Topic43>', 'The content of the topic <Topic43>');
insert into topic (id, board_id, date, author_id, publicly_available, nb_posts, title, content) values ('Topic44', 'Board4', '2019-04-01 17:44:47', 'Member44', true, 44, 'The title of <Topic44>', 'The content of the topic <Topic44>');
insert into post (id, topic_id, date, author_id, publicly_available, title, content) values ('Post1', 'Topic1', '2019-05-13 22:01:47', 'Member1', true, 'The title of <Post1>', 'The content of the post <Post1>');
insert into post (id, topic_id, date, author_id, publicly_available, title, content) values ('Post2', 'Topic2', '2019-05-12 23:02:47', 'Member2', true, 'The title of <Post2>', 'The content of the post <Post2>');
insert into post (id, topic_id, date, author_id, publicly_available, title, content) values ('Post3', 'Topic3', '2019-05-12 00:03:47', 'Member3', true, 'The title of <Post3>', 'The content of the post <Post3>');
insert into post (id, topic_id, date, author_id, publicly_available, title, content) values ('Post4', 'Topic4', '2019-05-11 01:04:47', 'Member4', true, 'The title of <Post4>', 'The content of the post <Post4>');
insert into post (id, topic_id, date, author_id, publicly_available, title, content) values ('Post5', 'Topic5', '2019-05-10 02:05:47', 'Member5', true, 'The title of <Post5>', 'The content of the post <Post5>');
insert into post (id, topic_id, date, author_id, publicly_available, title, content) values ('Post6', 'Topic6', '2019-05-09 03:06:47', 'Member6', true, 'The title of <Post6>', 'The content of the post <Post6>');
insert into post (id, topic_id, date, author_id, publicly_available, title, content) values ('Post7', 'Topic7', '2019-05-08 04:07:47', 'Member7', true, 'The title of <Post7>', 'The content of the post <Post7>');
insert into post (id, topic_id, date, author_id, publicly_available, title, content) values ('Post8', 'Topic8', '2019-05-07 05:08:47', 'Member8', true, 'The title of <Post8>', 'The content of the post <Post8>');
insert into post (id, topic_id, date, author_id, publicly_available, title, content) values ('Post9', 'Topic9', '2019-05-06 06:09:47', 'Member9', false, 'The title of <Post9>', 'The content of the post <Post9>');
insert into post (id, topic_id, date, author_id, publicly_available, title, content) values ('Post10', 'Topic10', '2019-05-05 07:10:47', 'Member10', true, 'The title of <Post10>', 'The content of the post <Post10>');
insert into post (id, topic_id, date, author_id, publicly_available, title, content) values ('Post11', 'Topic11', '2019-05-04 08:11:47', 'Member11', true, 'The title of <Post11>', 'The content of the post <Post11>');
insert into post (id, topic_id, date, author_id, publicly_available, title, content) values ('Post12', 'Topic12', '2019-05-03 09:12:47', 'Member12', true, 'The title of <Post12>', 'The content of the post <Post12>');
insert into post (id, topic_id, date, author_id, publicly_available, title, content) values ('Post13', 'Topic13', '2019-05-02 10:13:47', 'Member13', true, 'The title of <Post13>', 'The content of the post <Post13>');
insert into post (id, topic_id, date, author_id, publicly_available, title, content) values ('Post14', 'Topic14', '2019-05-01 11:14:47', 'Member14', true, 'The title of <Post14>', 'The content of the post <Post14>');
insert into post (id, topic_id, date, author_id, publicly_available, title, content) values ('Post15', 'Topic15', '2019-04-30 11:15:47', 'Member15', true, 'The title of <Post15>', 'The content of the post <Post15>');
insert into post (id, topic_id, date, author_id, publicly_available, title, content) values ('Post16', 'Topic16', '2019-04-29 12:16:47', 'Member16', true, 'The title of <Post16>', 'The content of the post <Post16>');
insert into post (id, topic_id, date, author_id, publicly_available, title, content) values ('Post17', 'Topic17', '2019-04-28 13:17:47', 'Member17', true, 'The title of <Post17>', 'The content of the post <Post17>');
insert into post (id, topic_id, date, author_id, publicly_available, title, content) values ('Post18', 'Topic18', '2019-04-27 14:18:47', 'Member18', true, 'The title of <Post18>', 'The content of the post <Post18>');
insert into post (id, topic_id, date, author_id, publicly_available, title, content) values ('Post19', 'Topic19', '2019-04-26 15:19:47', 'Member19', false, 'The title of <Post19>', 'The content of the post <Post19>');
insert into post (id, topic_id, date, author_id, publicly_available, title, content) values ('Post20', 'Topic20', '2019-04-25 16:20:47', 'Member20', true, 'The title of <Post20>', 'The content of the post <Post20>');
insert into post (id, topic_id, date, author_id, publicly_available, title, content) values ('Post21', 'Topic21', '2019-04-24 17:21:47', 'Member21', true, 'The title of <Post21>', 'The content of the post <Post21>');
insert into post (id, topic_id, date, author_id, publicly_available, title, content) values ('Post22', 'Topic22', '2019-04-22 19:22:47', 'Member22', true, 'The title of <Post22>', 'The content of the post <Post22>');
insert into post (id, topic_id, date, author_id, publicly_available, title, content) values ('Post23', 'Topic23', '2019-04-21 20:23:47', 'Member23', true, 'The title of <Post23>', 'The content of the post <Post23>');
insert into post (id, topic_id, date, author_id, publicly_available, title, content) values ('Post24', 'Topic24', '2019-04-20 21:24:47', 'Member24', true, 'The title of <Post24>', 'The content of the post <Post24>');
insert into post (id, topic_id, date, author_id, publicly_available, title, content) values ('Post25', 'Topic25', '2019-04-19 22:25:47', 'Member25', true, 'The title of <Post25>', 'The content of the post <Post25>');
insert into post (id, topic_id, date, author_id, publicly_available, title, content) values ('Post26', 'Topic26', '2019-04-18 23:26:47', 'Member26', true, 'The title of <Post26>', 'The content of the post <Post26>');
insert into post (id, topic_id, date, author_id, publicly_available, title, content) values ('Post27', 'Topic27', '2019-04-18 00:27:47', 'Member27', true, 'The title of <Post27>', 'The content of the post <Post27>');
insert into post (id, topic_id, date, author_id, publicly_available, title, content) values ('Post28', 'Topic28', '2019-04-17 01:28:47', 'Member28', true, 'The title of <Post28>', 'The content of the post <Post28>');
insert into post (id, topic_id, date, author_id, publicly_available, title, content) values ('Post29', 'Topic29', '2019-04-16 02:29:47', 'Member29', false, 'The title of <Post29>', 'The content of the post <Post29>');
insert into post (id, topic_id, date, author_id, publicly_available, title, content) values ('Post30', 'Topic30', '2019-04-15 03:30:47', 'Member30', true, 'The title of <Post30>', 'The content of the post <Post30>');
insert into post (id, topic_id, date, author_id, publicly_available, title, content) values ('Post31', 'Topic31', '2019-04-14 04:31:47', 'Member31', true, 'The title of <Post31>', 'The content of the post <Post31>');
insert into post (id, topic_id, date, author_id, publicly_available, title, content) values ('Post32', 'Topic32', '2019-04-13 05:32:47', 'Member32', true, 'The title of <Post32>', 'The content of the post <Post32>');
insert into post (id, topic_id, date, author_id, publicly_available, title, content) values ('Post33', 'Topic33', '2019-04-12 06:33:47', 'Member33', true, 'The title of <Post33>', 'The content of the post <Post33>');
insert into post (id, topic_id, date, author_id, publicly_available, title, content) values ('Post34', 'Topic34', '2019-04-11 07:34:47', 'Member34', true, 'The title of <Post34>', 'The content of the post <Post34>');
insert into post (id, topic_id, date, author_id, publicly_available, title, content) values ('Post35', 'Topic35', '2019-04-10 08:35:47', 'Member35', true, 'The title of <Post35>', 'The content of the post <Post35>');
insert into post (id, topic_id, date, author_id, publicly_available, title, content) values ('Post36', 'Topic36', '2019-04-09 09:36:47', 'Member36', true, 'The title of <Post36>', 'The content of the post <Post36>');
insert into post (id, topic_id, date, author_id, publicly_available, title, content) values ('Post37', 'Topic37', '2019-04-08 10:37:47', 'Member37', true, 'The title of <Post37>', 'The content of the post <Post37>');
insert into post (id, topic_id, date, author_id, publicly_available, title, content) values ('Post38', 'Topic38', '2019-04-07 11:38:47', 'Member38', true, 'The title of <Post38>', 'The content of the post <Post38>');
insert into post (id, topic_id, date, author_id, publicly_available, title, content) values ('Post39', 'Topic39', '2019-04-06 12:39:47', 'Member39', false, 'The title of <Post39>', 'The content of the post <Post39>');
insert into post (id, topic_id, date, author_id, publicly_available, title, content) values ('Post40', 'Topic40', '2019-04-05 13:40:47', 'Member40', true, 'The title of <Post40>', 'The content of the post <Post40>');
insert into post (id, topic_id, date, author_id, publicly_available, title, content) values ('Post41', 'Topic41', '2019-04-04 14:41:47', 'Member41', true, 'The title of <Post41>', 'The content of the post <Post41>');
insert into post (id, topic_id, date, author_id, publicly_available, title, content) values ('Post42', 'Topic42', '2019-04-03 15:42:47', 'Member42', true, 'The title of <Post42>', 'The content of the post <Post42>');
insert into post (id, topic_id, date, author_id, publicly_available, title, content) values ('Post43', 'Topic43', '2019-04-02 16:43:47', 'Member43', true, 'The title of <Post43>', 'The content of the post <Post43>');
insert into post (id, topic_id, date, author_id, publicly_available, title, content) values ('Post44', 'Topic44', '2019-04-01 17:44:47', 'Member44', true, 'The title of <Post44>', 'The content of the post <Post44>');
insert into post (id, topic_id, date, author_id, publicly_available, title, content) values ('Post45', 'Topic1', '2019-03-30 19:45:47', 'Member1', true, 'The title of <Post45>', 'The content of the post <Post45>');
insert into post (id, topic_id, date, author_id, publicly_available, title, content) values ('Post46', 'Topic2', '2019-03-29 20:46:47', 'Member2', true, 'The title of <Post46>', 'The content of the post <Post46>');
insert into post (id, topic_id, date, author_id, publicly_available, title, content) values ('Post47', 'Topic3', '2019-03-28 21:47:47', 'Member3', true, 'The title of <Post47>', 'The content of the post <Post47>');
insert into post (id, topic_id, date, author_id, publicly_available, title, content) values ('Post48', 'Topic4', '2019-03-27 22:48:47', 'Member4', true, 'The title of <Post48>', 'The content of the post <Post48>');
insert into post (id, topic_id, date, author_id, publicly_available, title, content) values ('Post49', 'Topic5', '2019-03-26 23:49:47', 'Member5', false, 'The title of <Post49>', 'The content of the post <Post49>');
insert into post (id, topic_id, date, author_id, publicly_available, title, content) values ('Post50', 'Topic6', '2019-03-26 00:50:47', 'Member6', true, 'The title of <Post50>', 'The content of the post <Post50>');
insert into post (id, topic_id, date, author_id, publicly_available, title, content) values ('Post51', 'Topic7', '2019-03-25 01:51:47', 'Member7', true, 'The title of <Post51>', 'The content of the post <Post51>');
insert into post (id, topic_id, date, author_id, publicly_available, title, content) values ('Post52', 'Topic8', '2019-03-24 02:52:47', 'Member8', true, 'The title of <Post52>', 'The content of the post <Post52>');
insert into post (id, topic_id, date, author_id, publicly_available, title, content) values ('Post53', 'Topic9', '2019-03-23 03:53:47', 'Member9', true, 'The title of <Post53>', 'The content of the post <Post53>');
insert into post (id, topic_id, date, author_id, publicly_available, title, content) values ('Post54', 'Topic10', '2019-03-22 04:54:47', 'Member10', true, 'The title of <Post54>', 'The content of the post <Post54>');
insert into post (id, topic_id, date, author_id, publicly_available, title, content) values ('Post55', 'Topic11', '2019-03-21 05:55:47', 'Member11', true, 'The title of <Post55>', 'The content of the post <Post55>');
insert into post (id, topic_id, date, author_id, publicly_available, title, content) values ('Post56', 'Topic12', '2019-03-20 06:56:47', 'Member12', true, 'The title of <Post56>', 'The content of the post <Post56>');
insert into post (id, topic_id, date, author_id, publicly_available, title, content) values ('Post57', 'Topic13', '2019-03-19 07:57:47', 'Member13', true, 'The title of <Post57>', 'The content of the post <Post57>');
insert into post (id, topic_id, date, author_id, publicly_available, title, content) values ('Post58', 'Topic14', '2019-03-18 08:58:47', 'Member14', true, 'The title of <Post58>', 'The content of the post <Post58>');
insert into post (id, topic_id, date, author_id, publicly_available, title, content) values ('Post59', 'Topic15', '2019-03-17 09:59:47', 'Member15', false, 'The title of <Post59>', 'The content of the post <Post59>');
insert into post (id, topic_id, date, author_id, publicly_available, title, content) values ('Post60', 'Topic16', '2019-03-16 11:00:47', 'Member16', true, 'The title of <Post60>', 'The content of the post <Post60>');
insert into post (id, topic_id, date, author_id, publicly_available, title, content) values ('Post61', 'Topic17', '2019-03-15 12:01:47', 'Member17', true, 'The title of <Post61>', 'The content of the post <Post61>');
insert into post (id, topic_id, date, author_id, publicly_available, title, content) values ('Post62', 'Topic18', '2019-03-14 13:02:47', 'Member18', true, 'The title of <Post62>', 'The content of the post <Post62>');
insert into post (id, topic_id, date, author_id, publicly_available, title, content) values ('Post63', 'Topic19', '2019-03-13 14:03:47', 'Member19', true, 'The title of <Post63>', 'The content of the post <Post63>');
insert into post (id, topic_id, date, author_id, publicly_available, title, content) values ('Post64', 'Topic20', '2019-03-12 15:04:47', 'Member20', true, 'The title of <Post64>', 'The content of the post <Post64>');
insert into post (id, topic_id, date, author_id, publicly_available, title, content) values ('Post65', 'Topic21', '2019-03-11 16:05:47', 'Member21', true, 'The title of <Post65>', 'The content of the post <Post65>');
insert into post (id, topic_id, date, author_id, publicly_available, title, content) values ('Post66', 'Topic22', '2019-03-10 17:06:47', 'Member22', true, 'The title of <Post66>', 'The content of the post <Post66>');
insert into post (id, topic_id, date, author_id, publicly_available, title, content) values ('Post67', 'Topic23', '2019-03-09 18:07:47', 'Member23', true, 'The title of <Post67>', 'The content of the post <Post67>');
insert into post (id, topic_id, date, author_id, publicly_available, title, content) values ('Post68', 'Topic24', '2019-03-07 20:08:47', 'Member24', true, 'The title of <Post68>', 'The content of the post <Post68>');
insert into post (id, topic_id, date, author_id, publicly_available, title, content) values ('Post69', 'Topic25', '2019-03-06 21:09:47', 'Member25', false, 'The title of <Post69>', 'The content of the post <Post69>');
insert into post (id, topic_id, date, author_id, publicly_available, title, content) values ('Post70', 'Topic26', '2019-03-05 22:10:47', 'Member26', true, 'The title of <Post70>', 'The content of the post <Post70>');
insert into post (id, topic_id, date, author_id, publicly_available, title, content) values ('Post71', 'Topic27', '2019-03-04 23:11:47', 'Member27', true, 'The title of <Post71>', 'The content of the post <Post71>');
insert into post (id, topic_id, date, author_id, publicly_available, title, content) values ('Post72', 'Topic28', '2019-03-04 00:12:47', 'Member28', true, 'The title of <Post72>', 'The content of the post <Post72>');
insert into post (id, topic_id, date, author_id, publicly_available, title, content) values ('Post73', 'Topic29', '2019-03-03 01:13:47', 'Member29', true, 'The title of <Post73>', 'The content of the post <Post73>');
insert into post (id, topic_id, date, author_id, publicly_available, title, content) values ('Post74', 'Topic30', '2019-03-02 02:14:47', 'Member30', true, 'The title of <Post74>', 'The content of the post <Post74>');
insert into post (id, topic_id, date, author_id, publicly_available, title, content) values ('Post75', 'Topic31', '2019-03-01 02:15:47', 'Member31', true, 'The title of <Post75>', 'The content of the post <Post75>');
insert into post (id, topic_id, date, author_id, publicly_available, title, content) values ('Post76', 'Topic32', '2019-02-28 03:16:47', 'Member32', true, 'The title of <Post76>', 'The content of the post <Post76>');
insert into post (id, topic_id, date, author_id, publicly_available, title, content) values ('Post77', 'Topic33', '2019-02-27 04:17:47', 'Member33', true, 'The title of <Post77>', 'The content of the post <Post77>');
insert into post (id, topic_id, date, author_id, publicly_available, title, content) values ('Post78', 'Topic34', '2019-02-26 05:18:47', 'Member34', true, 'The title of <Post78>', 'The content of the post <Post78>');
insert into post (id, topic_id, date, author_id, publicly_available, title, content) values ('Post79', 'Topic35', '2019-02-25 06:19:47', 'Member35', false, 'The title of <Post79>', 'The content of the post <Post79>');
insert into post (id, topic_id, date, author_id, publicly_available, title, content) values ('Post80', 'Topic36', '2019-02-24 07:20:47', 'Member36', true, 'The title of <Post80>', 'The content of the post <Post80>');
insert into post (id, topic_id, date, author_id, publicly_available, title, content) values ('Post81', 'Topic37', '2019-02-23 08:21:47', 'Member37', true, 'The title of <Post81>', 'The content of the post <Post81>');
insert into post (id, topic_id, date, author_id, publicly_available, title, content) values ('Post82', 'Topic38', '2019-02-22 09:22:47', 'Member38', true, 'The title of <Post82>', 'The content of the post <Post82>');
insert into post (id, topic_id, date, author_id, publicly_available, title, content) values ('Post83', 'Topic39', '2019-02-21 10:23:47', 'Member39', true, 'The title of <Post83>', 'The content of the post <Post83>');
insert into post (id, topic_id, date, author_id, publicly_available, title, content) values ('Post84', 'Topic40', '2019-02-20 11:24:47', 'Member40', true, 'The title of <Post84>', 'The content of the post <Post84>');
insert into post (id, topic_id, date, author_id, publicly_available, title, content) values ('Post85', 'Topic41', '2019-02-19 12:25:47', 'Member41', true, 'The title of <Post85>', 'The content of the post <Post85>');
insert into post (id, topic_id, date, author_id, publicly_available, title, content) values ('Post86', 'Topic42', '2019-02-18 13:26:47', 'Member42', true, 'The title of <Post86>', 'The content of the post <Post86>');
insert into post (id, topic_id, date, author_id, publicly_available, title, content) values ('Post87', 'Topic43', '2019-02-17 14:27:47', 'Member43', true, 'The title of <Post87>', 'The content of the post <Post87>');
insert into post (id, topic_id, date, author_id, publicly_available, title, content) values ('Post88', 'Topic44', '2019-02-16 15:28:47', 'Member44', true, 'The title of <Post88>', 'The content of the post <Post88>');
insert into post (id, topic_id, date, author_id, publicly_available, title, content) values ('Post89', 'Topic1', '2019-02-15 16:29:47', 'Member1', false, 'The title of <Post89>', 'The content of the post <Post89>');
insert into post (id, topic_id, date, author_id, publicly_available, title, content) values ('Post90', 'Topic2', '2019-02-14 17:30:47', 'Member2', true, 'The title of <Post90>', 'The content of the post <Post90>');
insert into post (id, topic_id, date, author_id, publicly_available, title, content) values ('Post91', 'Topic3', '2019-02-12 19:31:47', 'Member3', true, 'The title of <Post91>', 'The content of the post <Post91>');
insert into post (id, topic_id, date, author_id, publicly_available, title, content) values ('Post92', 'Topic4', '2019-02-11 20:32:47', 'Member4', true, 'The title of <Post92>', 'The content of the post <Post92>');
insert into post (id, topic_id, date, author_id, publicly_available, title, content) values ('Post93', 'Topic5', '2019-02-10 21:33:47', 'Member5', true, 'The title of <Post93>', 'The content of the post <Post93>');
insert into post (id, topic_id, date, author_id, publicly_available, title, content) values ('Post94', 'Topic6', '2019-02-09 22:34:47', 'Member6', true, 'The title of <Post94>', 'The content of the post <Post94>');
insert into post (id, topic_id, date, author_id, publicly_available, title, content) values ('Post95', 'Topic7', '2019-02-08 23:35:47', 'Member7', true, 'The title of <Post95>', 'The content of the post <Post95>');
insert into post (id, topic_id, date, author_id, publicly_available, title, content) values ('Post96', 'Topic8', '2019-02-08 00:36:47', 'Member8', true, 'The title of <Post96>', 'The content of the post <Post96>');
insert into post (id, topic_id, date, author_id, publicly_available, title, content) values ('Post97', 'Topic9', '2019-02-07 01:37:47', 'Member9', true, 'The title of <Post97>', 'The content of the post <Post97>');
insert into post (id, topic_id, date, author_id, publicly_available, title, content) values ('Post98', 'Topic10', '2019-02-06 02:38:47', 'Member10', true, 'The title of <Post98>', 'The content of the post <Post98>');
insert into post (id, topic_id, date, author_id, publicly_available, title, content) values ('Post99', 'Topic11', '2019-02-05 03:39:47', 'Member11', false, 'The title of <Post99>', 'The content of the post <Post99>');
insert into post (id, topic_id, date, author_id, publicly_available, title, content) values ('Post100', 'Topic12', '2019-02-04 04:40:47', 'Member12', true, 'The title of <Post100>', 'The content of the post <Post100>');
insert into post (id, topic_id, date, author_id, publicly_available, title, content) values ('Post101', 'Topic13', '2019-02-03 05:41:47', 'Member13', true, 'The title of <Post101>', 'The content of the post <Post101>');
insert into post (id, topic_id, date, author_id, publicly_available, title, content) values ('Post102', 'Topic14', '2019-02-02 06:42:47', 'Member14', true, 'The title of <Post102>', 'The content of the post <Post102>');
insert into post (id, topic_id, date, author_id, publicly_available, title, content) values ('Post103', 'Topic15', '2019-02-01 07:43:47', 'Member15', true, 'The title of <Post103>', 'The content of the post <Post103>');
insert into post (id, topic_id, date, author_id, publicly_available, title, content) values ('Post104', 'Topic16', '2019-01-31 08:44:47', 'Member16', true, 'The title of <Post104>', 'The content of the post <Post104>');
insert into post (id, topic_id, date, author_id, publicly_available, title, content) values ('Post105', 'Topic17', '2019-01-30 09:45:47', 'Member17', true, 'The title of <Post105>', 'The content of the post <Post105>');
insert into post (id, topic_id, date, author_id, publicly_available, title, content) values ('Post106', 'Topic18', '2019-01-29 10:46:47', 'Member18', true, 'The title of <Post106>', 'The content of the post <Post106>');
insert into post (id, topic_id, date, author_id, publicly_available, title, content) values ('Post107', 'Topic19', '2019-01-28 11:47:47', 'Member19', true, 'The title of <Post107>', 'The content of the post <Post107>');
insert into post (id, topic_id, date, author_id, publicly_available, title, content) values ('Post108', 'Topic20', '2019-01-27 12:48:47', 'Member20', true, 'The title of <Post108>', 'The content of the post <Post108>');
insert into post (id, topic_id, date, author_id, publicly_available, title, content) values ('Post109', 'Topic21', '2019-01-26 13:49:47', 'Member21', false, 'The title of <Post109>', 'The content of the post <Post109>');
insert into post (id, topic_id, date, author_id, publicly_available, title, content) values ('Post110', 'Topic22', '2019-01-25 14:50:47', 'Member22', true, 'The title of <Post110>', 'The content of the post <Post110>');
insert into post (id, topic_id, date, author_id, publicly_available, title, content) values ('Post111', 'Topic23', '2019-01-24 15:51:47', 'Member23', true, 'The title of <Post111>', 'The content of the post <Post111>');
insert into post (id, topic_id, date, author_id, publicly_available, title, content) values ('Post112', 'Topic24', '2019-01-23 16:52:47', 'Member24', true, 'The title of <Post112>', 'The content of the post <Post112>');
insert into post (id, topic_id, date, author_id, publicly_available, title, content) values ('Post113', 'Topic25', '2019-01-22 17:53:47', 'Member25', true, 'The title of <Post113>', 'The content of the post <Post113>');
insert into post (id, topic_id, date, author_id, publicly_available, title, content) values ('Post114', 'Topic26', '2019-01-20 19:54:47', 'Member26', true, 'The title of <Post114>', 'The content of the post <Post114>');
insert into post (id, topic_id, date, author_id, publicly_available, title, content) values ('Post115', 'Topic27', '2019-01-19 20:55:47', 'Member27', true, 'The title of <Post115>', 'The content of the post <Post115>');
insert into post (id, topic_id, date, author_id, publicly_available, title, content) values ('Post116', 'Topic28', '2019-01-18 21:56:47', 'Member28', true, 'The title of <Post116>', 'The content of the post <Post116>');
insert into post (id, topic_id, date, author_id, publicly_available, title, content) values ('Post117', 'Topic29', '2019-01-17 22:57:47', 'Member29', true, 'The title of <Post117>', 'The content of the post <Post117>');
insert into post (id, topic_id, date, author_id, publicly_available, title, content) values ('Post118', 'Topic30', '2019-01-16 23:58:47', 'Member30', true, 'The title of <Post118>', 'The content of the post <Post118>');
insert into post (id, topic_id, date, author_id, publicly_available, title, content) values ('Post119', 'Topic31', '2019-01-16 00:59:47', 'Member31', false, 'The title of <Post119>', 'The content of the post <Post119>');
insert into post (id, topic_id, date, author_id, publicly_available, title, content) values ('Post120', 'Topic32', '2019-01-15 02:00:47', 'Member32', true, 'The title of <Post120>', 'The content of the post <Post120>');
insert into post (id, topic_id, date, author_id, publicly_available, title, content) values ('Post121', 'Topic33', '2019-01-14 03:01:47', 'Member33', true, 'The title of <Post121>', 'The content of the post <Post121>');
insert into post (id, topic_id, date, author_id, publicly_available, title, content) values ('Post122', 'Topic34', '2019-01-13 04:02:47', 'Member34', true, 'The title of <Post122>', 'The content of the post <Post122>');
insert into post (id, topic_id, date, author_id, publicly_available, title, content) values ('Post123', 'Topic35', '2019-01-12 05:03:47', 'Member35', true, 'The title of <Post123>', 'The content of the post <Post123>');
insert into post (id, topic_id, date, author_id, publicly_available, title, content) values ('Post124', 'Topic36', '2019-01-11 06:04:47', 'Member36', true, 'The title of <Post124>', 'The content of the post <Post124>');
insert into post (id, topic_id, date, author_id, publicly_available, title, content) values ('Post125', 'Topic37', '2019-01-10 07:05:47', 'Member37', true, 'The title of <Post125>', 'The content of the post <Post125>');
insert into post (id, topic_id, date, author_id, publicly_available, title, content) values ('Post126', 'Topic38', '2019-01-09 08:06:47', 'Member38', true, 'The title of <Post126>', 'The content of the post <Post126>');
insert into post (id, topic_id, date, author_id, publicly_available, title, content) values ('Post127', 'Topic39', '2019-01-08 09:07:47', 'Member39', true, 'The title of <Post127>', 'The content of the post <Post127>');
insert into post (id, topic_id, date, author_id, publicly_available, title, content) values ('Post128', 'Topic40', '2019-01-07 10:08:47', 'Member40', true, 'The title of <Post128>', 'The content of the post <Post128>');
insert into post (id, topic_id, date, author_id, publicly_available, title, content) values ('Post129', 'Topic41', '2019-01-06 11:09:47', 'Member41', false, 'The title of <Post129>', 'The content of the post <Post129>');
insert into post (id, topic_id, date, author_id, publicly_available, title, content) values ('Post130', 'Topic42', '2019-01-05 12:10:47', 'Member42', true, 'The title of <Post130>', 'The content of the post <Post130>');
insert into post (id, topic_id, date, author_id, publicly_available, title, content) values ('Post131', 'Topic43', '2019-01-04 13:11:47', 'Member43', true, 'The title of <Post131>', 'The content of the post <Post131>');
insert into post (id, topic_id, date, author_id, publicly_available, title, content) values ('Post132', 'Topic44', '2019-01-03 14:12:47', 'Member44', true, 'The title of <Post132>', 'The content of the post <Post132>');
insert into post (id, topic_id, date, author_id, publicly_available, title, content) values ('Post133', 'Topic1', '2019-01-02 15:13:47', 'Member1', true, 'The title of <Post133>', 'The content of the post <Post133>');
insert into post (id, topic_id, date, author_id, publicly_available, title, content) values ('Post134', 'Topic2', '2019-01-01 16:14:47', 'Member2', true, 'The title of <Post134>', 'The content of the post <Post134>');
insert into post (id, topic_id, date, author_id, publicly_available, title, content) values ('Post135', 'Topic3', '2018-12-31 16:15:47', 'Member3', true, 'The title of <Post135>', 'The content of the post <Post135>');
insert into post (id, topic_id, date, author_id, publicly_available, title, content) values ('Post136', 'Topic4', '2018-12-30 17:16:47', 'Member4', true, 'The title of <Post136>', 'The content of the post <Post136>');
insert into post (id, topic_id, date, author_id, publicly_available, title, content) values ('Post137', 'Topic5', '2018-12-28 19:17:47', 'Member5', true, 'The title of <Post137>', 'The content of the post <Post137>');
insert into post (id, topic_id, date, author_id, publicly_available, title, content) values ('Post138', 'Topic6', '2018-12-27 20:18:47', 'Member6', true, 'The title of <Post138>', 'The content of the post <Post138>');
insert into post (id, topic_id, date, author_id, publicly_available, title, content) values ('Post139', 'Topic7', '2018-12-26 21:19:47', 'Member7', false, 'The title of <Post139>', 'The content of the post <Post139>');
insert into post (id, topic_id, date, author_id, publicly_available, title, content) values ('Post140', 'Topic8', '2018-12-25 22:20:47', 'Member8', true, 'The title of <Post140>', 'The content of the post <Post140>');
insert into post (id, topic_id, date, author_id, publicly_available, title, content) values ('Post141', 'Topic9', '2018-12-24 23:21:47', 'Member9', true, 'The title of <Post141>', 'The content of the post <Post141>');
insert into post (id, topic_id, date, author_id, publicly_available, title, content) values ('Post142', 'Topic10', '2018-12-24 00:22:47', 'Member10', true, 'The title of <Post142>', 'The content of the post <Post142>');
insert into post (id, topic_id, date, author_id, publicly_available, title, content) values ('Post143', 'Topic11', '2018-12-23 01:23:47', 'Member11', true, 'The title of <Post143>', 'The content of the post <Post143>');
insert into post (id, topic_id, date, author_id, publicly_available, title, content) values ('Post144', 'Topic12', '2018-12-22 02:24:47', 'Member12', true, 'The title of <Post144>', 'The content of the post <Post144>');
insert into post (id, topic_id, date, author_id, publicly_available, title, content) values ('Post145', 'Topic13', '2018-12-21 03:25:47', 'Member13', true, 'The title of <Post145>', 'The content of the post <Post145>');
insert into post (id, topic_id, date, author_id, publicly_available, title, content) values ('Post146', 'Topic14', '2018-12-20 04:26:47', 'Member14', true, 'The title of <Post146>', 'The content of the post <Post146>');
insert into post (id, topic_id, date, author_id, publicly_available, title, content) values ('Post147', 'Topic15', '2018-12-19 05:27:47', 'Member15', true, 'The title of <Post147>', 'The content of the post <Post147>');
insert into post (id, topic_id, date, author_id, publicly_available, title, content) values ('Post148', 'Topic16', '2018-12-18 06:28:47', 'Member16', true, 'The title of <Post148>', 'The content of the post <Post148>');
insert into post (id, topic_id, date, author_id, publicly_available, title, content) values ('Post149', 'Topic17', '2018-12-17 07:29:47', 'Member17', false, 'The title of <Post149>', 'The content of the post <Post149>');
insert into post (id, topic_id, date, author_id, publicly_available, title, content) values ('Post150', 'Topic18', '2018-12-16 08:30:47', 'Member18', true, 'The title of <Post150>', 'The content of the post <Post150>');
insert into post (id, topic_id, date, author_id, publicly_available, title, content) values ('Post151', 'Topic19', '2018-12-15 09:31:47', 'Member19', true, 'The title of <Post151>', 'The content of the post <Post151>');
insert into post (id, topic_id, date, author_id, publicly_available, title, content) values ('Post152', 'Topic20', '2018-12-14 10:32:47', 'Member20', true, 'The title of <Post152>', 'The content of the post <Post152>');
insert into post (id, topic_id, date, author_id, publicly_available, title, content) values ('Post153', 'Topic21', '2018-12-13 11:33:47', 'Member21', true, 'The title of <Post153>', 'The content of the post <Post153>');
insert into post (id, topic_id, date, author_id, publicly_available, title, content) values ('Post154', 'Topic22', '2018-12-12 12:34:47', 'Member22', true, 'The title of <Post154>', 'The content of the post <Post154>');
insert into post (id, topic_id, date, author_id, publicly_available, title, content) values ('Post155', 'Topic23', '2018-12-11 13:35:47', 'Member23', true, 'The title of <Post155>', 'The content of the post <Post155>');
insert into post (id, topic_id, date, author_id, publicly_available, title, content) values ('Post156', 'Topic24', '2018-12-10 14:36:47', 'Member24', true, 'The title of <Post156>', 'The content of the post <Post156>');
insert into post (id, topic_id, date, author_id, publicly_available, title, content) values ('Post157', 'Topic25', '2018-12-09 15:37:47', 'Member25', true, 'The title of <Post157>', 'The content of the post <Post157>');
insert into post (id, topic_id, date, author_id, publicly_available, title, content) values ('Post158', 'Topic26', '2018-12-08 16:38:47', 'Member26', true, 'The title of <Post158>', 'The content of the post <Post158>');
insert into post (id, topic_id, date, author_id, publicly_available, title, content) values ('Post159', 'Topic27', '2018-12-07 17:39:47', 'Member27', false, 'The title of <Post159>', 'The content of the post <Post159>');
insert into post (id, topic_id, date, author_id, publicly_available, title, content) values ('Post160', 'Topic28', '2018-12-05 19:40:47', 'Member28', true, 'The title of <Post160>', 'The content of the post <Post160>');
insert into post (id, topic_id, date, author_id, publicly_available, title, content) values ('Post161', 'Topic29', '2018-12-04 20:41:47', 'Member29', true, 'The title of <Post161>', 'The content of the post <Post161>');
insert into post (id, topic_id, date, author_id, publicly_available, title, content) values ('Post162', 'Topic30', '2018-12-03 21:42:47', 'Member30', true, 'The title of <Post162>', 'The content of the post <Post162>');
insert into post (id, topic_id, date, author_id, publicly_available, title, content) values ('Post163', 'Topic31', '2018-12-02 22:43:47', 'Member31', true, 'The title of <Post163>', 'The content of the post <Post163>');
insert into post (id, topic_id, date, author_id, publicly_available, title, content) values ('Post164', 'Topic32', '2018-12-01 23:44:47', 'Member32', true, 'The title of <Post164>', 'The content of the post <Post164>');
insert into post (id, topic_id, date, author_id, publicly_available, title, content) values ('Post165', 'Topic33', '2018-12-01 00:45:47', 'Member33', true, 'The title of <Post165>', 'The content of the post <Post165>');
insert into post (id, topic_id, date, author_id, publicly_available, title, content) values ('Post166', 'Topic34', '2018-11-30 01:46:47', 'Member34', true, 'The title of <Post166>', 'The content of the post <Post166>');
insert into post (id, topic_id, date, author_id, publicly_available, title, content) values ('Post167', 'Topic35', '2018-11-29 02:47:47', 'Member35', true, 'The title of <Post167>', 'The content of the post <Post167>');
insert into post (id, topic_id, date, author_id, publicly_available, title, content) values ('Post168', 'Topic36', '2018-11-28 03:48:47', 'Member36', true, 'The title of <Post168>', 'The content of the post <Post168>');
insert into post (id, topic_id, date, author_id, publicly_available, title, content) values ('Post169', 'Topic37', '2018-11-27 04:49:47', 'Member37', false, 'The title of <Post169>', 'The content of the post <Post169>');
insert into post (id, topic_id, date, author_id, publicly_available, title, content) values ('Post170', 'Topic38', '2018-11-26 05:50:47', 'Member38', true, 'The title of <Post170>', 'The content of the post <Post170>');
insert into post (id, topic_id, date, author_id, publicly_available, title, content) values ('Post171', 'Topic39', '2018-11-25 06:51:47', 'Member39', true, 'The title of <Post171>', 'The content of the post <Post171>');
insert into post (id, topic_id, date, author_id, publicly_available, title, content) values ('Post172', 'Topic40', '2018-11-24 07:52:47', 'Member40', true, 'The title of <Post172>', 'The content of the post <Post172>');
insert into post (id, topic_id, date, author_id, publicly_available, title, content) values ('Post173', 'Topic41', '2018-11-23 08:53:47', 'Member41', true, 'The title of <Post173>', 'The content of the post <Post173>');
insert into post (id, topic_id, date, author_id, publicly_available, title, content) values ('Post174', 'Topic42', '2018-11-22 09:54:47', 'Member42', true, 'The title of <Post174>', 'The content of the post <Post174>');
insert into post (id, topic_id, date, author_id, publicly_available, title, content) values ('Post175', 'Topic43', '2018-11-21 10:55:47', 'Member43', true, 'The title of <Post175>', 'The content of the post <Post175>');
insert into post (id, topic_id, date, author_id, publicly_available, title, content) values ('Post176', 'Topic44', '2018-11-20 11:56:47', 'Member44', true, 'The title of <Post176>', 'The content of the post <Post176>');
insert into post (id, topic_id, date, author_id, publicly_available, title, content) values ('Post177', 'Topic1', '2018-11-19 12:57:47', 'Member1', true, 'The title of <Post177>', 'The content of the post <Post177>');
insert into post (id, topic_id, date, author_id, publicly_available, title, content) values ('Post178', 'Topic2', '2018-11-18 13:58:47', 'Member2', true, 'The title of <Post178>', 'The content of the post <Post178>');
insert into post (id, topic_id, date, author_id, publicly_available, title, content) values ('Post179', 'Topic3', '2018-11-17 14:59:47', 'Member3', false, 'The title of <Post179>', 'The content of the post <Post179>');
insert into post (id, topic_id, date, author_id, publicly_available, title, content) values ('Post180', 'Topic4', '2018-11-16 16:00:47', 'Member4', true, 'The title of <Post180>', 'The content of the post <Post180>');
insert into post (id, topic_id, date, author_id, publicly_available, title, content) values ('Post181', 'Topic5', '2018-11-15 17:01:47', 'Member5', true, 'The title of <Post181>', 'The content of the post <Post181>');
insert into post (id, topic_id, date, author_id, publicly_available, title, content) values ('Post182', 'Topic6', '2018-11-14 18:02:47', 'Member6', true, 'The title of <Post182>', 'The content of the post <Post182>');
insert into post (id, topic_id, date, author_id, publicly_available, title, content) values ('Post183', 'Topic7', '2018-11-12 20:03:47', 'Member7', true, 'The title of <Post183>', 'The content of the post <Post183>');
insert into post (id, topic_id, date, author_id, publicly_available, title, content) values ('Post184', 'Topic8', '2018-11-11 21:04:47', 'Member8', true, 'The title of <Post184>', 'The content of the post <Post184>');
insert into post (id, topic_id, date, author_id, publicly_available, title, content) values ('Post185', 'Topic9', '2018-11-10 22:05:47', 'Member9', true, 'The title of <Post185>', 'The content of the post <Post185>');
insert into post (id, topic_id, date, author_id, publicly_available, title, content) values ('Post186', 'Topic10', '2018-11-09 23:06:47', 'Member10', true, 'The title of <Post186>', 'The content of the post <Post186>');
insert into post (id, topic_id, date, author_id, publicly_available, title, content) values ('Post187', 'Topic11', '2018-11-09 00:07:47', 'Member11', true, 'The title of <Post187>', 'The content of the post <Post187>');
insert into post (id, topic_id, date, author_id, publicly_available, title, content) values ('Post188', 'Topic12', '2018-11-08 01:08:47', 'Member12', true, 'The title of <Post188>', 'The content of the post <Post188>');
insert into post (id, topic_id, date, author_id, publicly_available, title, content) values ('Post189', 'Topic13', '2018-11-07 02:09:47', 'Member13', false, 'The title of <Post189>', 'The content of the post <Post189>');
insert into post (id, topic_id, date, author_id, publicly_available, title, content) values ('Post190', 'Topic14', '2018-11-06 03:10:47', 'Member14', true, 'The title of <Post190>', 'The content of the post <Post190>');
insert into post (id, topic_id, date, author_id, publicly_available, title, content) values ('Post191', 'Topic15', '2018-11-05 04:11:47', 'Member15', true, 'The title of <Post191>', 'The content of the post <Post191>');
insert into post (id, topic_id, date, author_id, publicly_available, title, content) values ('Post192', 'Topic16', '2018-11-04 05:12:47', 'Member16', true, 'The title of <Post192>', 'The content of the post <Post192>');
insert into post (id, topic_id, date, author_id, publicly_available, title, content) values ('Post193', 'Topic17', '2018-11-03 06:13:47', 'Member17', true, 'The title of <Post193>', 'The content of the post <Post193>');
insert into post (id, topic_id, date, author_id, publicly_available, title, content) values ('Post194', 'Topic18', '2018-11-02 07:14:47', 'Member18', true, 'The title of <Post194>', 'The content of the post <Post194>');
insert into post (id, topic_id, date, author_id, publicly_available, title, content) values ('Post195', 'Topic19', '2018-11-01 07:15:47', 'Member19', true, 'The title of <Post195>', 'The content of the post <Post195>');
insert into post (id, topic_id, date, author_id, publicly_available, title, content) values ('Post196', 'Topic20', '2018-10-31 08:16:47', 'Member20', true, 'The title of <Post196>', 'The content of the post <Post196>');
insert into post (id, topic_id, date, author_id, publicly_available, title, content) values ('Post197', 'Topic21', '2018-10-30 09:17:47', 'Member21', true, 'The title of <Post197>', 'The content of the post <Post197>');
insert into post (id, topic_id, date, author_id, publicly_available, title, content) values ('Post198', 'Topic22', '2018-10-29 10:18:47', 'Member22', true, 'The title of <Post198>', 'The content of the post <Post198>');
insert into post (id, topic_id, date, author_id, publicly_available, title, content) values ('Post199', 'Topic23', '2018-10-28 11:19:47', 'Member23', false, 'The title of <Post199>', 'The content of the post <Post199>');
insert into post (id, topic_id, date, author_id, publicly_available, title, content) values ('Post200', 'Topic24', '2018-10-27 12:20:47', 'Member24', true, 'The title of <Post200>', 'The content of the post <Post200>');
insert into post (id, topic_id, date, author_id, publicly_available, title, content) values ('Post201', 'Topic25', '2018-10-26 13:21:47', 'Member25', true, 'The title of <Post201>', 'The content of the post <Post201>');
insert into post (id, topic_id, date, author_id, publicly_available, title, content) values ('Post202', 'Topic26', '2018-10-25 14:22:47', 'Member26', true, 'The title of <Post202>', 'The content of the post <Post202>');
insert into post (id, topic_id, date, author_id, publicly_available, title, content) values ('Post203', 'Topic27', '2018-10-24 15:23:47', 'Member27', true, 'The title of <Post203>', 'The content of the post <Post203>');
insert into post (id, topic_id, date, author_id, publicly_available, title, content) values ('Post204', 'Topic28', '2018-10-23 16:24:47', 'Member28', true, 'The title of <Post204>', 'The content of the post <Post204>');
insert into post (id, topic_id, date, author_id, publicly_available, title, content) values ('Post205', 'Topic29', '2018-10-22 17:25:47', 'Member29', true, 'The title of <Post205>', 'The content of the post <Post205>');
insert into post (id, topic_id, date, author_id, publicly_available, title, content) values ('Post206', 'Topic30', '2018-10-20 19:26:47', 'Member30', true, 'The title of <Post206>', 'The content of the post <Post206>');
insert into post (id, topic_id, date, author_id, publicly_available, title, content) values ('Post207', 'Topic31', '2018-10-19 20:27:47', 'Member31', true, 'The title of <Post207>', 'The content of the post <Post207>');
insert into post (id, topic_id, date, author_id, publicly_available, title, content) values ('Post208', 'Topic32', '2018-10-18 21:28:47', 'Member32', true, 'The title of <Post208>', 'The content of the post <Post208>');
insert into post (id, topic_id, date, author_id, publicly_available, title, content) values ('Post209', 'Topic33', '2018-10-17 22:29:47', 'Member33', false, 'The title of <Post209>', 'The content of the post <Post209>');
insert into post (id, topic_id, date, author_id, publicly_available, title, content) values ('Post210', 'Topic34', '2018-10-16 23:30:47', 'Member34', true, 'The title of <Post210>', 'The content of the post <Post210>');
insert into post (id, topic_id, date, author_id, publicly_available, title, content) values ('Post211', 'Topic35', '2018-10-16 00:31:47', 'Member35', true, 'The title of <Post211>', 'The content of the post <Post211>');
insert into post (id, topic_id, date, author_id, publicly_available, title, content) values ('Post212', 'Topic36', '2018-10-15 01:32:47', 'Member36', true, 'The title of <Post212>', 'The content of the post <Post212>');
insert into post (id, topic_id, date, author_id, publicly_available, title, content) values ('Post213', 'Topic37', '2018-10-14 02:33:47', 'Member37', true, 'The title of <Post213>', 'The content of the post <Post213>');
insert into post (id, topic_id, date, author_id, publicly_available, title, content) values ('Post214', 'Topic38', '2018-10-13 03:34:47', 'Member38', true, 'The title of <Post214>', 'The content of the post <Post214>');
insert into post (id, topic_id, date, author_id, publicly_available, title, content) values ('Post215', 'Topic39', '2018-10-12 04:35:47', 'Member39', true, 'The title of <Post215>', 'The content of the post <Post215>');
insert into post (id, topic_id, date, author_id, publicly_available, title, content) values ('Post216', 'Topic40', '2018-10-11 05:36:47', 'Member40', true, 'The title of <Post216>', 'The content of the post <Post216>');
insert into post (id, topic_id, date, author_id, publicly_available, title, content) values ('Post217', 'Topic41', '2018-10-10 06:37:47', 'Member41', true, 'The title of <Post217>', 'The content of the post <Post217>');
insert into post (id, topic_id, date, author_id, publicly_available, title, content) values ('Post218', 'Topic42', '2018-10-09 07:38:47', 'Member42', true, 'The title of <Post218>', 'The content of the post <Post218>');
insert into post (id, topic_id, date, author_id, publicly_available, title, content) values ('Post219', 'Topic43', '2018-10-08 08:39:47', 'Member43', false, 'The title of <Post219>', 'The content of the post <Post219>');
insert into post (id, topic_id, date, author_id, publicly_available, title, content) values ('Post220', 'Topic44', '2018-10-07 09:40:47', 'Member44', true, 'The title of <Post220>', 'The content of the post <Post220>');
insert into post (id, topic_id, date, author_id, publicly_available, title, content) values ('Post221', 'Topic1', '2018-10-06 10:41:47', 'Member1', true, 'The title of <Post221>', 'The content of the post <Post221>');
insert into post (id, topic_id, date, author_id, publicly_available, title, content) values ('Post222', 'Topic2', '2018-10-05 11:42:47', 'Member2', true, 'The title of <Post222>', 'The content of the post <Post222>');
insert into post (id, topic_id, date, author_id, publicly_available, title, content) values ('Post223', 'Topic3', '2018-10-04 12:43:47', 'Member3', true, 'The title of <Post223>', 'The content of the post <Post223>');
insert into post (id, topic_id, date, author_id, publicly_available, title, content) values ('Post224', 'Topic4', '2018-10-03 13:44:47', 'Member4', true, 'The title of <Post224>', 'The content of the post <Post224>');
insert into post (id, topic_id, date, author_id, publicly_available, title, content) values ('Post225', 'Topic5', '2018-10-02 14:45:47', 'Member5', true, 'The title of <Post225>', 'The content of the post <Post225>');
insert into post (id, topic_id, date, author_id, publicly_available, title, content) values ('Post226', 'Topic6', '2018-10-01 15:46:47', 'Member6', true, 'The title of <Post226>', 'The content of the post <Post226>');
insert into post (id, topic_id, date, author_id, publicly_available, title, content) values ('Post227', 'Topic7', '2018-09-30 16:47:47', 'Member7', true, 'The title of <Post227>', 'The content of the post <Post227>');
insert into post (id, topic_id, date, author_id, publicly_available, title, content) values ('Post228', 'Topic8', '2018-09-29 17:48:47', 'Member8', true, 'The title of <Post228>', 'The content of the post <Post228>');
insert into post (id, topic_id, date, author_id, publicly_available, title, content) values ('Post229', 'Topic9', '2018-09-27 19:49:47', 'Member9', false, 'The title of <Post229>', 'The content of the post <Post229>');
insert into post (id, topic_id, date, author_id, publicly_available, title, content) values ('Post230', 'Topic10', '2018-09-26 20:50:47', 'Member10', true, 'The title of <Post230>', 'The content of the post <Post230>');
insert into post (id, topic_id, date, author_id, publicly_available, title, content) values ('Post231', 'Topic11', '2018-09-25 21:51:47', 'Member11', true, 'The title of <Post231>', 'The content of the post <Post231>');
insert into post (id, topic_id, date, author_id, publicly_available, title, content) values ('Post232', 'Topic12', '2018-09-24 22:52:47', 'Member12', true, 'The title of <Post232>', 'The content of the post <Post232>');
insert into post (id, topic_id, date, author_id, publicly_available, title, content) values ('Post233', 'Topic13', '2018-09-23 23:53:47', 'Member13', true, 'The title of <Post233>', 'The content of the post <Post233>');
insert into post (id, topic_id, date, author_id, publicly_available, title, content) values ('Post234', 'Topic14', '2018-09-23 00:54:47', 'Member14', true, 'The title of <Post234>', 'The content of the post <Post234>');
insert into post (id, topic_id, date, author_id, publicly_available, title, content) values ('Post235', 'Topic15', '2018-09-22 01:55:47', 'Member15', true, 'The title of <Post235>', 'The content of the post <Post235>');
insert into post (id, topic_id, date, author_id, publicly_available, title, content) values ('Post236', 'Topic16', '2018-09-21 02:56:47', 'Member16', true, 'The title of <Post236>', 'The content of the post <Post236>');
insert into post (id, topic_id, date, author_id, publicly_available, title, content) values ('Post237', 'Topic17', '2018-09-20 03:57:47', 'Member17', true, 'The title of <Post237>', 'The content of the post <Post237>');
insert into post (id, topic_id, date, author_id, publicly_available, title, content) values ('Post238', 'Topic18', '2018-09-19 04:58:47', 'Member18', true, 'The title of <Post238>', 'The content of the post <Post238>');
insert into post (id, topic_id, date, author_id, publicly_available, title, content) values ('Post239', 'Topic19', '2018-09-18 05:59:47', 'Member19', false, 'The title of <Post239>', 'The content of the post <Post239>');
insert into post (id, topic_id, date, author_id, publicly_available, title, content) values ('Post240', 'Topic20', '2018-09-17 07:00:47', 'Member20', true, 'The title of <Post240>', 'The content of the post <Post240>');
insert into post (id, topic_id, date, author_id, publicly_available, title, content) values ('Post241', 'Topic21', '2018-09-16 08:01:47', 'Member21', true, 'The title of <Post241>', 'The content of the post <Post241>');
insert into post (id, topic_id, date, author_id, publicly_available, title, content) values ('Post242', 'Topic22', '2018-09-15 09:02:47', 'Member22', true, 'The title of <Post242>', 'The content of the post <Post242>');
insert into post (id, topic_id, date, author_id, publicly_available, title, content) values ('Post243', 'Topic23', '2018-09-14 10:03:47', 'Member23', true, 'The title of <Post243>', 'The content of the post <Post243>');
insert into post (id, topic_id, date, author_id, publicly_available, title, content) values ('Post244', 'Topic24', '2018-09-13 11:04:47', 'Member24', true, 'The title of <Post244>', 'The content of the post <Post244>');
insert into post (id, topic_id, date, author_id, publicly_available, title, content) values ('Post245', 'Topic25', '2018-09-12 12:05:47', 'Member25', true, 'The title of <Post245>', 'The content of the post <Post245>');
insert into post (id, topic_id, date, author_id, publicly_available, title, content) values ('Post246', 'Topic26', '2018-09-11 13:06:47', 'Member26', true, 'The title of <Post246>', 'The content of the post <Post246>');
insert into post (id, topic_id, date, author_id, publicly_available, title, content) values ('Post247', 'Topic27', '2018-09-10 14:07:47', 'Member27', true, 'The title of <Post247>', 'The content of the post <Post247>');
insert into post (id, topic_id, date, author_id, publicly_available, title, content) values ('Post248', 'Topic28', '2018-09-09 15:08:47', 'Member28', true, 'The title of <Post248>', 'The content of the post <Post248>');
insert into post (id, topic_id, date, author_id, publicly_available, title, content) values ('Post249', 'Topic29', '2018-09-08 16:09:47', 'Member29', false, 'The title of <Post249>', 'The content of the post <Post249>');
insert into post (id, topic_id, date, author_id, publicly_available, title, content) values ('Post250', 'Topic30', '2018-09-07 17:10:47', 'Member30', true, 'The title of <Post250>', 'The content of the post <Post250>');
insert into post (id, topic_id, date, author_id, publicly_available, title, content) values ('Post251', 'Topic31', '2018-09-06 18:11:47', 'Member31', true, 'The title of <Post251>', 'The content of the post <Post251>');
insert into post (id, topic_id, date, author_id, publicly_available, title, content) values ('Post252', 'Topic32', '2018-09-04 20:12:47', 'Member32', true, 'The title of <Post252>', 'The content of the post <Post252>');
insert into post (id, topic_id, date, author_id, publicly_available, title, content) values ('Post253', 'Topic33', '2018-09-03 21:13:47', 'Member33', true, 'The title of <Post253>', 'The content of the post <Post253>');
insert into post (id, topic_id, date, author_id, publicly_available, title, content) values ('Post254', 'Topic34', '2018-09-02 22:14:47', 'Member34', true, 'The title of <Post254>', 'The content of the post <Post254>');
insert into post (id, topic_id, date, author_id, publicly_available, title, content) values ('Post255', 'Topic35', '2018-09-01 22:15:47', 'Member35', true, 'The title of <Post255>', 'The content of the post <Post255>');
insert into post (id, topic_id, date, author_id, publicly_available, title, content) values ('Post256', 'Topic36', '2018-08-31 23:16:47', 'Member36', true, 'The title of <Post256>', 'The content of the post <Post256>');
insert into post (id, topic_id, date, author_id, publicly_available, title, content) values ('Post257', 'Topic37', '2018-08-31 00:17:47', 'Member37', true, 'The title of <Post257>', 'The content of the post <Post257>');
insert into post (id, topic_id, date, author_id, publicly_available, title, content) values ('Post258', 'Topic38', '2018-08-30 01:18:47', 'Member38', true, 'The title of <Post258>', 'The content of the post <Post258>');
insert into post (id, topic_id, date, author_id, publicly_available, title, content) values ('Post259', 'Topic39', '2018-08-29 02:19:47', 'Member39', false, 'The title of <Post259>', 'The content of the post <Post259>');
insert into post (id, topic_id, date, author_id, publicly_available, title, content) values ('Post260', 'Topic40', '2018-08-28 03:20:47', 'Member40', true, 'The title of <Post260>', 'The content of the post <Post260>');
insert into post (id, topic_id, date, author_id, publicly_available, title, content) values ('Post261', 'Topic41', '2018-08-27 04:21:47', 'Member41', true, 'The title of <Post261>', 'The content of the post <Post261>');
insert into post (id, topic_id, date, author_id, publicly_available, title, content) values ('Post262', 'Topic42', '2018-08-26 05:22:47', 'Member42', true, 'The title of <Post262>', 'The content of the post <Post262>');
insert into post (id, topic_id, date, author_id, publicly_available, title, content) values ('Post263', 'Topic43', '2018-08-25 06:23:47', 'Member43', true, 'The title of <Post263>', 'The content of the post <Post263>');
insert into post (id, topic_id, date, author_id, publicly_available, title, content) values ('Post264', 'Topic44', '2018-08-24 07:24:47', 'Member44', true, 'The title of <Post264>', 'The content of the post <Post264>');
insert into post (id, topic_id, date, author_id, publicly_available, title, content) values ('Post265', 'Topic1', '2018-08-23 08:25:47', 'Member1', true, 'The title of <Post265>', 'The content of the post <Post265>');
insert into post (id, topic_id, date, author_id, publicly_available, title, content) values ('Post266', 'Topic2', '2018-08-22 09:26:47', 'Member2', true, 'The title of <Post266>', 'The content of the post <Post266>');
insert into post (id, topic_id, date, author_id, publicly_available, title, content) values ('Post267', 'Topic3', '2018-08-21 10:27:47', 'Member3', true, 'The title of <Post267>', 'The content of the post <Post267>');
insert into post (id, topic_id, date, author_id, publicly_available, title, content) values ('Post268', 'Topic4', '2018-08-20 11:28:47', 'Member4', true, 'The title of <Post268>', 'The content of the post <Post268>');
insert into post (id, topic_id, date, author_id, publicly_available, title, content) values ('Post269', 'Topic5', '2018-08-19 12:29:47', 'Member5', false, 'The title of <Post269>', 'The content of the post <Post269>');
insert into post (id, topic_id, date, author_id, publicly_available, title, content) values ('Post270', 'Topic6', '2018-08-18 13:30:47', 'Member6', true, 'The title of <Post270>', 'The content of the post <Post270>');
insert into post (id, topic_id, date, author_id, publicly_available, title, content) values ('Post271', 'Topic7', '2018-08-17 14:31:47', 'Member7', true, 'The title of <Post271>', 'The content of the post <Post271>');
insert into post (id, topic_id, date, author_id, publicly_available, title, content) values ('Post272', 'Topic8', '2018-08-16 15:32:47', 'Member8', true, 'The title of <Post272>', 'The content of the post <Post272>');
insert into post (id, topic_id, date, author_id, publicly_available, title, content) values ('Post273', 'Topic9', '2018-08-15 16:33:47', 'Member9', true, 'The title of <Post273>', 'The content of the post <Post273>');
insert into post (id, topic_id, date, author_id, publicly_available, title, content) values ('Post274', 'Topic10', '2018-08-14 17:34:47', 'Member10', true, 'The title of <Post274>', 'The content of the post <Post274>');
insert into post (id, topic_id, date, author_id, publicly_available, title, content) values ('Post275', 'Topic11', '2018-08-12 19:35:47', 'Member11', true, 'The title of <Post275>', 'The content of the post <Post275>');
insert into post (id, topic_id, date, author_id, publicly_available, title, content) values ('Post276', 'Topic12', '2018-08-11 20:36:47', 'Member12', true, 'The title of <Post276>', 'The content of the post <Post276>');
insert into post (id, topic_id, date, author_id, publicly_available, title, content) values ('Post277', 'Topic13', '2018-08-10 21:37:47', 'Member13', true, 'The title of <Post277>', 'The content of the post <Post277>');
insert into post (id, topic_id, date, author_id, publicly_available, title, content) values ('Post278', 'Topic14', '2018-08-09 22:38:47', 'Member14', true, 'The title of <Post278>', 'The content of the post <Post278>');
insert into post (id, topic_id, date, author_id, publicly_available, title, content) values ('Post279', 'Topic15', '2018-08-08 23:39:47', 'Member15', false, 'The title of <Post279>', 'The content of the post <Post279>');
insert into post (id, topic_id, date, author_id, publicly_available, title, content) values ('Post280', 'Topic16', '2018-08-08 00:40:47', 'Member16', true, 'The title of <Post280>', 'The content of the post <Post280>');
insert into post (id, topic_id, date, author_id, publicly_available, title, content) values ('Post281', 'Topic17', '2018-08-07 01:41:47', 'Member17', true, 'The title of <Post281>', 'The content of the post <Post281>');
insert into post (id, topic_id, date, author_id, publicly_available, title, content) values ('Post282', 'Topic18', '2018-08-06 02:42:47', 'Member18', true, 'The title of <Post282>', 'The content of the post <Post282>');
insert into post (id, topic_id, date, author_id, publicly_available, title, content) values ('Post283', 'Topic19', '2018-08-05 03:43:47', 'Member19', true, 'The title of <Post283>', 'The content of the post <Post283>');
insert into post (id, topic_id, date, author_id, publicly_available, title, content) values ('Post284', 'Topic20', '2018-08-04 04:44:47', 'Member20', true, 'The title of <Post284>', 'The content of the post <Post284>');
insert into post (id, topic_id, date, author_id, publicly_available, title, content) values ('Post285', 'Topic21', '2018-08-03 05:45:47', 'Member21', true, 'The title of <Post285>', 'The content of the post <Post285>');
insert into post (id, topic_id, date, author_id, publicly_available, title, content) values ('Post286', 'Topic22', '2018-08-02 06:46:47', 'Member22', true, 'The title of <Post286>', 'The content of the post <Post286>');
insert into post (id, topic_id, date, author_id, publicly_available, title, content) values ('Post287', 'Topic23', '2018-08-01 07:47:47', 'Member23', true, 'The title of <Post287>', 'The content of the post <Post287>');
insert into post (id, topic_id, date, author_id, publicly_available, title, content) values ('Post288', 'Topic24', '2018-07-31 08:48:47', 'Member24', true, 'The title of <Post288>', 'The content of the post <Post288>');
insert into post (id, topic_id, date, author_id, publicly_available, title, content) values ('Post289', 'Topic25', '2018-07-30 09:49:47', 'Member25', false, 'The title of <Post289>', 'The content of the post <Post289>');
insert into post (id, topic_id, date, author_id, publicly_available, title, content) values ('Post290', 'Topic26', '2018-07-29 10:50:47', 'Member26', true, 'The title of <Post290>', 'The content of the post <Post290>');
insert into post (id, topic_id, date, author_id, publicly_available, title, content) values ('Post291', 'Topic27', '2018-07-28 11:51:47', 'Member27', true, 'The title of <Post291>', 'The content of the post <Post291>');
insert into post (id, topic_id, date, author_id, publicly_available, title, content) values ('Post292', 'Topic28', '2018-07-27 12:52:47', 'Member28', true, 'The title of <Post292>', 'The content of the post <Post292>');
insert into post (id, topic_id, date, author_id, publicly_available, title, content) values ('Post293', 'Topic29', '2018-07-26 13:53:47', 'Member29', true, 'The title of <Post293>', 'The content of the post <Post293>');
insert into post (id, topic_id, date, author_id, publicly_available, title, content) values ('Post294', 'Topic30', '2018-07-25 14:54:47', 'Member30', true, 'The title of <Post294>', 'The content of the post <Post294>');
insert into post (id, topic_id, date, author_id, publicly_available, title, content) values ('Post295', 'Topic31', '2018-07-24 15:55:47', 'Member31', true, 'The title of <Post295>', 'The content of the post <Post295>');
insert into post (id, topic_id, date, author_id, publicly_available, title, content) values ('Post296', 'Topic32', '2018-07-23 16:56:47', 'Member32', true, 'The title of <Post296>', 'The content of the post <Post296>');
insert into post (id, topic_id, date, author_id, publicly_available, title, content) values ('Post297', 'Topic33', '2018-07-22 17:57:47', 'Member33', true, 'The title of <Post297>', 'The content of the post <Post297>');
insert into post (id, topic_id, date, author_id, publicly_available, title, content) values ('Post298', 'Topic34', '2018-07-20 19:58:47', 'Member34', true, 'The title of <Post298>', 'The content of the post <Post298>');
insert into post (id, topic_id, date, author_id, publicly_available, title, content) values ('Post299', 'Topic35', '2018-07-19 20:59:47', 'Member35', false, 'The title of <Post299>', 'The content of the post <Post299>');
insert into post (id, topic_id, date, author_id, publicly_available, title, content) values ('Post300', 'Topic36', '2018-07-18 22:00:47', 'Member36', true, 'The title of <Post300>', 'The content of the post <Post300>');
insert into post (id, topic_id, date, author_id, publicly_available, title, content) values ('Post301', 'Topic37', '2018-07-17 23:01:47', 'Member37', true, 'The title of <Post301>', 'The content of the post <Post301>');
insert into post (id, topic_id, date, author_id, publicly_available, title, content) values ('Post302', 'Topic38', '2018-07-17 00:02:47', 'Member38', true, 'The title of <Post302>', 'The content of the post <Post302>');
insert into post (id, topic_id, date, author_id, publicly_available, title, content) values ('Post303', 'Topic39', '2018-07-16 01:03:47', 'Member39', true, 'The title of <Post303>', 'The content of the post <Post303>');
insert into post (id, topic_id, date, author_id, publicly_available, title, content) values ('Post304', 'Topic40', '2018-07-15 02:04:47', 'Member40', true, 'The title of <Post304>', 'The content of the post <Post304>');
insert into post (id, topic_id, date, author_id, publicly_available, title, content) values ('Post305', 'Topic41', '2018-07-14 03:05:47', 'Member41', true, 'The title of <Post305>', 'The content of the post <Post305>');
insert into post (id, topic_id, date, author_id, publicly_available, title, content) values ('Post306', 'Topic42', '2018-07-13 04:06:47', 'Member42', true, 'The title of <Post306>', 'The content of the post <Post306>');
insert into post (id, topic_id, date, author_id, publicly_available, title, content) values ('Post307', 'Topic43', '2018-07-12 05:07:47', 'Member43', true, 'The title of <Post307>', 'The content of the post <Post307>');
insert into post (id, topic_id, date, author_id, publicly_available, title, content) values ('Post308', 'Topic44', '2018-07-11 06:08:47', 'Member44', true, 'The title of <Post308>', 'The content of the post <Post308>');
insert into post (id, topic_id, date, author_id, publicly_available, title, content) values ('Post309', 'Topic1', '2018-07-10 07:09:47', 'Member1', false, 'The title of <Post309>', 'The content of the post <Post309>');
insert into post (id, topic_id, date, author_id, publicly_available, title, content) values ('Post310', 'Topic2', '2018-07-09 08:10:47', 'Member2', true, 'The title of <Post310>', 'The content of the post <Post310>');
insert into post (id, topic_id, date, author_id, publicly_available, title, content) values ('Post311', 'Topic3', '2018-07-08 09:11:47', 'Member3', true, 'The title of <Post311>', 'The content of the post <Post311>');
insert into post (id, topic_id, date, author_id, publicly_available, title, content) values ('Post312', 'Topic4', '2018-07-07 10:12:47', 'Member4', true, 'The title of <Post312>', 'The content of the post <Post312>');
insert into post (id, topic_id, date, author_id, publicly_available, title, content) values ('Post313', 'Topic5', '2018-07-06 11:13:47', 'Member5', true, 'The title of <Post313>', 'The content of the post <Post313>');
insert into post (id, topic_id, date, author_id, publicly_available, title, content) values ('Post314', 'Topic6', '2018-07-05 12:14:47', 'Member6', true, 'The title of <Post314>', 'The content of the post <Post314>');
insert into post (id, topic_id, date, author_id, publicly_available, title, content) values ('Post315', 'Topic7', '2018-07-04 12:15:47', 'Member7', true, 'The title of <Post315>', 'The content of the post <Post315>');
insert into post (id, topic_id, date, author_id, publicly_available, title, content) values ('Post316', 'Topic8', '2018-07-03 13:16:47', 'Member8', true, 'The title of <Post316>', 'The content of the post <Post316>');
insert into post (id, topic_id, date, author_id, publicly_available, title, content) values ('Post317', 'Topic9', '2018-07-02 14:17:47', 'Member9', true, 'The title of <Post317>', 'The content of the post <Post317>');
insert into post (id, topic_id, date, author_id, publicly_available, title, content) values ('Post318', 'Topic10', '2018-07-01 15:18:47', 'Member10', true, 'The title of <Post318>', 'The content of the post <Post318>');
insert into post (id, topic_id, date, author_id, publicly_available, title, content) values ('Post319', 'Topic11', '2018-06-30 16:19:47', 'Member11', false, 'The title of <Post319>', 'The content of the post <Post319>');
insert into post (id, topic_id, date, author_id, publicly_available, title, content) values ('Post320', 'Topic12', '2018-06-29 17:20:47', 'Member12', true, 'The title of <Post320>', 'The content of the post <Post320>');
commit;

