/* data.sql */
insert into member (id, name, alias, email, type) values ('1', 'Name 1', null, 'name.1@graphql-java.com', 'ADMIN'); 
insert into member (id, name, alias, email, type) values ('2', 'Name 2', 'Alias of Name 2', 'name.2@graphql-java.com', 'MODERATOR'); 
insert into member (id, name, alias, email, type) values ('3', 'Name 3', null, 'name.3@graphql-java.com', 'STANDARD'); 
insert into member (id, name, alias, email, type) values ('4', 'Name 4', 'Alias of Name 4', 'name.4@graphql-java.com', 'ADMIN'); 
insert into member (id, name, alias, email, type) values ('5', 'Name 5', null, 'name.5@graphql-java.com', 'MODERATOR'); 
insert into member (id, name, alias, email, type) values ('6', 'Name 6', 'Alias of Name 6', 'name.6@graphql-java.com', 'STANDARD'); 
insert into member (id, name, alias, email, type) values ('7', 'Name 7', null, 'name.7@graphql-java.com', 'ADMIN'); 
insert into member (id, name, alias, email, type) values ('8', 'Name 8', 'Alias of Name 8', 'name.8@graphql-java.com', 'MODERATOR'); 
insert into member (id, name, alias, email, type) values ('9', 'Name 9', null, 'name.9@graphql-java.com', 'STANDARD'); 
insert into member (id, name, alias, email, type) values ('A', 'Name 10', 'Alias of Name 10', 'name.10@graphql-java.com', 'ADMIN'); 
insert into member (id, name, alias, email, type) values ('B', 'Name 11', null, 'name.11@graphql-java.com', 'MODERATOR'); 
insert into member (id, name, alias, email, type) values ('C', 'Name 12', 'Alias of Name 12', 'name.12@graphql-java.com', 'STANDARD'); 
insert into member (id, name, alias, email, type) values ('D', 'Name 13', null, 'name.13@graphql-java.com', 'ADMIN'); 
insert into member (id, name, alias, email, type) values ('E', 'Name 14', 'Alias of Name 14', 'name.14@graphql-java.com', 'MODERATOR'); 
insert into member (id, name, alias, email, type) values ('F', 'Name 15', null, 'name.15@graphql-java.com', 'STANDARD'); 
insert into member (id, name, alias, email, type) values ('10', 'Name 16', 'Alias of Name 16', 'name.16@graphql-java.com', 'ADMIN'); 
insert into member (id, name, alias, email, type) values ('11', 'Name 17', null, 'name.17@graphql-java.com', 'MODERATOR'); 
insert into member (id, name, alias, email, type) values ('12', 'Name 18', 'Alias of Name 18', 'name.18@graphql-java.com', 'STANDARD'); 
insert into member (id, name, alias, email, type) values ('13', 'Name 19', null, 'name.19@graphql-java.com', 'ADMIN'); 
insert into member (id, name, alias, email, type) values ('14', 'Name 20', 'Alias of Name 20', 'name.20@graphql-java.com', 'MODERATOR'); 
insert into member (id, name, alias, email, type) values ('15', 'Name 21', null, 'name.21@graphql-java.com', 'STANDARD'); 
insert into member (id, name, alias, email, type) values ('16', 'Name 22', 'Alias of Name 22', 'name.22@graphql-java.com', 'ADMIN'); 
insert into member (id, name, alias, email, type) values ('17', 'Name 23', null, 'name.23@graphql-java.com', 'MODERATOR'); 
insert into member (id, name, alias, email, type) values ('18', 'Name 24', 'Alias of Name 24', 'name.24@graphql-java.com', 'STANDARD'); 
insert into member (id, name, alias, email, type) values ('19', 'Name 25', null, 'name.25@graphql-java.com', 'ADMIN'); 
insert into member (id, name, alias, email, type) values ('1A', 'Name 26', 'Alias of Name 26', 'name.26@graphql-java.com', 'MODERATOR'); 
insert into member (id, name, alias, email, type) values ('1B', 'Name 27', null, 'name.27@graphql-java.com', 'STANDARD'); 
insert into member (id, name, alias, email, type) values ('1C', 'Name 28', 'Alias of Name 28', 'name.28@graphql-java.com', 'ADMIN'); 
insert into member (id, name, alias, email, type) values ('1D', 'Name 29', null, 'name.29@graphql-java.com', 'MODERATOR'); 
insert into member (id, name, alias, email, type) values ('1E', 'Name 30', 'Alias of Name 30', 'name.30@graphql-java.com', 'STANDARD'); 
insert into member (id, name, alias, email, type) values ('1F', 'Name 31', null, 'name.31@graphql-java.com', 'ADMIN'); 
insert into member (id, name, alias, email, type) values ('20', 'Name 32', 'Alias of Name 32', 'name.32@graphql-java.com', 'MODERATOR'); 
insert into member (id, name, alias, email, type) values ('21', 'Name 33', null, 'name.33@graphql-java.com', 'STANDARD'); 
insert into member (id, name, alias, email, type) values ('22', 'Name 34', 'Alias of Name 34', 'name.34@graphql-java.com', 'ADMIN'); 
insert into member (id, name, alias, email, type) values ('23', 'Name 35', null, 'name.35@graphql-java.com', 'MODERATOR'); 
insert into member (id, name, alias, email, type) values ('24', 'Name 36', 'Alias of Name 36', 'name.36@graphql-java.com', 'STANDARD'); 
insert into member (id, name, alias, email, type) values ('25', 'Name 37', null, 'name.37@graphql-java.com', 'ADMIN'); 
insert into member (id, name, alias, email, type) values ('26', 'Name 38', 'Alias of Name 38', 'name.38@graphql-java.com', 'MODERATOR'); 
insert into member (id, name, alias, email, type) values ('27', 'Name 39', null, 'name.39@graphql-java.com', 'STANDARD'); 
insert into member (id, name, alias, email, type) values ('28', 'Name 40', 'Alias of Name 40', 'name.40@graphql-java.com', 'ADMIN'); 
insert into member (id, name, alias, email, type) values ('29', 'Name 41', null, 'name.41@graphql-java.com', 'MODERATOR'); 
insert into member (id, name, alias, email, type) values ('2A', 'Name 42', 'Alias of Name 42', 'name.42@graphql-java.com', 'STANDARD'); 
insert into member (id, name, alias, email, type) values ('2B', 'Name 43', null, 'name.43@graphql-java.com', 'ADMIN'); 
insert into member (id, name, alias, email, type) values ('2C', 'Name 44', 'Alias of Name 44', 'name.44@graphql-java.com', 'MODERATOR'); 
insert into board (id, name, publicly_available) values ('1', 'Board name 1', true);
insert into board (id, name, publicly_available) values ('2', 'Board name 2', false);
insert into board (id, name, publicly_available) values ('3', 'Board name 3', true);
insert into board (id, name, publicly_available) values ('4', 'Board name 4', true);
insert into board (id, name, publicly_available) values ('5', 'Board name 5', false);
insert into board (id, name, publicly_available) values ('6', 'Board name 6', true);
insert into board (id, name, publicly_available) values ('7', 'Board name 7', true);
insert into board (id, name, publicly_available) values ('8', 'Board name 8', false);
insert into board (id, name, publicly_available) values ('9', 'Board name 9', true);
insert into board (id, name, publicly_available) values ('A', 'Board name 10', true);
insert into topic (id, board_id, date, author_id, publicly_available, nb_posts, title, content) values ('1', '1', '2019-05-22 12:25:32', '1', true, 1, 'The title of <1>', 'The content of the topic <1>');
insert into topic (id, board_id, date, author_id, publicly_available, nb_posts, title, content) values ('2', '2', '2019-05-21 13:26:32', '2', true, 2, 'The title of <2>', 'The content of the topic <2>');
insert into topic (id, board_id, date, author_id, publicly_available, nb_posts, title, content) values ('3', '3', '2019-05-20 14:27:32', '3', true, 3, 'The title of <3>', 'The content of the topic <3>');
insert into topic (id, board_id, date, author_id, publicly_available, nb_posts, title, content) values ('4', '4', '2019-05-19 15:28:32', '4', true, 4, 'The title of <4>', 'The content of the topic <4>');
insert into topic (id, board_id, date, author_id, publicly_available, nb_posts, title, content) values ('5', '5', '2019-05-18 16:29:32', '5', true, 5, 'The title of <5>', 'The content of the topic <5>');
insert into topic (id, board_id, date, author_id, publicly_available, nb_posts, title, content) values ('6', '6', '2019-05-17 17:30:32', '6', true, 6, 'The title of <6>', 'The content of the topic <6>');
insert into topic (id, board_id, date, author_id, publicly_available, nb_posts, title, content) values ('7', '7', '2019-05-16 18:31:32', '7', true, 7, 'The title of <7>', 'The content of the topic <7>');
insert into topic (id, board_id, date, author_id, publicly_available, nb_posts, title, content) values ('8', '8', '2019-05-15 19:32:32', '8', true, 8, 'The title of <8>', 'The content of the topic <8>');
insert into topic (id, board_id, date, author_id, publicly_available, nb_posts, title, content) values ('9', '9', '2019-05-14 20:33:32', '9', false, 9, 'The title of <9>', 'The content of the topic <9>');
insert into topic (id, board_id, date, author_id, publicly_available, nb_posts, title, content) values ('A', 'A', '2019-05-13 21:34:32', 'A', true, 10, 'The title of <A>', 'The content of the topic <A>');
insert into topic (id, board_id, date, author_id, publicly_available, nb_posts, title, content) values ('B', '1', '2019-05-12 22:35:32', 'B', true, 11, 'The title of <B>', 'The content of the topic <B>');
insert into topic (id, board_id, date, author_id, publicly_available, nb_posts, title, content) values ('C', '2', '2019-05-11 23:36:32', 'C', true, 12, 'The title of <C>', 'The content of the topic <C>');
insert into topic (id, board_id, date, author_id, publicly_available, nb_posts, title, content) values ('D', '3', '2019-05-11 00:37:32', 'D', true, 13, 'The title of <D>', 'The content of the topic <D>');
insert into topic (id, board_id, date, author_id, publicly_available, nb_posts, title, content) values ('E', '4', '2019-05-10 01:38:32', 'E', true, 14, 'The title of <E>', 'The content of the topic <E>');
insert into topic (id, board_id, date, author_id, publicly_available, nb_posts, title, content) values ('F', '5', '2019-05-09 01:39:32', 'F', true, 15, 'The title of <F>', 'The content of the topic <F>');
insert into topic (id, board_id, date, author_id, publicly_available, nb_posts, title, content) values ('10', '6', '2019-05-08 02:40:32', '10', true, 16, 'The title of <10>', 'The content of the topic <10>');
insert into topic (id, board_id, date, author_id, publicly_available, nb_posts, title, content) values ('11', '7', '2019-05-07 03:41:32', '11', true, 17, 'The title of <11>', 'The content of the topic <11>');
insert into topic (id, board_id, date, author_id, publicly_available, nb_posts, title, content) values ('12', '8', '2019-05-06 04:42:32', '12', true, 18, 'The title of <12>', 'The content of the topic <12>');
insert into topic (id, board_id, date, author_id, publicly_available, nb_posts, title, content) values ('13', '9', '2019-05-05 05:43:32', '13', false, 19, 'The title of <13>', 'The content of the topic <13>');
insert into topic (id, board_id, date, author_id, publicly_available, nb_posts, title, content) values ('14', 'A', '2019-05-04 06:44:32', '14', true, 20, 'The title of <14>', 'The content of the topic <14>');
insert into topic (id, board_id, date, author_id, publicly_available, nb_posts, title, content) values ('15', '1', '2019-05-03 07:45:32', '15', true, 21, 'The title of <15>', 'The content of the topic <15>');
insert into topic (id, board_id, date, author_id, publicly_available, nb_posts, title, content) values ('16', '2', '2019-05-01 09:46:32', '16', true, 22, 'The title of <16>', 'The content of the topic <16>');
insert into topic (id, board_id, date, author_id, publicly_available, nb_posts, title, content) values ('17', '3', '2019-04-30 10:47:32', '17', true, 23, 'The title of <17>', 'The content of the topic <17>');
insert into topic (id, board_id, date, author_id, publicly_available, nb_posts, title, content) values ('18', '4', '2019-04-29 11:48:32', '18', true, 24, 'The title of <18>', 'The content of the topic <18>');
insert into topic (id, board_id, date, author_id, publicly_available, nb_posts, title, content) values ('19', '5', '2019-04-28 12:49:32', '19', true, 25, 'The title of <19>', 'The content of the topic <19>');
insert into topic (id, board_id, date, author_id, publicly_available, nb_posts, title, content) values ('1A', '6', '2019-04-27 13:50:32', '1A', true, 26, 'The title of <1A>', 'The content of the topic <1A>');
insert into topic (id, board_id, date, author_id, publicly_available, nb_posts, title, content) values ('1B', '7', '2019-04-26 14:51:32', '1B', true, 27, 'The title of <1B>', 'The content of the topic <1B>');
insert into topic (id, board_id, date, author_id, publicly_available, nb_posts, title, content) values ('1C', '8', '2019-04-25 15:52:32', '1C', true, 28, 'The title of <1C>', 'The content of the topic <1C>');
insert into topic (id, board_id, date, author_id, publicly_available, nb_posts, title, content) values ('1D', '9', '2019-04-24 16:53:32', '1D', false, 29, 'The title of <1D>', 'The content of the topic <1D>');
insert into topic (id, board_id, date, author_id, publicly_available, nb_posts, title, content) values ('1E', 'A', '2019-04-23 17:54:32', '1E', true, 30, 'The title of <1E>', 'The content of the topic <1E>');
insert into topic (id, board_id, date, author_id, publicly_available, nb_posts, title, content) values ('1F', '1', '2019-04-22 18:55:32', '1F', true, 31, 'The title of <1F>', 'The content of the topic <1F>');
insert into topic (id, board_id, date, author_id, publicly_available, nb_posts, title, content) values ('20', '2', '2019-04-21 19:56:32', '20', true, 32, 'The title of <20>', 'The content of the topic <20>');
insert into topic (id, board_id, date, author_id, publicly_available, nb_posts, title, content) values ('21', '3', '2019-04-20 20:57:32', '21', true, 33, 'The title of <21>', 'The content of the topic <21>');
insert into topic (id, board_id, date, author_id, publicly_available, nb_posts, title, content) values ('22', '4', '2019-04-19 21:58:32', '22', true, 34, 'The title of <22>', 'The content of the topic <22>');
insert into topic (id, board_id, date, author_id, publicly_available, nb_posts, title, content) values ('23', '5', '2019-04-18 22:59:32', '23', true, 35, 'The title of <23>', 'The content of the topic <23>');
insert into topic (id, board_id, date, author_id, publicly_available, nb_posts, title, content) values ('24', '6', '2019-04-18 00:00:32', '24', true, 36, 'The title of <24>', 'The content of the topic <24>');
insert into topic (id, board_id, date, author_id, publicly_available, nb_posts, title, content) values ('25', '7', '2019-04-17 01:01:32', '25', true, 37, 'The title of <25>', 'The content of the topic <25>');
insert into topic (id, board_id, date, author_id, publicly_available, nb_posts, title, content) values ('26', '8', '2019-04-16 02:02:32', '26', true, 38, 'The title of <26>', 'The content of the topic <26>');
insert into topic (id, board_id, date, author_id, publicly_available, nb_posts, title, content) values ('27', '9', '2019-04-15 03:03:32', '27', false, 39, 'The title of <27>', 'The content of the topic <27>');
insert into topic (id, board_id, date, author_id, publicly_available, nb_posts, title, content) values ('28', 'A', '2019-04-14 04:04:32', '28', true, 40, 'The title of <28>', 'The content of the topic <28>');
insert into topic (id, board_id, date, author_id, publicly_available, nb_posts, title, content) values ('29', '1', '2019-04-13 05:05:32', '29', true, 41, 'The title of <29>', 'The content of the topic <29>');
insert into topic (id, board_id, date, author_id, publicly_available, nb_posts, title, content) values ('2A', '2', '2019-04-12 06:06:32', '2A', true, 42, 'The title of <2A>', 'The content of the topic <2A>');
insert into topic (id, board_id, date, author_id, publicly_available, nb_posts, title, content) values ('2B', '3', '2019-04-11 07:07:32', '2B', true, 43, 'The title of <2B>', 'The content of the topic <2B>');
insert into topic (id, board_id, date, author_id, publicly_available, nb_posts, title, content) values ('2C', '4', '2019-04-10 08:08:32', '2C', true, 44, 'The title of <2C>', 'The content of the topic <2C>');
insert into post (id, topic_id, date, author_id, publicly_available, title, content) values ('1', '1', '2019-05-22 12:25:32', '1', true, 'The title of <1>', 'The content of the post <1>');
insert into post (id, topic_id, date, author_id, publicly_available, title, content) values ('2', '2', '2019-05-21 13:26:32', '2', true, 'The title of <2>', 'The content of the post <2>');
insert into post (id, topic_id, date, author_id, publicly_available, title, content) values ('3', '3', '2019-05-20 14:27:32', '3', true, 'The title of <3>', 'The content of the post <3>');
insert into post (id, topic_id, date, author_id, publicly_available, title, content) values ('4', '4', '2019-05-19 15:28:32', '4', true, 'The title of <4>', 'The content of the post <4>');
insert into post (id, topic_id, date, author_id, publicly_available, title, content) values ('5', '5', '2019-05-18 16:29:32', '5', true, 'The title of <5>', 'The content of the post <5>');
insert into post (id, topic_id, date, author_id, publicly_available, title, content) values ('6', '6', '2019-05-17 17:30:32', '6', true, 'The title of <6>', 'The content of the post <6>');
insert into post (id, topic_id, date, author_id, publicly_available, title, content) values ('7', '7', '2019-05-16 18:31:32', '7', true, 'The title of <7>', 'The content of the post <7>');
insert into post (id, topic_id, date, author_id, publicly_available, title, content) values ('8', '8', '2019-05-15 19:32:32', '8', true, 'The title of <8>', 'The content of the post <8>');
insert into post (id, topic_id, date, author_id, publicly_available, title, content) values ('9', '9', '2019-05-14 20:33:32', '9', false, 'The title of <9>', 'The content of the post <9>');
insert into post (id, topic_id, date, author_id, publicly_available, title, content) values ('A', 'A', '2019-05-13 21:34:32', 'A', true, 'The title of <A>', 'The content of the post <A>');
insert into post (id, topic_id, date, author_id, publicly_available, title, content) values ('B', 'B', '2019-05-12 22:35:32', 'B', true, 'The title of <B>', 'The content of the post <B>');
insert into post (id, topic_id, date, author_id, publicly_available, title, content) values ('C', 'C', '2019-05-11 23:36:32', 'C', true, 'The title of <C>', 'The content of the post <C>');
insert into post (id, topic_id, date, author_id, publicly_available, title, content) values ('D', 'D', '2019-05-11 00:37:32', 'D', true, 'The title of <D>', 'The content of the post <D>');
insert into post (id, topic_id, date, author_id, publicly_available, title, content) values ('E', 'E', '2019-05-10 01:38:32', 'E', true, 'The title of <E>', 'The content of the post <E>');
insert into post (id, topic_id, date, author_id, publicly_available, title, content) values ('F', 'F', '2019-05-09 01:39:32', 'F', true, 'The title of <F>', 'The content of the post <F>');
insert into post (id, topic_id, date, author_id, publicly_available, title, content) values ('10', '10', '2019-05-08 02:40:32', '10', true, 'The title of <10>', 'The content of the post <10>');
insert into post (id, topic_id, date, author_id, publicly_available, title, content) values ('11', '11', '2019-05-07 03:41:32', '11', true, 'The title of <11>', 'The content of the post <11>');
insert into post (id, topic_id, date, author_id, publicly_available, title, content) values ('12', '12', '2019-05-06 04:42:32', '12', true, 'The title of <12>', 'The content of the post <12>');
insert into post (id, topic_id, date, author_id, publicly_available, title, content) values ('13', '13', '2019-05-05 05:43:32', '13', false, 'The title of <13>', 'The content of the post <13>');
insert into post (id, topic_id, date, author_id, publicly_available, title, content) values ('14', '14', '2019-05-04 06:44:32', '14', true, 'The title of <14>', 'The content of the post <14>');
insert into post (id, topic_id, date, author_id, publicly_available, title, content) values ('15', '15', '2019-05-03 07:45:32', '15', true, 'The title of <15>', 'The content of the post <15>');
insert into post (id, topic_id, date, author_id, publicly_available, title, content) values ('16', '16', '2019-05-01 09:46:32', '16', true, 'The title of <16>', 'The content of the post <16>');
insert into post (id, topic_id, date, author_id, publicly_available, title, content) values ('17', '17', '2019-04-30 10:47:32', '17', true, 'The title of <17>', 'The content of the post <17>');
insert into post (id, topic_id, date, author_id, publicly_available, title, content) values ('18', '18', '2019-04-29 11:48:32', '18', true, 'The title of <18>', 'The content of the post <18>');
insert into post (id, topic_id, date, author_id, publicly_available, title, content) values ('19', '19', '2019-04-28 12:49:32', '19', true, 'The title of <19>', 'The content of the post <19>');
insert into post (id, topic_id, date, author_id, publicly_available, title, content) values ('1A', '1A', '2019-04-27 13:50:32', '1A', true, 'The title of <1A>', 'The content of the post <1A>');
insert into post (id, topic_id, date, author_id, publicly_available, title, content) values ('1B', '1B', '2019-04-26 14:51:32', '1B', true, 'The title of <1B>', 'The content of the post <1B>');
insert into post (id, topic_id, date, author_id, publicly_available, title, content) values ('1C', '1C', '2019-04-25 15:52:32', '1C', true, 'The title of <1C>', 'The content of the post <1C>');
insert into post (id, topic_id, date, author_id, publicly_available, title, content) values ('1D', '1D', '2019-04-24 16:53:32', '1D', false, 'The title of <1D>', 'The content of the post <1D>');
insert into post (id, topic_id, date, author_id, publicly_available, title, content) values ('1E', '1E', '2019-04-23 17:54:32', '1E', true, 'The title of <1E>', 'The content of the post <1E>');
insert into post (id, topic_id, date, author_id, publicly_available, title, content) values ('1F', '1F', '2019-04-22 18:55:32', '1F', true, 'The title of <1F>', 'The content of the post <1F>');
insert into post (id, topic_id, date, author_id, publicly_available, title, content) values ('20', '20', '2019-04-21 19:56:32', '20', true, 'The title of <20>', 'The content of the post <20>');
insert into post (id, topic_id, date, author_id, publicly_available, title, content) values ('21', '21', '2019-04-20 20:57:32', '21', true, 'The title of <21>', 'The content of the post <21>');
insert into post (id, topic_id, date, author_id, publicly_available, title, content) values ('22', '22', '2019-04-19 21:58:32', '22', true, 'The title of <22>', 'The content of the post <22>');
insert into post (id, topic_id, date, author_id, publicly_available, title, content) values ('23', '23', '2019-04-18 22:59:32', '23', true, 'The title of <23>', 'The content of the post <23>');
insert into post (id, topic_id, date, author_id, publicly_available, title, content) values ('24', '24', '2019-04-18 00:00:32', '24', true, 'The title of <24>', 'The content of the post <24>');
insert into post (id, topic_id, date, author_id, publicly_available, title, content) values ('25', '25', '2019-04-17 01:01:32', '25', true, 'The title of <25>', 'The content of the post <25>');
insert into post (id, topic_id, date, author_id, publicly_available, title, content) values ('26', '26', '2019-04-16 02:02:32', '26', true, 'The title of <26>', 'The content of the post <26>');
insert into post (id, topic_id, date, author_id, publicly_available, title, content) values ('27', '27', '2019-04-15 03:03:32', '27', false, 'The title of <27>', 'The content of the post <27>');
insert into post (id, topic_id, date, author_id, publicly_available, title, content) values ('28', '28', '2019-04-14 04:04:32', '28', true, 'The title of <28>', 'The content of the post <28>');
insert into post (id, topic_id, date, author_id, publicly_available, title, content) values ('29', '29', '2019-04-13 05:05:32', '29', true, 'The title of <29>', 'The content of the post <29>');
insert into post (id, topic_id, date, author_id, publicly_available, title, content) values ('2A', '2A', '2019-04-12 06:06:32', '2A', true, 'The title of <2A>', 'The content of the post <2A>');
insert into post (id, topic_id, date, author_id, publicly_available, title, content) values ('2B', '2B', '2019-04-11 07:07:32', '2B', true, 'The title of <2B>', 'The content of the post <2B>');
insert into post (id, topic_id, date, author_id, publicly_available, title, content) values ('2C', '2C', '2019-04-10 08:08:32', '2C', true, 'The title of <2C>', 'The content of the post <2C>');
insert into post (id, topic_id, date, author_id, publicly_available, title, content) values ('2D', '1', '2019-04-08 10:09:32', '1', true, 'The title of <2D>', 'The content of the post <2D>');
insert into post (id, topic_id, date, author_id, publicly_available, title, content) values ('2E', '2', '2019-04-07 11:10:32', '2', true, 'The title of <2E>', 'The content of the post <2E>');
insert into post (id, topic_id, date, author_id, publicly_available, title, content) values ('2F', '3', '2019-04-06 12:11:32', '3', true, 'The title of <2F>', 'The content of the post <2F>');
insert into post (id, topic_id, date, author_id, publicly_available, title, content) values ('30', '4', '2019-04-05 13:12:32', '4', true, 'The title of <30>', 'The content of the post <30>');
insert into post (id, topic_id, date, author_id, publicly_available, title, content) values ('31', '5', '2019-04-04 14:13:32', '5', false, 'The title of <31>', 'The content of the post <31>');
insert into post (id, topic_id, date, author_id, publicly_available, title, content) values ('32', '6', '2019-04-03 15:14:32', '6', true, 'The title of <32>', 'The content of the post <32>');
insert into post (id, topic_id, date, author_id, publicly_available, title, content) values ('33', '7', '2019-04-02 16:15:32', '7', true, 'The title of <33>', 'The content of the post <33>');
insert into post (id, topic_id, date, author_id, publicly_available, title, content) values ('34', '8', '2019-04-01 17:16:32', '8', true, 'The title of <34>', 'The content of the post <34>');
insert into post (id, topic_id, date, author_id, publicly_available, title, content) values ('35', '9', '2019-03-31 18:17:32', '9', true, 'The title of <35>', 'The content of the post <35>');
insert into post (id, topic_id, date, author_id, publicly_available, title, content) values ('36', 'A', '2019-03-30 19:18:32', 'A', true, 'The title of <36>', 'The content of the post <36>');
insert into post (id, topic_id, date, author_id, publicly_available, title, content) values ('37', 'B', '2019-03-29 20:19:32', 'B', true, 'The title of <37>', 'The content of the post <37>');
insert into post (id, topic_id, date, author_id, publicly_available, title, content) values ('38', 'C', '2019-03-28 21:20:32', 'C', true, 'The title of <38>', 'The content of the post <38>');
insert into post (id, topic_id, date, author_id, publicly_available, title, content) values ('39', 'D', '2019-03-27 22:21:32', 'D', true, 'The title of <39>', 'The content of the post <39>');
insert into post (id, topic_id, date, author_id, publicly_available, title, content) values ('3A', 'E', '2019-03-26 23:22:32', 'E', true, 'The title of <3A>', 'The content of the post <3A>');
insert into post (id, topic_id, date, author_id, publicly_available, title, content) values ('3B', 'F', '2019-03-26 00:23:32', 'F', false, 'The title of <3B>', 'The content of the post <3B>');
insert into post (id, topic_id, date, author_id, publicly_available, title, content) values ('3C', '10', '2019-03-25 01:24:32', '10', true, 'The title of <3C>', 'The content of the post <3C>');
insert into post (id, topic_id, date, author_id, publicly_available, title, content) values ('3D', '11', '2019-03-24 02:25:32', '11', true, 'The title of <3D>', 'The content of the post <3D>');
insert into post (id, topic_id, date, author_id, publicly_available, title, content) values ('3E', '12', '2019-03-23 03:26:32', '12', true, 'The title of <3E>', 'The content of the post <3E>');
insert into post (id, topic_id, date, author_id, publicly_available, title, content) values ('3F', '13', '2019-03-22 04:27:32', '13', true, 'The title of <3F>', 'The content of the post <3F>');
insert into post (id, topic_id, date, author_id, publicly_available, title, content) values ('40', '14', '2019-03-21 05:28:32', '14', true, 'The title of <40>', 'The content of the post <40>');
insert into post (id, topic_id, date, author_id, publicly_available, title, content) values ('41', '15', '2019-03-20 06:29:32', '15', true, 'The title of <41>', 'The content of the post <41>');
insert into post (id, topic_id, date, author_id, publicly_available, title, content) values ('42', '16', '2019-03-19 07:30:32', '16', true, 'The title of <42>', 'The content of the post <42>');
insert into post (id, topic_id, date, author_id, publicly_available, title, content) values ('43', '17', '2019-03-18 08:31:32', '17', true, 'The title of <43>', 'The content of the post <43>');
insert into post (id, topic_id, date, author_id, publicly_available, title, content) values ('44', '18', '2019-03-16 10:32:32', '18', true, 'The title of <44>', 'The content of the post <44>');
insert into post (id, topic_id, date, author_id, publicly_available, title, content) values ('45', '19', '2019-03-15 11:33:32', '19', false, 'The title of <45>', 'The content of the post <45>');
insert into post (id, topic_id, date, author_id, publicly_available, title, content) values ('46', '1A', '2019-03-14 12:34:32', '1A', true, 'The title of <46>', 'The content of the post <46>');
insert into post (id, topic_id, date, author_id, publicly_available, title, content) values ('47', '1B', '2019-03-13 13:35:32', '1B', true, 'The title of <47>', 'The content of the post <47>');
insert into post (id, topic_id, date, author_id, publicly_available, title, content) values ('48', '1C', '2019-03-12 14:36:32', '1C', true, 'The title of <48>', 'The content of the post <48>');
insert into post (id, topic_id, date, author_id, publicly_available, title, content) values ('49', '1D', '2019-03-11 15:37:32', '1D', true, 'The title of <49>', 'The content of the post <49>');
insert into post (id, topic_id, date, author_id, publicly_available, title, content) values ('4A', '1E', '2019-03-10 16:38:32', '1E', true, 'The title of <4A>', 'The content of the post <4A>');
insert into post (id, topic_id, date, author_id, publicly_available, title, content) values ('4B', '1F', '2019-03-09 16:39:32', '1F', true, 'The title of <4B>', 'The content of the post <4B>');
insert into post (id, topic_id, date, author_id, publicly_available, title, content) values ('4C', '20', '2019-03-08 17:40:32', '20', true, 'The title of <4C>', 'The content of the post <4C>');
insert into post (id, topic_id, date, author_id, publicly_available, title, content) values ('4D', '21', '2019-03-07 18:41:32', '21', true, 'The title of <4D>', 'The content of the post <4D>');
insert into post (id, topic_id, date, author_id, publicly_available, title, content) values ('4E', '22', '2019-03-06 19:42:32', '22', true, 'The title of <4E>', 'The content of the post <4E>');
insert into post (id, topic_id, date, author_id, publicly_available, title, content) values ('4F', '23', '2019-03-05 20:43:32', '23', false, 'The title of <4F>', 'The content of the post <4F>');
insert into post (id, topic_id, date, author_id, publicly_available, title, content) values ('50', '24', '2019-03-04 21:44:32', '24', true, 'The title of <50>', 'The content of the post <50>');
insert into post (id, topic_id, date, author_id, publicly_available, title, content) values ('51', '25', '2019-03-03 22:45:32', '25', true, 'The title of <51>', 'The content of the post <51>');
insert into post (id, topic_id, date, author_id, publicly_available, title, content) values ('52', '26', '2019-03-02 23:46:32', '26', true, 'The title of <52>', 'The content of the post <52>');
insert into post (id, topic_id, date, author_id, publicly_available, title, content) values ('53', '27', '2019-03-02 00:47:32', '27', true, 'The title of <53>', 'The content of the post <53>');
insert into post (id, topic_id, date, author_id, publicly_available, title, content) values ('54', '28', '2019-03-01 01:48:32', '28', true, 'The title of <54>', 'The content of the post <54>');
insert into post (id, topic_id, date, author_id, publicly_available, title, content) values ('55', '29', '2019-02-28 02:49:32', '29', true, 'The title of <55>', 'The content of the post <55>');
insert into post (id, topic_id, date, author_id, publicly_available, title, content) values ('56', '2A', '2019-02-27 03:50:32', '2A', true, 'The title of <56>', 'The content of the post <56>');
insert into post (id, topic_id, date, author_id, publicly_available, title, content) values ('57', '2B', '2019-02-26 04:51:32', '2B', true, 'The title of <57>', 'The content of the post <57>');
insert into post (id, topic_id, date, author_id, publicly_available, title, content) values ('58', '2C', '2019-02-25 05:52:32', '2C', true, 'The title of <58>', 'The content of the post <58>');
insert into post (id, topic_id, date, author_id, publicly_available, title, content) values ('59', '1', '2019-02-24 06:53:32', '1', false, 'The title of <59>', 'The content of the post <59>');
insert into post (id, topic_id, date, author_id, publicly_available, title, content) values ('5A', '2', '2019-02-23 07:54:32', '2', true, 'The title of <5A>', 'The content of the post <5A>');
insert into post (id, topic_id, date, author_id, publicly_available, title, content) values ('5B', '3', '2019-02-21 09:55:32', '3', true, 'The title of <5B>', 'The content of the post <5B>');
insert into post (id, topic_id, date, author_id, publicly_available, title, content) values ('5C', '4', '2019-02-20 10:56:32', '4', true, 'The title of <5C>', 'The content of the post <5C>');
insert into post (id, topic_id, date, author_id, publicly_available, title, content) values ('5D', '5', '2019-02-19 11:57:32', '5', true, 'The title of <5D>', 'The content of the post <5D>');
insert into post (id, topic_id, date, author_id, publicly_available, title, content) values ('5E', '6', '2019-02-18 12:58:32', '6', true, 'The title of <5E>', 'The content of the post <5E>');
insert into post (id, topic_id, date, author_id, publicly_available, title, content) values ('5F', '7', '2019-02-17 13:59:32', '7', true, 'The title of <5F>', 'The content of the post <5F>');
insert into post (id, topic_id, date, author_id, publicly_available, title, content) values ('60', '8', '2019-02-16 15:00:32', '8', true, 'The title of <60>', 'The content of the post <60>');
insert into post (id, topic_id, date, author_id, publicly_available, title, content) values ('61', '9', '2019-02-15 16:01:32', '9', true, 'The title of <61>', 'The content of the post <61>');
insert into post (id, topic_id, date, author_id, publicly_available, title, content) values ('62', 'A', '2019-02-14 17:02:32', 'A', true, 'The title of <62>', 'The content of the post <62>');
insert into post (id, topic_id, date, author_id, publicly_available, title, content) values ('63', 'B', '2019-02-13 18:03:32', 'B', false, 'The title of <63>', 'The content of the post <63>');
insert into post (id, topic_id, date, author_id, publicly_available, title, content) values ('64', 'C', '2019-02-12 19:04:32', 'C', true, 'The title of <64>', 'The content of the post <64>');
insert into post (id, topic_id, date, author_id, publicly_available, title, content) values ('65', 'D', '2019-02-11 20:05:32', 'D', true, 'The title of <65>', 'The content of the post <65>');
insert into post (id, topic_id, date, author_id, publicly_available, title, content) values ('66', 'E', '2019-02-10 21:06:32', 'E', true, 'The title of <66>', 'The content of the post <66>');
insert into post (id, topic_id, date, author_id, publicly_available, title, content) values ('67', 'F', '2019-02-09 22:07:32', 'F', true, 'The title of <67>', 'The content of the post <67>');
insert into post (id, topic_id, date, author_id, publicly_available, title, content) values ('68', '10', '2019-02-08 23:08:32', '10', true, 'The title of <68>', 'The content of the post <68>');
insert into post (id, topic_id, date, author_id, publicly_available, title, content) values ('69', '11', '2019-02-08 00:09:32', '11', true, 'The title of <69>', 'The content of the post <69>');
insert into post (id, topic_id, date, author_id, publicly_available, title, content) values ('6A', '12', '2019-02-07 01:10:32', '12', true, 'The title of <6A>', 'The content of the post <6A>');
insert into post (id, topic_id, date, author_id, publicly_available, title, content) values ('6B', '13', '2019-02-06 02:11:32', '13', true, 'The title of <6B>', 'The content of the post <6B>');
insert into post (id, topic_id, date, author_id, publicly_available, title, content) values ('6C', '14', '2019-02-05 03:12:32', '14', true, 'The title of <6C>', 'The content of the post <6C>');
insert into post (id, topic_id, date, author_id, publicly_available, title, content) values ('6D', '15', '2019-02-04 04:13:32', '15', false, 'The title of <6D>', 'The content of the post <6D>');
insert into post (id, topic_id, date, author_id, publicly_available, title, content) values ('6E', '16', '2019-02-03 05:14:32', '16', true, 'The title of <6E>', 'The content of the post <6E>');
insert into post (id, topic_id, date, author_id, publicly_available, title, content) values ('6F', '17', '2019-02-02 06:15:32', '17', true, 'The title of <6F>', 'The content of the post <6F>');
insert into post (id, topic_id, date, author_id, publicly_available, title, content) values ('70', '18', '2019-02-01 07:16:32', '18', true, 'The title of <70>', 'The content of the post <70>');
insert into post (id, topic_id, date, author_id, publicly_available, title, content) values ('71', '19', '2019-01-31 08:17:32', '19', true, 'The title of <71>', 'The content of the post <71>');
insert into post (id, topic_id, date, author_id, publicly_available, title, content) values ('72', '1A', '2019-01-29 10:18:32', '1A', true, 'The title of <72>', 'The content of the post <72>');
insert into post (id, topic_id, date, author_id, publicly_available, title, content) values ('73', '1B', '2019-01-28 11:19:32', '1B', true, 'The title of <73>', 'The content of the post <73>');
insert into post (id, topic_id, date, author_id, publicly_available, title, content) values ('74', '1C', '2019-01-27 12:20:32', '1C', true, 'The title of <74>', 'The content of the post <74>');
insert into post (id, topic_id, date, author_id, publicly_available, title, content) values ('75', '1D', '2019-01-26 13:21:32', '1D', true, 'The title of <75>', 'The content of the post <75>');
insert into post (id, topic_id, date, author_id, publicly_available, title, content) values ('76', '1E', '2019-01-25 14:22:32', '1E', true, 'The title of <76>', 'The content of the post <76>');
insert into post (id, topic_id, date, author_id, publicly_available, title, content) values ('77', '1F', '2019-01-24 15:23:32', '1F', false, 'The title of <77>', 'The content of the post <77>');
insert into post (id, topic_id, date, author_id, publicly_available, title, content) values ('78', '20', '2019-01-23 16:24:32', '20', true, 'The title of <78>', 'The content of the post <78>');
insert into post (id, topic_id, date, author_id, publicly_available, title, content) values ('79', '21', '2019-01-22 17:25:32', '21', true, 'The title of <79>', 'The content of the post <79>');
insert into post (id, topic_id, date, author_id, publicly_available, title, content) values ('7A', '22', '2019-01-21 18:26:32', '22', true, 'The title of <7A>', 'The content of the post <7A>');
insert into post (id, topic_id, date, author_id, publicly_available, title, content) values ('7B', '23', '2019-01-20 19:27:32', '23', true, 'The title of <7B>', 'The content of the post <7B>');
insert into post (id, topic_id, date, author_id, publicly_available, title, content) values ('7C', '24', '2019-01-19 20:28:32', '24', true, 'The title of <7C>', 'The content of the post <7C>');
insert into post (id, topic_id, date, author_id, publicly_available, title, content) values ('7D', '25', '2019-01-18 21:29:32', '25', true, 'The title of <7D>', 'The content of the post <7D>');
insert into post (id, topic_id, date, author_id, publicly_available, title, content) values ('7E', '26', '2019-01-17 22:30:32', '26', true, 'The title of <7E>', 'The content of the post <7E>');
insert into post (id, topic_id, date, author_id, publicly_available, title, content) values ('7F', '27', '2019-01-16 23:31:32', '27', true, 'The title of <7F>', 'The content of the post <7F>');
insert into post (id, topic_id, date, author_id, publicly_available, title, content) values ('80', '28', '2019-01-16 00:32:32', '28', true, 'The title of <80>', 'The content of the post <80>');
insert into post (id, topic_id, date, author_id, publicly_available, title, content) values ('81', '29', '2019-01-15 01:33:32', '29', false, 'The title of <81>', 'The content of the post <81>');
insert into post (id, topic_id, date, author_id, publicly_available, title, content) values ('82', '2A', '2019-01-14 02:34:32', '2A', true, 'The title of <82>', 'The content of the post <82>');
insert into post (id, topic_id, date, author_id, publicly_available, title, content) values ('83', '2B', '2019-01-13 03:35:32', '2B', true, 'The title of <83>', 'The content of the post <83>');
insert into post (id, topic_id, date, author_id, publicly_available, title, content) values ('84', '2C', '2019-01-12 04:36:32', '2C', true, 'The title of <84>', 'The content of the post <84>');
insert into post (id, topic_id, date, author_id, publicly_available, title, content) values ('85', '1', '2019-01-11 05:37:32', '1', true, 'The title of <85>', 'The content of the post <85>');
insert into post (id, topic_id, date, author_id, publicly_available, title, content) values ('86', '2', '2019-01-10 06:38:32', '2', true, 'The title of <86>', 'The content of the post <86>');
insert into post (id, topic_id, date, author_id, publicly_available, title, content) values ('87', '3', '2019-01-09 06:39:32', '3', true, 'The title of <87>', 'The content of the post <87>');
insert into post (id, topic_id, date, author_id, publicly_available, title, content) values ('88', '4', '2019-01-08 07:40:32', '4', true, 'The title of <88>', 'The content of the post <88>');
insert into post (id, topic_id, date, author_id, publicly_available, title, content) values ('89', '5', '2019-01-06 09:41:32', '5', true, 'The title of <89>', 'The content of the post <89>');
insert into post (id, topic_id, date, author_id, publicly_available, title, content) values ('8A', '6', '2019-01-05 10:42:32', '6', true, 'The title of <8A>', 'The content of the post <8A>');
insert into post (id, topic_id, date, author_id, publicly_available, title, content) values ('8B', '7', '2019-01-04 11:43:32', '7', false, 'The title of <8B>', 'The content of the post <8B>');
insert into post (id, topic_id, date, author_id, publicly_available, title, content) values ('8C', '8', '2019-01-03 12:44:32', '8', true, 'The title of <8C>', 'The content of the post <8C>');
insert into post (id, topic_id, date, author_id, publicly_available, title, content) values ('8D', '9', '2019-01-02 13:45:32', '9', true, 'The title of <8D>', 'The content of the post <8D>');
insert into post (id, topic_id, date, author_id, publicly_available, title, content) values ('8E', 'A', '2019-01-01 14:46:32', 'A', true, 'The title of <8E>', 'The content of the post <8E>');
insert into post (id, topic_id, date, author_id, publicly_available, title, content) values ('8F', 'B', '2018-12-31 15:47:32', 'B', true, 'The title of <8F>', 'The content of the post <8F>');
insert into post (id, topic_id, date, author_id, publicly_available, title, content) values ('90', 'C', '2018-12-30 16:48:32', 'C', true, 'The title of <90>', 'The content of the post <90>');
insert into post (id, topic_id, date, author_id, publicly_available, title, content) values ('91', 'D', '2018-12-29 17:49:32', 'D', true, 'The title of <91>', 'The content of the post <91>');
insert into post (id, topic_id, date, author_id, publicly_available, title, content) values ('92', 'E', '2018-12-28 18:50:32', 'E', true, 'The title of <92>', 'The content of the post <92>');
insert into post (id, topic_id, date, author_id, publicly_available, title, content) values ('93', 'F', '2018-12-27 19:51:32', 'F', true, 'The title of <93>', 'The content of the post <93>');
insert into post (id, topic_id, date, author_id, publicly_available, title, content) values ('94', '10', '2018-12-26 20:52:32', '10', true, 'The title of <94>', 'The content of the post <94>');
insert into post (id, topic_id, date, author_id, publicly_available, title, content) values ('95', '11', '2018-12-25 21:53:32', '11', false, 'The title of <95>', 'The content of the post <95>');
insert into post (id, topic_id, date, author_id, publicly_available, title, content) values ('96', '12', '2018-12-24 22:54:32', '12', true, 'The title of <96>', 'The content of the post <96>');
insert into post (id, topic_id, date, author_id, publicly_available, title, content) values ('97', '13', '2018-12-23 23:55:32', '13', true, 'The title of <97>', 'The content of the post <97>');
insert into post (id, topic_id, date, author_id, publicly_available, title, content) values ('98', '14', '2018-12-23 00:56:32', '14', true, 'The title of <98>', 'The content of the post <98>');
insert into post (id, topic_id, date, author_id, publicly_available, title, content) values ('99', '15', '2018-12-22 01:57:32', '15', true, 'The title of <99>', 'The content of the post <99>');
insert into post (id, topic_id, date, author_id, publicly_available, title, content) values ('9A', '16', '2018-12-21 02:58:32', '16', true, 'The title of <9A>', 'The content of the post <9A>');
insert into post (id, topic_id, date, author_id, publicly_available, title, content) values ('9B', '17', '2018-12-20 03:59:32', '17', true, 'The title of <9B>', 'The content of the post <9B>');
insert into post (id, topic_id, date, author_id, publicly_available, title, content) values ('9C', '18', '2018-12-19 05:00:32', '18', true, 'The title of <9C>', 'The content of the post <9C>');
insert into post (id, topic_id, date, author_id, publicly_available, title, content) values ('9D', '19', '2018-12-18 06:01:32', '19', true, 'The title of <9D>', 'The content of the post <9D>');
insert into post (id, topic_id, date, author_id, publicly_available, title, content) values ('9E', '1A', '2018-12-17 07:02:32', '1A', true, 'The title of <9E>', 'The content of the post <9E>');
insert into post (id, topic_id, date, author_id, publicly_available, title, content) values ('9F', '1B', '2018-12-16 08:03:32', '1B', false, 'The title of <9F>', 'The content of the post <9F>');
insert into post (id, topic_id, date, author_id, publicly_available, title, content) values ('A0', '1C', '2018-12-14 10:04:32', '1C', true, 'The title of <A0>', 'The content of the post <A0>');
insert into post (id, topic_id, date, author_id, publicly_available, title, content) values ('A1', '1D', '2018-12-13 11:05:32', '1D', true, 'The title of <A1>', 'The content of the post <A1>');
insert into post (id, topic_id, date, author_id, publicly_available, title, content) values ('A2', '1E', '2018-12-12 12:06:32', '1E', true, 'The title of <A2>', 'The content of the post <A2>');
insert into post (id, topic_id, date, author_id, publicly_available, title, content) values ('A3', '1F', '2018-12-11 13:07:32', '1F', true, 'The title of <A3>', 'The content of the post <A3>');
insert into post (id, topic_id, date, author_id, publicly_available, title, content) values ('A4', '20', '2018-12-10 14:08:32', '20', true, 'The title of <A4>', 'The content of the post <A4>');
insert into post (id, topic_id, date, author_id, publicly_available, title, content) values ('A5', '21', '2018-12-09 15:09:32', '21', true, 'The title of <A5>', 'The content of the post <A5>');
insert into post (id, topic_id, date, author_id, publicly_available, title, content) values ('A6', '22', '2018-12-08 16:10:32', '22', true, 'The title of <A6>', 'The content of the post <A6>');
insert into post (id, topic_id, date, author_id, publicly_available, title, content) values ('A7', '23', '2018-12-07 17:11:32', '23', true, 'The title of <A7>', 'The content of the post <A7>');
insert into post (id, topic_id, date, author_id, publicly_available, title, content) values ('A8', '24', '2018-12-06 18:12:32', '24', true, 'The title of <A8>', 'The content of the post <A8>');
insert into post (id, topic_id, date, author_id, publicly_available, title, content) values ('A9', '25', '2018-12-05 19:13:32', '25', false, 'The title of <A9>', 'The content of the post <A9>');
insert into post (id, topic_id, date, author_id, publicly_available, title, content) values ('AA', '26', '2018-12-04 20:14:32', '26', true, 'The title of <AA>', 'The content of the post <AA>');
insert into post (id, topic_id, date, author_id, publicly_available, title, content) values ('AB', '27', '2018-12-03 21:15:32', '27', true, 'The title of <AB>', 'The content of the post <AB>');
insert into post (id, topic_id, date, author_id, publicly_available, title, content) values ('AC', '28', '2018-12-02 22:16:32', '28', true, 'The title of <AC>', 'The content of the post <AC>');
insert into post (id, topic_id, date, author_id, publicly_available, title, content) values ('AD', '29', '2018-12-01 23:17:32', '29', true, 'The title of <AD>', 'The content of the post <AD>');
insert into post (id, topic_id, date, author_id, publicly_available, title, content) values ('AE', '2A', '2018-12-01 00:18:32', '2A', true, 'The title of <AE>', 'The content of the post <AE>');
insert into post (id, topic_id, date, author_id, publicly_available, title, content) values ('AF', '2B', '2018-11-30 01:19:32', '2B', true, 'The title of <AF>', 'The content of the post <AF>');
insert into post (id, topic_id, date, author_id, publicly_available, title, content) values ('B0', '2C', '2018-11-29 02:20:32', '2C', true, 'The title of <B0>', 'The content of the post <B0>');
insert into post (id, topic_id, date, author_id, publicly_available, title, content) values ('B1', '1', '2018-11-28 03:21:32', '1', true, 'The title of <B1>', 'The content of the post <B1>');
insert into post (id, topic_id, date, author_id, publicly_available, title, content) values ('B2', '2', '2018-11-27 04:22:32', '2', true, 'The title of <B2>', 'The content of the post <B2>');
insert into post (id, topic_id, date, author_id, publicly_available, title, content) values ('B3', '3', '2018-11-26 05:23:32', '3', false, 'The title of <B3>', 'The content of the post <B3>');
insert into post (id, topic_id, date, author_id, publicly_available, title, content) values ('B4', '4', '2018-11-25 06:24:32', '4', true, 'The title of <B4>', 'The content of the post <B4>');
insert into post (id, topic_id, date, author_id, publicly_available, title, content) values ('B5', '5', '2018-11-24 07:25:32', '5', true, 'The title of <B5>', 'The content of the post <B5>');
insert into post (id, topic_id, date, author_id, publicly_available, title, content) values ('B6', '6', '2018-11-23 08:26:32', '6', true, 'The title of <B6>', 'The content of the post <B6>');
insert into post (id, topic_id, date, author_id, publicly_available, title, content) values ('B7', '7', '2018-11-21 10:27:32', '7', true, 'The title of <B7>', 'The content of the post <B7>');
insert into post (id, topic_id, date, author_id, publicly_available, title, content) values ('B8', '8', '2018-11-20 11:28:32', '8', true, 'The title of <B8>', 'The content of the post <B8>');
insert into post (id, topic_id, date, author_id, publicly_available, title, content) values ('B9', '9', '2018-11-19 12:29:32', '9', true, 'The title of <B9>', 'The content of the post <B9>');
insert into post (id, topic_id, date, author_id, publicly_available, title, content) values ('BA', 'A', '2018-11-18 13:30:32', 'A', true, 'The title of <BA>', 'The content of the post <BA>');
insert into post (id, topic_id, date, author_id, publicly_available, title, content) values ('BB', 'B', '2018-11-17 14:31:32', 'B', true, 'The title of <BB>', 'The content of the post <BB>');
insert into post (id, topic_id, date, author_id, publicly_available, title, content) values ('BC', 'C', '2018-11-16 15:32:32', 'C', true, 'The title of <BC>', 'The content of the post <BC>');
insert into post (id, topic_id, date, author_id, publicly_available, title, content) values ('BD', 'D', '2018-11-15 16:33:32', 'D', false, 'The title of <BD>', 'The content of the post <BD>');
insert into post (id, topic_id, date, author_id, publicly_available, title, content) values ('BE', 'E', '2018-11-14 17:34:32', 'E', true, 'The title of <BE>', 'The content of the post <BE>');
insert into post (id, topic_id, date, author_id, publicly_available, title, content) values ('BF', 'F', '2018-11-13 18:35:32', 'F', true, 'The title of <BF>', 'The content of the post <BF>');
insert into post (id, topic_id, date, author_id, publicly_available, title, content) values ('C0', '10', '2018-11-12 19:36:32', '10', true, 'The title of <C0>', 'The content of the post <C0>');
insert into post (id, topic_id, date, author_id, publicly_available, title, content) values ('C1', '11', '2018-11-11 20:37:32', '11', true, 'The title of <C1>', 'The content of the post <C1>');
insert into post (id, topic_id, date, author_id, publicly_available, title, content) values ('C2', '12', '2018-11-10 21:38:32', '12', true, 'The title of <C2>', 'The content of the post <C2>');
insert into post (id, topic_id, date, author_id, publicly_available, title, content) values ('C3', '13', '2018-11-09 21:39:32', '13', true, 'The title of <C3>', 'The content of the post <C3>');
insert into post (id, topic_id, date, author_id, publicly_available, title, content) values ('C4', '14', '2018-11-08 22:40:32', '14', true, 'The title of <C4>', 'The content of the post <C4>');
insert into post (id, topic_id, date, author_id, publicly_available, title, content) values ('C5', '15', '2018-11-07 23:41:32', '15', true, 'The title of <C5>', 'The content of the post <C5>');
insert into post (id, topic_id, date, author_id, publicly_available, title, content) values ('C6', '16', '2018-11-07 00:42:32', '16', true, 'The title of <C6>', 'The content of the post <C6>');
insert into post (id, topic_id, date, author_id, publicly_available, title, content) values ('C7', '17', '2018-11-06 01:43:32', '17', false, 'The title of <C7>', 'The content of the post <C7>');
insert into post (id, topic_id, date, author_id, publicly_available, title, content) values ('C8', '18', '2018-11-05 02:44:32', '18', true, 'The title of <C8>', 'The content of the post <C8>');
insert into post (id, topic_id, date, author_id, publicly_available, title, content) values ('C9', '19', '2018-11-04 03:45:32', '19', true, 'The title of <C9>', 'The content of the post <C9>');
insert into post (id, topic_id, date, author_id, publicly_available, title, content) values ('CA', '1A', '2018-11-03 04:46:32', '1A', true, 'The title of <CA>', 'The content of the post <CA>');
insert into post (id, topic_id, date, author_id, publicly_available, title, content) values ('CB', '1B', '2018-11-02 05:47:32', '1B', true, 'The title of <CB>', 'The content of the post <CB>');
insert into post (id, topic_id, date, author_id, publicly_available, title, content) values ('CC', '1C', '2018-11-01 06:48:32', '1C', true, 'The title of <CC>', 'The content of the post <CC>');
insert into post (id, topic_id, date, author_id, publicly_available, title, content) values ('CD', '1D', '2018-10-31 07:49:32', '1D', true, 'The title of <CD>', 'The content of the post <CD>');
insert into post (id, topic_id, date, author_id, publicly_available, title, content) values ('CE', '1E', '2018-10-29 09:50:32', '1E', true, 'The title of <CE>', 'The content of the post <CE>');
insert into post (id, topic_id, date, author_id, publicly_available, title, content) values ('CF', '1F', '2018-10-28 10:51:32', '1F', true, 'The title of <CF>', 'The content of the post <CF>');
insert into post (id, topic_id, date, author_id, publicly_available, title, content) values ('D0', '20', '2018-10-27 11:52:32', '20', true, 'The title of <D0>', 'The content of the post <D0>');
insert into post (id, topic_id, date, author_id, publicly_available, title, content) values ('D1', '21', '2018-10-26 12:53:32', '21', false, 'The title of <D1>', 'The content of the post <D1>');
insert into post (id, topic_id, date, author_id, publicly_available, title, content) values ('D2', '22', '2018-10-25 13:54:32', '22', true, 'The title of <D2>', 'The content of the post <D2>');
insert into post (id, topic_id, date, author_id, publicly_available, title, content) values ('D3', '23', '2018-10-24 14:55:32', '23', true, 'The title of <D3>', 'The content of the post <D3>');
insert into post (id, topic_id, date, author_id, publicly_available, title, content) values ('D4', '24', '2018-10-23 15:56:32', '24', true, 'The title of <D4>', 'The content of the post <D4>');
insert into post (id, topic_id, date, author_id, publicly_available, title, content) values ('D5', '25', '2018-10-22 16:57:32', '25', true, 'The title of <D5>', 'The content of the post <D5>');
insert into post (id, topic_id, date, author_id, publicly_available, title, content) values ('D6', '26', '2018-10-21 17:58:32', '26', true, 'The title of <D6>', 'The content of the post <D6>');
insert into post (id, topic_id, date, author_id, publicly_available, title, content) values ('D7', '27', '2018-10-20 18:59:32', '27', true, 'The title of <D7>', 'The content of the post <D7>');
insert into post (id, topic_id, date, author_id, publicly_available, title, content) values ('D8', '28', '2018-10-19 20:00:32', '28', true, 'The title of <D8>', 'The content of the post <D8>');
insert into post (id, topic_id, date, author_id, publicly_available, title, content) values ('D9', '29', '2018-10-18 21:01:32', '29', true, 'The title of <D9>', 'The content of the post <D9>');
insert into post (id, topic_id, date, author_id, publicly_available, title, content) values ('DA', '2A', '2018-10-17 22:02:32', '2A', true, 'The title of <DA>', 'The content of the post <DA>');
insert into post (id, topic_id, date, author_id, publicly_available, title, content) values ('DB', '2B', '2018-10-16 23:03:32', '2B', false, 'The title of <DB>', 'The content of the post <DB>');
insert into post (id, topic_id, date, author_id, publicly_available, title, content) values ('DC', '2C', '2018-10-16 00:04:32', '2C', true, 'The title of <DC>', 'The content of the post <DC>');
insert into post (id, topic_id, date, author_id, publicly_available, title, content) values ('DD', '1', '2018-10-15 01:05:32', '1', true, 'The title of <DD>', 'The content of the post <DD>');
insert into post (id, topic_id, date, author_id, publicly_available, title, content) values ('DE', '2', '2018-10-14 02:06:32', '2', true, 'The title of <DE>', 'The content of the post <DE>');
insert into post (id, topic_id, date, author_id, publicly_available, title, content) values ('DF', '3', '2018-10-13 03:07:32', '3', true, 'The title of <DF>', 'The content of the post <DF>');
insert into post (id, topic_id, date, author_id, publicly_available, title, content) values ('E0', '4', '2018-10-12 04:08:32', '4', true, 'The title of <E0>', 'The content of the post <E0>');
insert into post (id, topic_id, date, author_id, publicly_available, title, content) values ('E1', '5', '2018-10-11 05:09:32', '5', true, 'The title of <E1>', 'The content of the post <E1>');
insert into post (id, topic_id, date, author_id, publicly_available, title, content) values ('E2', '6', '2018-10-10 06:10:32', '6', true, 'The title of <E2>', 'The content of the post <E2>');
insert into post (id, topic_id, date, author_id, publicly_available, title, content) values ('E3', '7', '2018-10-09 07:11:32', '7', true, 'The title of <E3>', 'The content of the post <E3>');
insert into post (id, topic_id, date, author_id, publicly_available, title, content) values ('E4', '8', '2018-10-08 08:12:32', '8', true, 'The title of <E4>', 'The content of the post <E4>');
insert into post (id, topic_id, date, author_id, publicly_available, title, content) values ('E5', '9', '2018-10-06 10:13:32', '9', false, 'The title of <E5>', 'The content of the post <E5>');
insert into post (id, topic_id, date, author_id, publicly_available, title, content) values ('E6', 'A', '2018-10-05 11:14:32', 'A', true, 'The title of <E6>', 'The content of the post <E6>');
insert into post (id, topic_id, date, author_id, publicly_available, title, content) values ('E7', 'B', '2018-10-04 12:15:32', 'B', true, 'The title of <E7>', 'The content of the post <E7>');
insert into post (id, topic_id, date, author_id, publicly_available, title, content) values ('E8', 'C', '2018-10-03 13:16:32', 'C', true, 'The title of <E8>', 'The content of the post <E8>');
insert into post (id, topic_id, date, author_id, publicly_available, title, content) values ('E9', 'D', '2018-10-02 14:17:32', 'D', true, 'The title of <E9>', 'The content of the post <E9>');
insert into post (id, topic_id, date, author_id, publicly_available, title, content) values ('EA', 'E', '2018-10-01 15:18:32', 'E', true, 'The title of <EA>', 'The content of the post <EA>');
insert into post (id, topic_id, date, author_id, publicly_available, title, content) values ('EB', 'F', '2018-09-30 16:19:32', 'F', true, 'The title of <EB>', 'The content of the post <EB>');
insert into post (id, topic_id, date, author_id, publicly_available, title, content) values ('EC', '10', '2018-09-29 17:20:32', '10', true, 'The title of <EC>', 'The content of the post <EC>');
insert into post (id, topic_id, date, author_id, publicly_available, title, content) values ('ED', '11', '2018-09-28 18:21:32', '11', true, 'The title of <ED>', 'The content of the post <ED>');
insert into post (id, topic_id, date, author_id, publicly_available, title, content) values ('EE', '12', '2018-09-27 19:22:32', '12', true, 'The title of <EE>', 'The content of the post <EE>');
insert into post (id, topic_id, date, author_id, publicly_available, title, content) values ('EF', '13', '2018-09-26 20:23:32', '13', false, 'The title of <EF>', 'The content of the post <EF>');
insert into post (id, topic_id, date, author_id, publicly_available, title, content) values ('F0', '14', '2018-09-25 21:24:32', '14', true, 'The title of <F0>', 'The content of the post <F0>');
insert into post (id, topic_id, date, author_id, publicly_available, title, content) values ('F1', '15', '2018-09-24 22:25:32', '15', true, 'The title of <F1>', 'The content of the post <F1>');
insert into post (id, topic_id, date, author_id, publicly_available, title, content) values ('F2', '16', '2018-09-23 23:26:32', '16', true, 'The title of <F2>', 'The content of the post <F2>');
insert into post (id, topic_id, date, author_id, publicly_available, title, content) values ('F3', '17', '2018-09-23 00:27:32', '17', true, 'The title of <F3>', 'The content of the post <F3>');
insert into post (id, topic_id, date, author_id, publicly_available, title, content) values ('F4', '18', '2018-09-22 01:28:32', '18', true, 'The title of <F4>', 'The content of the post <F4>');
insert into post (id, topic_id, date, author_id, publicly_available, title, content) values ('F5', '19', '2018-09-21 02:29:32', '19', true, 'The title of <F5>', 'The content of the post <F5>');
insert into post (id, topic_id, date, author_id, publicly_available, title, content) values ('F6', '1A', '2018-09-20 03:30:32', '1A', true, 'The title of <F6>', 'The content of the post <F6>');
insert into post (id, topic_id, date, author_id, publicly_available, title, content) values ('F7', '1B', '2018-09-19 04:31:32', '1B', true, 'The title of <F7>', 'The content of the post <F7>');
insert into post (id, topic_id, date, author_id, publicly_available, title, content) values ('F8', '1C', '2018-09-18 05:32:32', '1C', true, 'The title of <F8>', 'The content of the post <F8>');
insert into post (id, topic_id, date, author_id, publicly_available, title, content) values ('F9', '1D', '2018-09-17 06:33:32', '1D', false, 'The title of <F9>', 'The content of the post <F9>');
insert into post (id, topic_id, date, author_id, publicly_available, title, content) values ('FA', '1E', '2018-09-16 07:34:32', '1E', true, 'The title of <FA>', 'The content of the post <FA>');
insert into post (id, topic_id, date, author_id, publicly_available, title, content) values ('FB', '1F', '2018-09-15 08:35:32', '1F', true, 'The title of <FB>', 'The content of the post <FB>');
insert into post (id, topic_id, date, author_id, publicly_available, title, content) values ('FC', '20', '2018-09-13 10:36:32', '20', true, 'The title of <FC>', 'The content of the post <FC>');
insert into post (id, topic_id, date, author_id, publicly_available, title, content) values ('FD', '21', '2018-09-12 11:37:32', '21', true, 'The title of <FD>', 'The content of the post <FD>');
insert into post (id, topic_id, date, author_id, publicly_available, title, content) values ('FE', '22', '2018-09-11 12:38:32', '22', true, 'The title of <FE>', 'The content of the post <FE>');
insert into post (id, topic_id, date, author_id, publicly_available, title, content) values ('FF', '23', '2018-09-10 12:39:32', '23', true, 'The title of <FF>', 'The content of the post <FF>');
insert into post (id, topic_id, date, author_id, publicly_available, title, content) values ('100', '24', '2018-09-09 13:40:32', '24', true, 'The title of <100>', 'The content of the post <100>');
insert into post (id, topic_id, date, author_id, publicly_available, title, content) values ('101', '25', '2018-09-08 14:41:32', '25', true, 'The title of <101>', 'The content of the post <101>');
insert into post (id, topic_id, date, author_id, publicly_available, title, content) values ('102', '26', '2018-09-07 15:42:32', '26', true, 'The title of <102>', 'The content of the post <102>');
insert into post (id, topic_id, date, author_id, publicly_available, title, content) values ('103', '27', '2018-09-06 16:43:32', '27', false, 'The title of <103>', 'The content of the post <103>');
insert into post (id, topic_id, date, author_id, publicly_available, title, content) values ('104', '28', '2018-09-05 17:44:32', '28', true, 'The title of <104>', 'The content of the post <104>');
insert into post (id, topic_id, date, author_id, publicly_available, title, content) values ('105', '29', '2018-09-04 18:45:32', '29', true, 'The title of <105>', 'The content of the post <105>');
insert into post (id, topic_id, date, author_id, publicly_available, title, content) values ('106', '2A', '2018-09-03 19:46:32', '2A', true, 'The title of <106>', 'The content of the post <106>');
insert into post (id, topic_id, date, author_id, publicly_available, title, content) values ('107', '2B', '2018-09-02 20:47:32', '2B', true, 'The title of <107>', 'The content of the post <107>');
insert into post (id, topic_id, date, author_id, publicly_available, title, content) values ('108', '2C', '2018-09-01 21:48:32', '2C', true, 'The title of <108>', 'The content of the post <108>');
insert into post (id, topic_id, date, author_id, publicly_available, title, content) values ('109', '1', '2018-08-31 22:49:32', '1', true, 'The title of <109>', 'The content of the post <109>');
insert into post (id, topic_id, date, author_id, publicly_available, title, content) values ('10A', '2', '2018-08-30 23:50:32', '2', true, 'The title of <10A>', 'The content of the post <10A>');
insert into post (id, topic_id, date, author_id, publicly_available, title, content) values ('10B', '3', '2018-08-30 00:51:32', '3', true, 'The title of <10B>', 'The content of the post <10B>');
insert into post (id, topic_id, date, author_id, publicly_available, title, content) values ('10C', '4', '2018-08-29 01:52:32', '4', true, 'The title of <10C>', 'The content of the post <10C>');
insert into post (id, topic_id, date, author_id, publicly_available, title, content) values ('10D', '5', '2018-08-28 02:53:32', '5', false, 'The title of <10D>', 'The content of the post <10D>');
insert into post (id, topic_id, date, author_id, publicly_available, title, content) values ('10E', '6', '2018-08-27 03:54:32', '6', true, 'The title of <10E>', 'The content of the post <10E>');
insert into post (id, topic_id, date, author_id, publicly_available, title, content) values ('10F', '7', '2018-08-26 04:55:32', '7', true, 'The title of <10F>', 'The content of the post <10F>');
insert into post (id, topic_id, date, author_id, publicly_available, title, content) values ('110', '8', '2018-08-25 05:56:32', '8', true, 'The title of <110>', 'The content of the post <110>');
insert into post (id, topic_id, date, author_id, publicly_available, title, content) values ('111', '9', '2018-08-24 06:57:32', '9', true, 'The title of <111>', 'The content of the post <111>');
insert into post (id, topic_id, date, author_id, publicly_available, title, content) values ('112', 'A', '2018-08-23 07:58:32', 'A', true, 'The title of <112>', 'The content of the post <112>');
insert into post (id, topic_id, date, author_id, publicly_available, title, content) values ('113', 'B', '2018-08-21 09:59:32', 'B', true, 'The title of <113>', 'The content of the post <113>');
insert into post (id, topic_id, date, author_id, publicly_available, title, content) values ('114', 'C', '2018-08-20 11:00:32', 'C', true, 'The title of <114>', 'The content of the post <114>');
insert into post (id, topic_id, date, author_id, publicly_available, title, content) values ('115', 'D', '2018-08-19 12:01:32', 'D', true, 'The title of <115>', 'The content of the post <115>');
insert into post (id, topic_id, date, author_id, publicly_available, title, content) values ('116', 'E', '2018-08-18 13:02:32', 'E', true, 'The title of <116>', 'The content of the post <116>');
insert into post (id, topic_id, date, author_id, publicly_available, title, content) values ('117', 'F', '2018-08-17 14:03:32', 'F', false, 'The title of <117>', 'The content of the post <117>');
insert into post (id, topic_id, date, author_id, publicly_available, title, content) values ('118', '10', '2018-08-16 15:04:32', '10', true, 'The title of <118>', 'The content of the post <118>');
insert into post (id, topic_id, date, author_id, publicly_available, title, content) values ('119', '11', '2018-08-15 16:05:32', '11', true, 'The title of <119>', 'The content of the post <119>');
insert into post (id, topic_id, date, author_id, publicly_available, title, content) values ('11A', '12', '2018-08-14 17:06:32', '12', true, 'The title of <11A>', 'The content of the post <11A>');
insert into post (id, topic_id, date, author_id, publicly_available, title, content) values ('11B', '13', '2018-08-13 18:07:32', '13', true, 'The title of <11B>', 'The content of the post <11B>');
insert into post (id, topic_id, date, author_id, publicly_available, title, content) values ('11C', '14', '2018-08-12 19:08:32', '14', true, 'The title of <11C>', 'The content of the post <11C>');
insert into post (id, topic_id, date, author_id, publicly_available, title, content) values ('11D', '15', '2018-08-11 20:09:32', '15', true, 'The title of <11D>', 'The content of the post <11D>');
insert into post (id, topic_id, date, author_id, publicly_available, title, content) values ('11E', '16', '2018-08-10 21:10:32', '16', true, 'The title of <11E>', 'The content of the post <11E>');
insert into post (id, topic_id, date, author_id, publicly_available, title, content) values ('11F', '17', '2018-08-09 22:11:32', '17', true, 'The title of <11F>', 'The content of the post <11F>');
insert into post (id, topic_id, date, author_id, publicly_available, title, content) values ('120', '18', '2018-08-08 23:12:32', '18', true, 'The title of <120>', 'The content of the post <120>');
insert into post (id, topic_id, date, author_id, publicly_available, title, content) values ('121', '19', '2018-08-08 00:13:32', '19', false, 'The title of <121>', 'The content of the post <121>');
insert into post (id, topic_id, date, author_id, publicly_available, title, content) values ('122', '1A', '2018-08-07 01:14:32', '1A', true, 'The title of <122>', 'The content of the post <122>');
insert into post (id, topic_id, date, author_id, publicly_available, title, content) values ('123', '1B', '2018-08-06 02:15:32', '1B', true, 'The title of <123>', 'The content of the post <123>');
insert into post (id, topic_id, date, author_id, publicly_available, title, content) values ('124', '1C', '2018-08-05 03:16:32', '1C', true, 'The title of <124>', 'The content of the post <124>');
insert into post (id, topic_id, date, author_id, publicly_available, title, content) values ('125', '1D', '2018-08-04 04:17:32', '1D', true, 'The title of <125>', 'The content of the post <125>');
insert into post (id, topic_id, date, author_id, publicly_available, title, content) values ('126', '1E', '2018-08-03 05:18:32', '1E', true, 'The title of <126>', 'The content of the post <126>');
insert into post (id, topic_id, date, author_id, publicly_available, title, content) values ('127', '1F', '2018-08-02 06:19:32', '1F', true, 'The title of <127>', 'The content of the post <127>');
insert into post (id, topic_id, date, author_id, publicly_available, title, content) values ('128', '20', '2018-08-01 07:20:32', '20', true, 'The title of <128>', 'The content of the post <128>');
insert into post (id, topic_id, date, author_id, publicly_available, title, content) values ('129', '21', '2018-07-31 08:21:32', '21', true, 'The title of <129>', 'The content of the post <129>');
insert into post (id, topic_id, date, author_id, publicly_available, title, content) values ('12A', '22', '2018-07-29 10:22:32', '22', true, 'The title of <12A>', 'The content of the post <12A>');
insert into post (id, topic_id, date, author_id, publicly_available, title, content) values ('12B', '23', '2018-07-28 11:23:32', '23', false, 'The title of <12B>', 'The content of the post <12B>');
insert into post (id, topic_id, date, author_id, publicly_available, title, content) values ('12C', '24', '2018-07-27 12:24:32', '24', true, 'The title of <12C>', 'The content of the post <12C>');
insert into post (id, topic_id, date, author_id, publicly_available, title, content) values ('12D', '25', '2018-07-26 13:25:32', '25', true, 'The title of <12D>', 'The content of the post <12D>');
insert into post (id, topic_id, date, author_id, publicly_available, title, content) values ('12E', '26', '2018-07-25 14:26:32', '26', true, 'The title of <12E>', 'The content of the post <12E>');
insert into post (id, topic_id, date, author_id, publicly_available, title, content) values ('12F', '27', '2018-07-24 15:27:32', '27', true, 'The title of <12F>', 'The content of the post <12F>');
insert into post (id, topic_id, date, author_id, publicly_available, title, content) values ('130', '28', '2018-07-23 16:28:32', '28', true, 'The title of <130>', 'The content of the post <130>');
insert into post (id, topic_id, date, author_id, publicly_available, title, content) values ('131', '29', '2018-07-22 17:29:32', '29', true, 'The title of <131>', 'The content of the post <131>');
insert into post (id, topic_id, date, author_id, publicly_available, title, content) values ('132', '2A', '2018-07-21 18:30:32', '2A', true, 'The title of <132>', 'The content of the post <132>');
insert into post (id, topic_id, date, author_id, publicly_available, title, content) values ('133', '2B', '2018-07-20 19:31:32', '2B', true, 'The title of <133>', 'The content of the post <133>');
insert into post (id, topic_id, date, author_id, publicly_available, title, content) values ('134', '2C', '2018-07-19 20:32:32', '2C', true, 'The title of <134>', 'The content of the post <134>');
insert into post (id, topic_id, date, author_id, publicly_available, title, content) values ('135', '1', '2018-07-18 21:33:32', '1', false, 'The title of <135>', 'The content of the post <135>');
insert into post (id, topic_id, date, author_id, publicly_available, title, content) values ('136', '2', '2018-07-17 22:34:32', '2', true, 'The title of <136>', 'The content of the post <136>');
insert into post (id, topic_id, date, author_id, publicly_available, title, content) values ('137', '3', '2018-07-16 23:35:32', '3', true, 'The title of <137>', 'The content of the post <137>');
insert into post (id, topic_id, date, author_id, publicly_available, title, content) values ('138', '4', '2018-07-16 00:36:32', '4', true, 'The title of <138>', 'The content of the post <138>');
insert into post (id, topic_id, date, author_id, publicly_available, title, content) values ('139', '5', '2018-07-15 01:37:32', '5', true, 'The title of <139>', 'The content of the post <139>');
insert into post (id, topic_id, date, author_id, publicly_available, title, content) values ('13A', '6', '2018-07-14 02:38:32', '6', true, 'The title of <13A>', 'The content of the post <13A>');
insert into post (id, topic_id, date, author_id, publicly_available, title, content) values ('13B', '7', '2018-07-13 02:39:32', '7', true, 'The title of <13B>', 'The content of the post <13B>');
insert into post (id, topic_id, date, author_id, publicly_available, title, content) values ('13C', '8', '2018-07-12 03:40:32', '8', true, 'The title of <13C>', 'The content of the post <13C>');
insert into post (id, topic_id, date, author_id, publicly_available, title, content) values ('13D', '9', '2018-07-11 04:41:32', '9', true, 'The title of <13D>', 'The content of the post <13D>');
insert into post (id, topic_id, date, author_id, publicly_available, title, content) values ('13E', 'A', '2018-07-10 05:42:32', 'A', true, 'The title of <13E>', 'The content of the post <13E>');
insert into post (id, topic_id, date, author_id, publicly_available, title, content) values ('13F', 'B', '2018-07-09 06:43:32', 'B', false, 'The title of <13F>', 'The content of the post <13F>');
insert into post (id, topic_id, date, author_id, publicly_available, title, content) values ('140', 'C', '2018-07-08 07:44:32', 'C', true, 'The title of <140>', 'The content of the post <140>');
commit;
