//data.sql
insert into member (id, name, alias, email, type) values ('Member1', 'Name 1', null, 'name.1@graphql-java.com', 'ADMIN');
insert into member (id, name, alias, email, type) values ('Member2', 'Name 2', 'Alias of Name 2', 'name.2@graphql-java.com', 'MODERATOR');
insert into member (id, name, alias, email, type) values ('Member3', 'Name 3', null, 'name.3@graphql-java.com', 'STANDARD');
insert into member (id, name, alias, email, type) values ('Member4', 'Name 4', 'Alias of Name 4', 'name.4@graphql-java.com', 'ADMIN');
insert into member (id, name, alias, email, type) values ('Member5', 'Name 5', null, 'name.5@graphql-java.com', 'MODERATOR');
insert into member (id, name, alias, email, type) values ('Member6', 'Name 6', 'Alias of Name 6', 'name.6@graphql-java.com', 'STANDARD');
insert into member (id, name, alias, email, type) values ('Member7', 'Name 7', null, 'name.7@graphql-java.com', 'ADMIN');
insert into member (id, name, alias, email, type) values ('Member8', 'Name 8', 'Alias of Name 8', 'name.8@graphql-java.com', 'MODERATOR');
insert into member (id, name, alias, email, type) values ('Member9', 'Name 9', null, 'name.9@graphql-java.com', 'STANDARD');
insert into member (id, name, alias, email, type) values ('Member10', 'Name 10', 'Alias of Name 10', 'name.10@graphql-java.com', 'ADMIN');
insert into member (id, name, alias, email, type) values ('Member11', 'Name 11', null, 'name.11@graphql-java.com', 'MODERATOR');
insert into member (id, name, alias, email, type) values ('Member12', 'Name 12', 'Alias of Name 12', 'name.12@graphql-java.com', 'STANDARD');
insert into member (id, name, alias, email, type) values ('Member13', 'Name 13', null, 'name.13@graphql-java.com', 'ADMIN');
insert into member (id, name, alias, email, type) values ('Member14', 'Name 14', 'Alias of Name 14', 'name.14@graphql-java.com', 'MODERATOR');
insert into member (id, name, alias, email, type) values ('Member15', 'Name 15', null, 'name.15@graphql-java.com', 'STANDARD');
insert into member (id, name, alias, email, type) values ('Member16', 'Name 16', 'Alias of Name 16', 'name.16@graphql-java.com', 'ADMIN');
insert into member (id, name, alias, email, type) values ('Member17', 'Name 17', null, 'name.17@graphql-java.com', 'MODERATOR');
insert into member (id, name, alias, email, type) values ('Member18', 'Name 18', 'Alias of Name 18', 'name.18@graphql-java.com', 'STANDARD');
insert into member (id, name, alias, email, type) values ('Member19', 'Name 19', null, 'name.19@graphql-java.com', 'ADMIN');
insert into member (id, name, alias, email, type) values ('Member20', 'Name 20', 'Alias of Name 20', 'name.20@graphql-java.com', 'MODERATOR');
insert into member (id, name, alias, email, type) values ('Member21', 'Name 21', null, 'name.21@graphql-java.com', 'STANDARD');
insert into member (id, name, alias, email, type) values ('Member22', 'Name 22', 'Alias of Name 22', 'name.22@graphql-java.com', 'ADMIN');
insert into member (id, name, alias, email, type) values ('Member23', 'Name 23', null, 'name.23@graphql-java.com', 'MODERATOR');
insert into member (id, name, alias, email, type) values ('Member24', 'Name 24', 'Alias of Name 24', 'name.24@graphql-java.com', 'STANDARD');
insert into member (id, name, alias, email, type) values ('Member25', 'Name 25', null, 'name.25@graphql-java.com', 'ADMIN');
insert into member (id, name, alias, email, type) values ('Member26', 'Name 26', 'Alias of Name 26', 'name.26@graphql-java.com', 'MODERATOR');
insert into member (id, name, alias, email, type) values ('Member27', 'Name 27', null, 'name.27@graphql-java.com', 'STANDARD');
insert into member (id, name, alias, email, type) values ('Member28', 'Name 28', 'Alias of Name 28', 'name.28@graphql-java.com', 'ADMIN');
insert into member (id, name, alias, email, type) values ('Member29', 'Name 29', null, 'name.29@graphql-java.com', 'MODERATOR');
insert into member (id, name, alias, email, type) values ('Member30', 'Name 30', 'Alias of Name 30', 'name.30@graphql-java.com', 'STANDARD');
insert into member (id, name, alias, email, type) values ('Member31', 'Name 31', null, 'name.31@graphql-java.com', 'ADMIN');
insert into member (id, name, alias, email, type) values ('Member32', 'Name 32', 'Alias of Name 32', 'name.32@graphql-java.com', 'MODERATOR');
insert into member (id, name, alias, email, type) values ('Member33', 'Name 33', null, 'name.33@graphql-java.com', 'STANDARD');
insert into member (id, name, alias, email, type) values ('Member34', 'Name 34', 'Alias of Name 34', 'name.34@graphql-java.com', 'ADMIN');
insert into member (id, name, alias, email, type) values ('Member35', 'Name 35', null, 'name.35@graphql-java.com', 'MODERATOR');
insert into member (id, name, alias, email, type) values ('Member36', 'Name 36', 'Alias of Name 36', 'name.36@graphql-java.com', 'STANDARD');
insert into member (id, name, alias, email, type) values ('Member37', 'Name 37', null, 'name.37@graphql-java.com', 'ADMIN');
insert into member (id, name, alias, email, type) values ('Member38', 'Name 38', 'Alias of Name 38', 'name.38@graphql-java.com', 'MODERATOR');
insert into member (id, name, alias, email, type) values ('Member39', 'Name 39', null, 'name.39@graphql-java.com', 'STANDARD');
insert into member (id, name, alias, email, type) values ('Member40', 'Name 40', 'Alias of Name 40', 'name.40@graphql-java.com', 'ADMIN');
insert into member (id, name, alias, email, type) values ('Member41', 'Name 41', null, 'name.41@graphql-java.com', 'MODERATOR');
insert into member (id, name, alias, email, type) values ('Member42', 'Name 42', 'Alias of Name 42', 'name.42@graphql-java.com', 'STANDARD');
insert into member (id, name, alias, email, type) values ('Member43', 'Name 43', null, 'name.43@graphql-java.com', 'ADMIN');
insert into member (id, name, alias, email, type) values ('Member44', 'Name 44', 'Alias of Name 44', 'name.44@graphql-java.com', 'MODERATOR');
insert into board (id, name, publiclyAvailable) values ('Board1', 'Board name 1', true);
insert into board (id, name, publiclyAvailable) values ('Board2', 'Board name 2', false);
insert into board (id, name, publiclyAvailable) values ('Board3', 'Board name 3', true);
insert into board (id, name, publiclyAvailable) values ('Board4', 'Board name 4', true);
insert into board (id, name, publiclyAvailable) values ('Board5', 'Board name 5', false);
insert into board (id, name, publiclyAvailable) values ('Board6', 'Board name 6', true);
insert into board (id, name, publiclyAvailable) values ('Board7', 'Board name 7', true);
insert into board (id, name, publiclyAvailable) values ('Board8', 'Board name 8', false);
insert into board (id, name, publiclyAvailable) values ('Board9', 'Board name 9', true);
insert into board (id, name, publiclyAvailable) values ('Board10', 'Board name 10', true);
insert into topic (id, board_id, date, author_id, publiclyAvailable, nbPost, title, content) values ('Topic1', 'Board1', '2019-04-23 12:06:15', 'Member1', true, 0, 'The title of <Topic1>', 'The content of the topic <Topic1>');
insert into topic (id, board_id, date, author_id, publiclyAvailable, nbPost, title, content) values ('Topic2', 'Board2', '2019-04-22 13:07:15', 'Member2', true, 0, 'The title of <Topic2>', 'The content of the topic <Topic2>');
insert into topic (id, board_id, date, author_id, publiclyAvailable, nbPost, title, content) values ('Topic3', 'Board3', '2019-04-21 14:08:15', 'Member3', true, 0, 'The title of <Topic3>', 'The content of the topic <Topic3>');
insert into topic (id, board_id, date, author_id, publiclyAvailable, nbPost, title, content) values ('Topic4', 'Board4', '2019-04-20 15:09:15', 'Member4', true, 0, 'The title of <Topic4>', 'The content of the topic <Topic4>');
insert into topic (id, board_id, date, author_id, publiclyAvailable, nbPost, title, content) values ('Topic5', 'Board5', '2019-04-19 16:10:15', 'Member5', true, 0, 'The title of <Topic5>', 'The content of the topic <Topic5>');
insert into topic (id, board_id, date, author_id, publiclyAvailable, nbPost, title, content) values ('Topic6', 'Board6', '2019-04-18 17:11:15', 'Member6', true, 0, 'The title of <Topic6>', 'The content of the topic <Topic6>');
insert into topic (id, board_id, date, author_id, publiclyAvailable, nbPost, title, content) values ('Topic7', 'Board7', '2019-04-17 18:12:15', 'Member7', true, 0, 'The title of <Topic7>', 'The content of the topic <Topic7>');
insert into topic (id, board_id, date, author_id, publiclyAvailable, nbPost, title, content) values ('Topic8', 'Board8', '2019-04-16 19:13:15', 'Member8', true, 0, 'The title of <Topic8>', 'The content of the topic <Topic8>');
insert into topic (id, board_id, date, author_id, publiclyAvailable, nbPost, title, content) values ('Topic9', 'Board9', '2019-04-15 20:14:15', 'Member9', false, 0, 'The title of <Topic9>', 'The content of the topic <Topic9>');
insert into topic (id, board_id, date, author_id, publiclyAvailable, nbPost, title, content) values ('Topic10', 'Board10', '2019-04-14 21:15:15', 'Member10', true, 0, 'The title of <Topic10>', 'The content of the topic <Topic10>');
insert into topic (id, board_id, date, author_id, publiclyAvailable, nbPost, title, content) values ('Topic11', 'Board1', '2019-04-13 22:16:15', 'Member11', true, 0, 'The title of <Topic11>', 'The content of the topic <Topic11>');
insert into topic (id, board_id, date, author_id, publiclyAvailable, nbPost, title, content) values ('Topic12', 'Board2', '2019-04-12 23:17:15', 'Member12', true, 0, 'The title of <Topic12>', 'The content of the topic <Topic12>');
insert into topic (id, board_id, date, author_id, publiclyAvailable, nbPost, title, content) values ('Topic13', 'Board3', '2019-04-12 00:18:15', 'Member13', true, 0, 'The title of <Topic13>', 'The content of the topic <Topic13>');
insert into topic (id, board_id, date, author_id, publiclyAvailable, nbPost, title, content) values ('Topic14', 'Board4', '2019-04-11 01:19:15', 'Member14', true, 0, 'The title of <Topic14>', 'The content of the topic <Topic14>');
insert into topic (id, board_id, date, author_id, publiclyAvailable, nbPost, title, content) values ('Topic15', 'Board5', '2019-04-10 01:20:15', 'Member15', true, 0, 'The title of <Topic15>', 'The content of the topic <Topic15>');
insert into topic (id, board_id, date, author_id, publiclyAvailable, nbPost, title, content) values ('Topic16', 'Board6', '2019-04-09 02:21:15', 'Member16', true, 0, 'The title of <Topic16>', 'The content of the topic <Topic16>');
insert into topic (id, board_id, date, author_id, publiclyAvailable, nbPost, title, content) values ('Topic17', 'Board7', '2019-04-08 03:22:15', 'Member17', true, 0, 'The title of <Topic17>', 'The content of the topic <Topic17>');
insert into topic (id, board_id, date, author_id, publiclyAvailable, nbPost, title, content) values ('Topic18', 'Board8', '2019-04-07 04:23:15', 'Member18', true, 0, 'The title of <Topic18>', 'The content of the topic <Topic18>');
insert into topic (id, board_id, date, author_id, publiclyAvailable, nbPost, title, content) values ('Topic19', 'Board9', '2019-04-06 05:24:15', 'Member19', false, 0, 'The title of <Topic19>', 'The content of the topic <Topic19>');
insert into topic (id, board_id, date, author_id, publiclyAvailable, nbPost, title, content) values ('Topic20', 'Board10', '2019-04-05 06:25:15', 'Member20', true, 0, 'The title of <Topic20>', 'The content of the topic <Topic20>');
insert into topic (id, board_id, date, author_id, publiclyAvailable, nbPost, title, content) values ('Topic21', 'Board1', '2019-04-04 07:26:15', 'Member21', true, 0, 'The title of <Topic21>', 'The content of the topic <Topic21>');
insert into topic (id, board_id, date, author_id, publiclyAvailable, nbPost, title, content) values ('Topic22', 'Board2', '2019-04-02 09:27:15', 'Member22', true, 0, 'The title of <Topic22>', 'The content of the topic <Topic22>');
insert into topic (id, board_id, date, author_id, publiclyAvailable, nbPost, title, content) values ('Topic23', 'Board3', '2019-04-01 10:28:15', 'Member23', true, 0, 'The title of <Topic23>', 'The content of the topic <Topic23>');
insert into topic (id, board_id, date, author_id, publiclyAvailable, nbPost, title, content) values ('Topic24', 'Board4', '2019-03-31 11:29:15', 'Member24', true, 0, 'The title of <Topic24>', 'The content of the topic <Topic24>');
insert into topic (id, board_id, date, author_id, publiclyAvailable, nbPost, title, content) values ('Topic25', 'Board5', '2019-03-30 12:30:15', 'Member25', true, 0, 'The title of <Topic25>', 'The content of the topic <Topic25>');
insert into topic (id, board_id, date, author_id, publiclyAvailable, nbPost, title, content) values ('Topic26', 'Board6', '2019-03-29 13:31:15', 'Member26', true, 0, 'The title of <Topic26>', 'The content of the topic <Topic26>');
insert into topic (id, board_id, date, author_id, publiclyAvailable, nbPost, title, content) values ('Topic27', 'Board7', '2019-03-28 14:32:15', 'Member27', true, 0, 'The title of <Topic27>', 'The content of the topic <Topic27>');
insert into topic (id, board_id, date, author_id, publiclyAvailable, nbPost, title, content) values ('Topic28', 'Board8', '2019-03-27 15:33:15', 'Member28', true, 0, 'The title of <Topic28>', 'The content of the topic <Topic28>');
insert into topic (id, board_id, date, author_id, publiclyAvailable, nbPost, title, content) values ('Topic29', 'Board9', '2019-03-26 16:34:15', 'Member29', false, 0, 'The title of <Topic29>', 'The content of the topic <Topic29>');
insert into topic (id, board_id, date, author_id, publiclyAvailable, nbPost, title, content) values ('Topic30', 'Board10', '2019-03-25 17:35:15', 'Member30', true, 0, 'The title of <Topic30>', 'The content of the topic <Topic30>');
insert into topic (id, board_id, date, author_id, publiclyAvailable, nbPost, title, content) values ('Topic31', 'Board1', '2019-03-24 18:36:15', 'Member31', true, 0, 'The title of <Topic31>', 'The content of the topic <Topic31>');
insert into topic (id, board_id, date, author_id, publiclyAvailable, nbPost, title, content) values ('Topic32', 'Board2', '2019-03-23 19:37:15', 'Member32', true, 0, 'The title of <Topic32>', 'The content of the topic <Topic32>');
insert into topic (id, board_id, date, author_id, publiclyAvailable, nbPost, title, content) values ('Topic33', 'Board3', '2019-03-22 20:38:15', 'Member33', true, 0, 'The title of <Topic33>', 'The content of the topic <Topic33>');
insert into topic (id, board_id, date, author_id, publiclyAvailable, nbPost, title, content) values ('Topic34', 'Board4', '2019-03-21 21:39:15', 'Member34', true, 0, 'The title of <Topic34>', 'The content of the topic <Topic34>');
insert into topic (id, board_id, date, author_id, publiclyAvailable, nbPost, title, content) values ('Topic35', 'Board5', '2019-03-20 22:40:15', 'Member35', true, 0, 'The title of <Topic35>', 'The content of the topic <Topic35>');
insert into topic (id, board_id, date, author_id, publiclyAvailable, nbPost, title, content) values ('Topic36', 'Board6', '2019-03-19 23:41:15', 'Member36', true, 0, 'The title of <Topic36>', 'The content of the topic <Topic36>');
insert into topic (id, board_id, date, author_id, publiclyAvailable, nbPost, title, content) values ('Topic37', 'Board7', '2019-03-19 00:42:15', 'Member37', true, 0, 'The title of <Topic37>', 'The content of the topic <Topic37>');
insert into topic (id, board_id, date, author_id, publiclyAvailable, nbPost, title, content) values ('Topic38', 'Board8', '2019-03-18 01:43:15', 'Member38', true, 0, 'The title of <Topic38>', 'The content of the topic <Topic38>');
insert into topic (id, board_id, date, author_id, publiclyAvailable, nbPost, title, content) values ('Topic39', 'Board9', '2019-03-17 02:44:15', 'Member39', false, 0, 'The title of <Topic39>', 'The content of the topic <Topic39>');
insert into topic (id, board_id, date, author_id, publiclyAvailable, nbPost, title, content) values ('Topic40', 'Board10', '2019-03-16 03:45:15', 'Member40', true, 0, 'The title of <Topic40>', 'The content of the topic <Topic40>');
insert into topic (id, board_id, date, author_id, publiclyAvailable, nbPost, title, content) values ('Topic41', 'Board1', '2019-03-15 04:46:15', 'Member41', true, 0, 'The title of <Topic41>', 'The content of the topic <Topic41>');
insert into topic (id, board_id, date, author_id, publiclyAvailable, nbPost, title, content) values ('Topic42', 'Board2', '2019-03-14 05:47:15', 'Member42', true, 0, 'The title of <Topic42>', 'The content of the topic <Topic42>');
insert into topic (id, board_id, date, author_id, publiclyAvailable, nbPost, title, content) values ('Topic43', 'Board3', '2019-03-13 06:48:15', 'Member43', true, 0, 'The title of <Topic43>', 'The content of the topic <Topic43>');
insert into topic (id, board_id, date, author_id, publiclyAvailable, nbPost, title, content) values ('Topic44', 'Board4', '2019-03-12 07:49:15', 'Member44', true, 0, 'The title of <Topic44>', 'The content of the topic <Topic44>');
insert into topic (id, board_id, date, author_id, publiclyAvailable, nbPost, title, content) values ('Topic1', 'Topic1', 2019-04-23 12:06:15', 'Member1', true, 0, 'The title of <Topic1>', 'The content of the topic <Topic1>');
insert into topic (id, board_id, date, author_id, publiclyAvailable, nbPost, title, content) values ('Topic2', 'Topic2', 2019-04-22 13:07:15', 'Member2', true, 0, 'The title of <Topic2>', 'The content of the topic <Topic2>');
insert into topic (id, board_id, date, author_id, publiclyAvailable, nbPost, title, content) values ('Topic3', 'Topic3', 2019-04-21 14:08:15', 'Member3', true, 0, 'The title of <Topic3>', 'The content of the topic <Topic3>');
insert into topic (id, board_id, date, author_id, publiclyAvailable, nbPost, title, content) values ('Topic4', 'Topic4', 2019-04-20 15:09:15', 'Member4', true, 0, 'The title of <Topic4>', 'The content of the topic <Topic4>');
insert into topic (id, board_id, date, author_id, publiclyAvailable, nbPost, title, content) values ('Topic5', 'Topic5', 2019-04-19 16:10:15', 'Member5', true, 0, 'The title of <Topic5>', 'The content of the topic <Topic5>');
insert into topic (id, board_id, date, author_id, publiclyAvailable, nbPost, title, content) values ('Topic6', 'Topic6', 2019-04-18 17:11:15', 'Member6', true, 0, 'The title of <Topic6>', 'The content of the topic <Topic6>');
insert into topic (id, board_id, date, author_id, publiclyAvailable, nbPost, title, content) values ('Topic7', 'Topic7', 2019-04-17 18:12:15', 'Member7', true, 0, 'The title of <Topic7>', 'The content of the topic <Topic7>');
insert into topic (id, board_id, date, author_id, publiclyAvailable, nbPost, title, content) values ('Topic8', 'Topic8', 2019-04-16 19:13:15', 'Member8', true, 0, 'The title of <Topic8>', 'The content of the topic <Topic8>');
insert into topic (id, board_id, date, author_id, publiclyAvailable, nbPost, title, content) values ('Topic9', 'Topic9', 2019-04-15 20:14:15', 'Member9', false, 0, 'The title of <Topic9>', 'The content of the topic <Topic9>');
insert into topic (id, board_id, date, author_id, publiclyAvailable, nbPost, title, content) values ('Topic10', 'Topic10', 2019-04-14 21:15:15', 'Member10', true, 0, 'The title of <Topic10>', 'The content of the topic <Topic10>');
insert into topic (id, board_id, date, author_id, publiclyAvailable, nbPost, title, content) values ('Topic11', 'Topic11', 2019-04-13 22:16:15', 'Member11', true, 0, 'The title of <Topic11>', 'The content of the topic <Topic11>');
insert into topic (id, board_id, date, author_id, publiclyAvailable, nbPost, title, content) values ('Topic12', 'Topic12', 2019-04-12 23:17:15', 'Member12', true, 0, 'The title of <Topic12>', 'The content of the topic <Topic12>');
insert into topic (id, board_id, date, author_id, publiclyAvailable, nbPost, title, content) values ('Topic13', 'Topic13', 2019-04-12 00:18:15', 'Member13', true, 0, 'The title of <Topic13>', 'The content of the topic <Topic13>');
insert into topic (id, board_id, date, author_id, publiclyAvailable, nbPost, title, content) values ('Topic14', 'Topic14', 2019-04-11 01:19:15', 'Member14', true, 0, 'The title of <Topic14>', 'The content of the topic <Topic14>');
insert into topic (id, board_id, date, author_id, publiclyAvailable, nbPost, title, content) values ('Topic15', 'Topic15', 2019-04-10 01:20:15', 'Member15', true, 0, 'The title of <Topic15>', 'The content of the topic <Topic15>');
insert into topic (id, board_id, date, author_id, publiclyAvailable, nbPost, title, content) values ('Topic16', 'Topic16', 2019-04-09 02:21:15', 'Member16', true, 0, 'The title of <Topic16>', 'The content of the topic <Topic16>');
insert into topic (id, board_id, date, author_id, publiclyAvailable, nbPost, title, content) values ('Topic17', 'Topic17', 2019-04-08 03:22:15', 'Member17', true, 0, 'The title of <Topic17>', 'The content of the topic <Topic17>');
insert into topic (id, board_id, date, author_id, publiclyAvailable, nbPost, title, content) values ('Topic18', 'Topic18', 2019-04-07 04:23:15', 'Member18', true, 0, 'The title of <Topic18>', 'The content of the topic <Topic18>');
insert into topic (id, board_id, date, author_id, publiclyAvailable, nbPost, title, content) values ('Topic19', 'Topic19', 2019-04-06 05:24:15', 'Member19', false, 0, 'The title of <Topic19>', 'The content of the topic <Topic19>');
insert into topic (id, board_id, date, author_id, publiclyAvailable, nbPost, title, content) values ('Topic20', 'Topic20', 2019-04-05 06:25:15', 'Member20', true, 0, 'The title of <Topic20>', 'The content of the topic <Topic20>');
insert into topic (id, board_id, date, author_id, publiclyAvailable, nbPost, title, content) values ('Topic21', 'Topic21', 2019-04-04 07:26:15', 'Member21', true, 0, 'The title of <Topic21>', 'The content of the topic <Topic21>');
insert into topic (id, board_id, date, author_id, publiclyAvailable, nbPost, title, content) values ('Topic22', 'Topic22', 2019-04-02 09:27:15', 'Member22', true, 0, 'The title of <Topic22>', 'The content of the topic <Topic22>');
insert into topic (id, board_id, date, author_id, publiclyAvailable, nbPost, title, content) values ('Topic23', 'Topic23', 2019-04-01 10:28:15', 'Member23', true, 0, 'The title of <Topic23>', 'The content of the topic <Topic23>');
insert into topic (id, board_id, date, author_id, publiclyAvailable, nbPost, title, content) values ('Topic24', 'Topic24', 2019-03-31 11:29:15', 'Member24', true, 0, 'The title of <Topic24>', 'The content of the topic <Topic24>');
insert into topic (id, board_id, date, author_id, publiclyAvailable, nbPost, title, content) values ('Topic25', 'Topic25', 2019-03-30 12:30:15', 'Member25', true, 0, 'The title of <Topic25>', 'The content of the topic <Topic25>');
insert into topic (id, board_id, date, author_id, publiclyAvailable, nbPost, title, content) values ('Topic26', 'Topic26', 2019-03-29 13:31:15', 'Member26', true, 0, 'The title of <Topic26>', 'The content of the topic <Topic26>');
insert into topic (id, board_id, date, author_id, publiclyAvailable, nbPost, title, content) values ('Topic27', 'Topic27', 2019-03-28 14:32:15', 'Member27', true, 0, 'The title of <Topic27>', 'The content of the topic <Topic27>');
insert into topic (id, board_id, date, author_id, publiclyAvailable, nbPost, title, content) values ('Topic28', 'Topic28', 2019-03-27 15:33:15', 'Member28', true, 0, 'The title of <Topic28>', 'The content of the topic <Topic28>');
insert into topic (id, board_id, date, author_id, publiclyAvailable, nbPost, title, content) values ('Topic29', 'Topic29', 2019-03-26 16:34:15', 'Member29', false, 0, 'The title of <Topic29>', 'The content of the topic <Topic29>');
insert into topic (id, board_id, date, author_id, publiclyAvailable, nbPost, title, content) values ('Topic30', 'Topic30', 2019-03-25 17:35:15', 'Member30', true, 0, 'The title of <Topic30>', 'The content of the topic <Topic30>');
insert into topic (id, board_id, date, author_id, publiclyAvailable, nbPost, title, content) values ('Topic31', 'Topic31', 2019-03-24 18:36:15', 'Member31', true, 0, 'The title of <Topic31>', 'The content of the topic <Topic31>');
insert into topic (id, board_id, date, author_id, publiclyAvailable, nbPost, title, content) values ('Topic32', 'Topic32', 2019-03-23 19:37:15', 'Member32', true, 0, 'The title of <Topic32>', 'The content of the topic <Topic32>');
insert into topic (id, board_id, date, author_id, publiclyAvailable, nbPost, title, content) values ('Topic33', 'Topic33', 2019-03-22 20:38:15', 'Member33', true, 0, 'The title of <Topic33>', 'The content of the topic <Topic33>');
insert into topic (id, board_id, date, author_id, publiclyAvailable, nbPost, title, content) values ('Topic34', 'Topic34', 2019-03-21 21:39:15', 'Member34', true, 0, 'The title of <Topic34>', 'The content of the topic <Topic34>');
insert into topic (id, board_id, date, author_id, publiclyAvailable, nbPost, title, content) values ('Topic35', 'Topic35', 2019-03-20 22:40:15', 'Member35', true, 0, 'The title of <Topic35>', 'The content of the topic <Topic35>');
insert into topic (id, board_id, date, author_id, publiclyAvailable, nbPost, title, content) values ('Topic36', 'Topic36', 2019-03-19 23:41:15', 'Member36', true, 0, 'The title of <Topic36>', 'The content of the topic <Topic36>');
insert into topic (id, board_id, date, author_id, publiclyAvailable, nbPost, title, content) values ('Topic37', 'Topic37', 2019-03-19 00:42:15', 'Member37', true, 0, 'The title of <Topic37>', 'The content of the topic <Topic37>');
insert into topic (id, board_id, date, author_id, publiclyAvailable, nbPost, title, content) values ('Topic38', 'Topic38', 2019-03-18 01:43:15', 'Member38', true, 0, 'The title of <Topic38>', 'The content of the topic <Topic38>');
insert into topic (id, board_id, date, author_id, publiclyAvailable, nbPost, title, content) values ('Topic39', 'Topic39', 2019-03-17 02:44:15', 'Member39', false, 0, 'The title of <Topic39>', 'The content of the topic <Topic39>');
insert into topic (id, board_id, date, author_id, publiclyAvailable, nbPost, title, content) values ('Topic40', 'Topic40', 2019-03-16 03:45:15', 'Member40', true, 0, 'The title of <Topic40>', 'The content of the topic <Topic40>');
insert into topic (id, board_id, date, author_id, publiclyAvailable, nbPost, title, content) values ('Topic41', 'Topic41', 2019-03-15 04:46:15', 'Member41', true, 0, 'The title of <Topic41>', 'The content of the topic <Topic41>');
insert into topic (id, board_id, date, author_id, publiclyAvailable, nbPost, title, content) values ('Topic42', 'Topic42', 2019-03-14 05:47:15', 'Member42', true, 0, 'The title of <Topic42>', 'The content of the topic <Topic42>');
insert into topic (id, board_id, date, author_id, publiclyAvailable, nbPost, title, content) values ('Topic43', 'Topic43', 2019-03-13 06:48:15', 'Member43', true, 0, 'The title of <Topic43>', 'The content of the topic <Topic43>');
insert into topic (id, board_id, date, author_id, publiclyAvailable, nbPost, title, content) values ('Topic44', 'Topic44', 2019-03-12 07:49:15', 'Member44', true, 0, 'The title of <Topic44>', 'The content of the topic <Topic44>');
insert into topic (id, board_id, date, author_id, publiclyAvailable, nbPost, title, content) values ('Topic45', 'Topic1', 2019-03-10 09:50:15', 'Member1', true, 0, 'The title of <Topic45>', 'The content of the topic <Topic45>');
insert into topic (id, board_id, date, author_id, publiclyAvailable, nbPost, title, content) values ('Topic46', 'Topic2', 2019-03-09 10:51:15', 'Member2', true, 0, 'The title of <Topic46>', 'The content of the topic <Topic46>');
insert into topic (id, board_id, date, author_id, publiclyAvailable, nbPost, title, content) values ('Topic47', 'Topic3', 2019-03-08 11:52:15', 'Member3', true, 0, 'The title of <Topic47>', 'The content of the topic <Topic47>');
insert into topic (id, board_id, date, author_id, publiclyAvailable, nbPost, title, content) values ('Topic48', 'Topic4', 2019-03-07 12:53:15', 'Member4', true, 0, 'The title of <Topic48>', 'The content of the topic <Topic48>');
insert into topic (id, board_id, date, author_id, publiclyAvailable, nbPost, title, content) values ('Topic49', 'Topic5', 2019-03-06 13:54:15', 'Member5', false, 0, 'The title of <Topic49>', 'The content of the topic <Topic49>');
insert into topic (id, board_id, date, author_id, publiclyAvailable, nbPost, title, content) values ('Topic50', 'Topic6', 2019-03-05 14:55:15', 'Member6', true, 0, 'The title of <Topic50>', 'The content of the topic <Topic50>');
insert into topic (id, board_id, date, author_id, publiclyAvailable, nbPost, title, content) values ('Topic51', 'Topic7', 2019-03-04 15:56:15', 'Member7', true, 0, 'The title of <Topic51>', 'The content of the topic <Topic51>');
insert into topic (id, board_id, date, author_id, publiclyAvailable, nbPost, title, content) values ('Topic52', 'Topic8', 2019-03-03 16:57:15', 'Member8', true, 0, 'The title of <Topic52>', 'The content of the topic <Topic52>');
insert into topic (id, board_id, date, author_id, publiclyAvailable, nbPost, title, content) values ('Topic53', 'Topic9', 2019-03-02 17:58:15', 'Member9', true, 0, 'The title of <Topic53>', 'The content of the topic <Topic53>');
insert into topic (id, board_id, date, author_id, publiclyAvailable, nbPost, title, content) values ('Topic54', 'Topic10', 2019-03-01 18:59:15', 'Member10', true, 0, 'The title of <Topic54>', 'The content of the topic <Topic54>');
insert into topic (id, board_id, date, author_id, publiclyAvailable, nbPost, title, content) values ('Topic55', 'Topic11', 2019-02-28 20:00:15', 'Member11', true, 0, 'The title of <Topic55>', 'The content of the topic <Topic55>');
insert into topic (id, board_id, date, author_id, publiclyAvailable, nbPost, title, content) values ('Topic56', 'Topic12', 2019-02-27 21:01:15', 'Member12', true, 0, 'The title of <Topic56>', 'The content of the topic <Topic56>');
insert into topic (id, board_id, date, author_id, publiclyAvailable, nbPost, title, content) values ('Topic57', 'Topic13', 2019-02-26 22:02:15', 'Member13', true, 0, 'The title of <Topic57>', 'The content of the topic <Topic57>');
insert into topic (id, board_id, date, author_id, publiclyAvailable, nbPost, title, content) values ('Topic58', 'Topic14', 2019-02-25 23:03:15', 'Member14', true, 0, 'The title of <Topic58>', 'The content of the topic <Topic58>');
insert into topic (id, board_id, date, author_id, publiclyAvailable, nbPost, title, content) values ('Topic59', 'Topic15', 2019-02-25 00:04:15', 'Member15', false, 0, 'The title of <Topic59>', 'The content of the topic <Topic59>');
insert into topic (id, board_id, date, author_id, publiclyAvailable, nbPost, title, content) values ('Topic60', 'Topic16', 2019-02-24 01:05:15', 'Member16', true, 0, 'The title of <Topic60>', 'The content of the topic <Topic60>');
insert into topic (id, board_id, date, author_id, publiclyAvailable, nbPost, title, content) values ('Topic61', 'Topic17', 2019-02-23 02:06:15', 'Member17', true, 0, 'The title of <Topic61>', 'The content of the topic <Topic61>');
insert into topic (id, board_id, date, author_id, publiclyAvailable, nbPost, title, content) values ('Topic62', 'Topic18', 2019-02-22 03:07:15', 'Member18', true, 0, 'The title of <Topic62>', 'The content of the topic <Topic62>');
insert into topic (id, board_id, date, author_id, publiclyAvailable, nbPost, title, content) values ('Topic63', 'Topic19', 2019-02-21 04:08:15', 'Member19', true, 0, 'The title of <Topic63>', 'The content of the topic <Topic63>');
insert into topic (id, board_id, date, author_id, publiclyAvailable, nbPost, title, content) values ('Topic64', 'Topic20', 2019-02-20 05:09:15', 'Member20', true, 0, 'The title of <Topic64>', 'The content of the topic <Topic64>');
insert into topic (id, board_id, date, author_id, publiclyAvailable, nbPost, title, content) values ('Topic65', 'Topic21', 2019-02-19 06:10:15', 'Member21', true, 0, 'The title of <Topic65>', 'The content of the topic <Topic65>');
insert into topic (id, board_id, date, author_id, publiclyAvailable, nbPost, title, content) values ('Topic66', 'Topic22', 2019-02-18 07:11:15', 'Member22', true, 0, 'The title of <Topic66>', 'The content of the topic <Topic66>');
insert into topic (id, board_id, date, author_id, publiclyAvailable, nbPost, title, content) values ('Topic67', 'Topic23', 2019-02-17 08:12:15', 'Member23', true, 0, 'The title of <Topic67>', 'The content of the topic <Topic67>');
insert into topic (id, board_id, date, author_id, publiclyAvailable, nbPost, title, content) values ('Topic68', 'Topic24', 2019-02-15 10:13:15', 'Member24', true, 0, 'The title of <Topic68>', 'The content of the topic <Topic68>');
insert into topic (id, board_id, date, author_id, publiclyAvailable, nbPost, title, content) values ('Topic69', 'Topic25', 2019-02-14 11:14:15', 'Member25', false, 0, 'The title of <Topic69>', 'The content of the topic <Topic69>');
insert into topic (id, board_id, date, author_id, publiclyAvailable, nbPost, title, content) values ('Topic70', 'Topic26', 2019-02-13 12:15:15', 'Member26', true, 0, 'The title of <Topic70>', 'The content of the topic <Topic70>');
insert into topic (id, board_id, date, author_id, publiclyAvailable, nbPost, title, content) values ('Topic71', 'Topic27', 2019-02-12 13:16:15', 'Member27', true, 0, 'The title of <Topic71>', 'The content of the topic <Topic71>');
insert into topic (id, board_id, date, author_id, publiclyAvailable, nbPost, title, content) values ('Topic72', 'Topic28', 2019-02-11 14:17:15', 'Member28', true, 0, 'The title of <Topic72>', 'The content of the topic <Topic72>');
insert into topic (id, board_id, date, author_id, publiclyAvailable, nbPost, title, content) values ('Topic73', 'Topic29', 2019-02-10 15:18:15', 'Member29', true, 0, 'The title of <Topic73>', 'The content of the topic <Topic73>');
insert into topic (id, board_id, date, author_id, publiclyAvailable, nbPost, title, content) values ('Topic74', 'Topic30', 2019-02-09 16:19:15', 'Member30', true, 0, 'The title of <Topic74>', 'The content of the topic <Topic74>');
insert into topic (id, board_id, date, author_id, publiclyAvailable, nbPost, title, content) values ('Topic75', 'Topic31', 2019-02-08 16:20:15', 'Member31', true, 0, 'The title of <Topic75>', 'The content of the topic <Topic75>');
insert into topic (id, board_id, date, author_id, publiclyAvailable, nbPost, title, content) values ('Topic76', 'Topic32', 2019-02-07 17:21:15', 'Member32', true, 0, 'The title of <Topic76>', 'The content of the topic <Topic76>');
insert into topic (id, board_id, date, author_id, publiclyAvailable, nbPost, title, content) values ('Topic77', 'Topic33', 2019-02-06 18:22:15', 'Member33', true, 0, 'The title of <Topic77>', 'The content of the topic <Topic77>');
insert into topic (id, board_id, date, author_id, publiclyAvailable, nbPost, title, content) values ('Topic78', 'Topic34', 2019-02-05 19:23:15', 'Member34', true, 0, 'The title of <Topic78>', 'The content of the topic <Topic78>');
insert into topic (id, board_id, date, author_id, publiclyAvailable, nbPost, title, content) values ('Topic79', 'Topic35', 2019-02-04 20:24:15', 'Member35', false, 0, 'The title of <Topic79>', 'The content of the topic <Topic79>');
insert into topic (id, board_id, date, author_id, publiclyAvailable, nbPost, title, content) values ('Topic80', 'Topic36', 2019-02-03 21:25:15', 'Member36', true, 0, 'The title of <Topic80>', 'The content of the topic <Topic80>');
insert into topic (id, board_id, date, author_id, publiclyAvailable, nbPost, title, content) values ('Topic81', 'Topic37', 2019-02-02 22:26:15', 'Member37', true, 0, 'The title of <Topic81>', 'The content of the topic <Topic81>');
insert into topic (id, board_id, date, author_id, publiclyAvailable, nbPost, title, content) values ('Topic82', 'Topic38', 2019-02-01 23:27:15', 'Member38', true, 0, 'The title of <Topic82>', 'The content of the topic <Topic82>');
insert into topic (id, board_id, date, author_id, publiclyAvailable, nbPost, title, content) values ('Topic83', 'Topic39', 2019-02-01 00:28:15', 'Member39', true, 0, 'The title of <Topic83>', 'The content of the topic <Topic83>');
insert into topic (id, board_id, date, author_id, publiclyAvailable, nbPost, title, content) values ('Topic84', 'Topic40', 2019-01-31 01:29:15', 'Member40', true, 0, 'The title of <Topic84>', 'The content of the topic <Topic84>');
insert into topic (id, board_id, date, author_id, publiclyAvailable, nbPost, title, content) values ('Topic85', 'Topic41', 2019-01-30 02:30:15', 'Member41', true, 0, 'The title of <Topic85>', 'The content of the topic <Topic85>');
insert into topic (id, board_id, date, author_id, publiclyAvailable, nbPost, title, content) values ('Topic86', 'Topic42', 2019-01-29 03:31:15', 'Member42', true, 0, 'The title of <Topic86>', 'The content of the topic <Topic86>');
insert into topic (id, board_id, date, author_id, publiclyAvailable, nbPost, title, content) values ('Topic87', 'Topic43', 2019-01-28 04:32:15', 'Member43', true, 0, 'The title of <Topic87>', 'The content of the topic <Topic87>');
insert into topic (id, board_id, date, author_id, publiclyAvailable, nbPost, title, content) values ('Topic88', 'Topic44', 2019-01-27 05:33:15', 'Member44', true, 0, 'The title of <Topic88>', 'The content of the topic <Topic88>');
insert into topic (id, board_id, date, author_id, publiclyAvailable, nbPost, title, content) values ('Topic89', 'Topic1', 2019-01-26 06:34:15', 'Member1', false, 0, 'The title of <Topic89>', 'The content of the topic <Topic89>');
insert into topic (id, board_id, date, author_id, publiclyAvailable, nbPost, title, content) values ('Topic90', 'Topic2', 2019-01-25 07:35:15', 'Member2', true, 0, 'The title of <Topic90>', 'The content of the topic <Topic90>');
insert into topic (id, board_id, date, author_id, publiclyAvailable, nbPost, title, content) values ('Topic91', 'Topic3', 2019-01-23 09:36:15', 'Member3', true, 0, 'The title of <Topic91>', 'The content of the topic <Topic91>');
insert into topic (id, board_id, date, author_id, publiclyAvailable, nbPost, title, content) values ('Topic92', 'Topic4', 2019-01-22 10:37:15', 'Member4', true, 0, 'The title of <Topic92>', 'The content of the topic <Topic92>');
insert into topic (id, board_id, date, author_id, publiclyAvailable, nbPost, title, content) values ('Topic93', 'Topic5', 2019-01-21 11:38:15', 'Member5', true, 0, 'The title of <Topic93>', 'The content of the topic <Topic93>');
insert into topic (id, board_id, date, author_id, publiclyAvailable, nbPost, title, content) values ('Topic94', 'Topic6', 2019-01-20 12:39:15', 'Member6', true, 0, 'The title of <Topic94>', 'The content of the topic <Topic94>');
insert into topic (id, board_id, date, author_id, publiclyAvailable, nbPost, title, content) values ('Topic95', 'Topic7', 2019-01-19 13:40:15', 'Member7', true, 0, 'The title of <Topic95>', 'The content of the topic <Topic95>');
insert into topic (id, board_id, date, author_id, publiclyAvailable, nbPost, title, content) values ('Topic96', 'Topic8', 2019-01-18 14:41:15', 'Member8', true, 0, 'The title of <Topic96>', 'The content of the topic <Topic96>');
insert into topic (id, board_id, date, author_id, publiclyAvailable, nbPost, title, content) values ('Topic97', 'Topic9', 2019-01-17 15:42:15', 'Member9', true, 0, 'The title of <Topic97>', 'The content of the topic <Topic97>');
insert into topic (id, board_id, date, author_id, publiclyAvailable, nbPost, title, content) values ('Topic98', 'Topic10', 2019-01-16 16:43:15', 'Member10', true, 0, 'The title of <Topic98>', 'The content of the topic <Topic98>');
insert into topic (id, board_id, date, author_id, publiclyAvailable, nbPost, title, content) values ('Topic99', 'Topic11', 2019-01-15 17:44:15', 'Member11', false, 0, 'The title of <Topic99>', 'The content of the topic <Topic99>');
insert into topic (id, board_id, date, author_id, publiclyAvailable, nbPost, title, content) values ('Topic100', 'Topic12', 2019-01-14 18:45:15', 'Member12', true, 0, 'The title of <Topic100>', 'The content of the topic <Topic100>');
insert into topic (id, board_id, date, author_id, publiclyAvailable, nbPost, title, content) values ('Topic101', 'Topic13', 2019-01-13 19:46:15', 'Member13', true, 0, 'The title of <Topic101>', 'The content of the topic <Topic101>');
insert into topic (id, board_id, date, author_id, publiclyAvailable, nbPost, title, content) values ('Topic102', 'Topic14', 2019-01-12 20:47:15', 'Member14', true, 0, 'The title of <Topic102>', 'The content of the topic <Topic102>');
insert into topic (id, board_id, date, author_id, publiclyAvailable, nbPost, title, content) values ('Topic103', 'Topic15', 2019-01-11 21:48:15', 'Member15', true, 0, 'The title of <Topic103>', 'The content of the topic <Topic103>');
insert into topic (id, board_id, date, author_id, publiclyAvailable, nbPost, title, content) values ('Topic104', 'Topic16', 2019-01-10 22:49:15', 'Member16', true, 0, 'The title of <Topic104>', 'The content of the topic <Topic104>');
insert into topic (id, board_id, date, author_id, publiclyAvailable, nbPost, title, content) values ('Topic105', 'Topic17', 2019-01-09 23:50:15', 'Member17', true, 0, 'The title of <Topic105>', 'The content of the topic <Topic105>');
insert into topic (id, board_id, date, author_id, publiclyAvailable, nbPost, title, content) values ('Topic106', 'Topic18', 2019-01-09 00:51:15', 'Member18', true, 0, 'The title of <Topic106>', 'The content of the topic <Topic106>');
insert into topic (id, board_id, date, author_id, publiclyAvailable, nbPost, title, content) values ('Topic107', 'Topic19', 2019-01-08 01:52:15', 'Member19', true, 0, 'The title of <Topic107>', 'The content of the topic <Topic107>');
insert into topic (id, board_id, date, author_id, publiclyAvailable, nbPost, title, content) values ('Topic108', 'Topic20', 2019-01-07 02:53:15', 'Member20', true, 0, 'The title of <Topic108>', 'The content of the topic <Topic108>');
insert into topic (id, board_id, date, author_id, publiclyAvailable, nbPost, title, content) values ('Topic109', 'Topic21', 2019-01-06 03:54:15', 'Member21', false, 0, 'The title of <Topic109>', 'The content of the topic <Topic109>');
insert into topic (id, board_id, date, author_id, publiclyAvailable, nbPost, title, content) values ('Topic110', 'Topic22', 2019-01-05 04:55:15', 'Member22', true, 0, 'The title of <Topic110>', 'The content of the topic <Topic110>');
insert into topic (id, board_id, date, author_id, publiclyAvailable, nbPost, title, content) values ('Topic111', 'Topic23', 2019-01-04 05:56:15', 'Member23', true, 0, 'The title of <Topic111>', 'The content of the topic <Topic111>');
insert into topic (id, board_id, date, author_id, publiclyAvailable, nbPost, title, content) values ('Topic112', 'Topic24', 2019-01-03 06:57:15', 'Member24', true, 0, 'The title of <Topic112>', 'The content of the topic <Topic112>');
insert into topic (id, board_id, date, author_id, publiclyAvailable, nbPost, title, content) values ('Topic113', 'Topic25', 2019-01-02 07:58:15', 'Member25', true, 0, 'The title of <Topic113>', 'The content of the topic <Topic113>');
insert into topic (id, board_id, date, author_id, publiclyAvailable, nbPost, title, content) values ('Topic114', 'Topic26', 2018-12-31 09:59:15', 'Member26', true, 0, 'The title of <Topic114>', 'The content of the topic <Topic114>');
insert into topic (id, board_id, date, author_id, publiclyAvailable, nbPost, title, content) values ('Topic115', 'Topic27', 2018-12-30 11:00:15', 'Member27', true, 0, 'The title of <Topic115>', 'The content of the topic <Topic115>');
insert into topic (id, board_id, date, author_id, publiclyAvailable, nbPost, title, content) values ('Topic116', 'Topic28', 2018-12-29 12:01:15', 'Member28', true, 0, 'The title of <Topic116>', 'The content of the topic <Topic116>');
insert into topic (id, board_id, date, author_id, publiclyAvailable, nbPost, title, content) values ('Topic117', 'Topic29', 2018-12-28 13:02:15', 'Member29', true, 0, 'The title of <Topic117>', 'The content of the topic <Topic117>');
insert into topic (id, board_id, date, author_id, publiclyAvailable, nbPost, title, content) values ('Topic118', 'Topic30', 2018-12-27 14:03:15', 'Member30', true, 0, 'The title of <Topic118>', 'The content of the topic <Topic118>');
insert into topic (id, board_id, date, author_id, publiclyAvailable, nbPost, title, content) values ('Topic119', 'Topic31', 2018-12-26 15:04:15', 'Member31', false, 0, 'The title of <Topic119>', 'The content of the topic <Topic119>');
insert into topic (id, board_id, date, author_id, publiclyAvailable, nbPost, title, content) values ('Topic120', 'Topic32', 2018-12-25 16:05:15', 'Member32', true, 0, 'The title of <Topic120>', 'The content of the topic <Topic120>');
insert into topic (id, board_id, date, author_id, publiclyAvailable, nbPost, title, content) values ('Topic121', 'Topic33', 2018-12-24 17:06:15', 'Member33', true, 0, 'The title of <Topic121>', 'The content of the topic <Topic121>');
insert into topic (id, board_id, date, author_id, publiclyAvailable, nbPost, title, content) values ('Topic122', 'Topic34', 2018-12-23 18:07:15', 'Member34', true, 0, 'The title of <Topic122>', 'The content of the topic <Topic122>');
insert into topic (id, board_id, date, author_id, publiclyAvailable, nbPost, title, content) values ('Topic123', 'Topic35', 2018-12-22 19:08:15', 'Member35', true, 0, 'The title of <Topic123>', 'The content of the topic <Topic123>');
insert into topic (id, board_id, date, author_id, publiclyAvailable, nbPost, title, content) values ('Topic124', 'Topic36', 2018-12-21 20:09:15', 'Member36', true, 0, 'The title of <Topic124>', 'The content of the topic <Topic124>');
insert into topic (id, board_id, date, author_id, publiclyAvailable, nbPost, title, content) values ('Topic125', 'Topic37', 2018-12-20 21:10:15', 'Member37', true, 0, 'The title of <Topic125>', 'The content of the topic <Topic125>');
insert into topic (id, board_id, date, author_id, publiclyAvailable, nbPost, title, content) values ('Topic126', 'Topic38', 2018-12-19 22:11:15', 'Member38', true, 0, 'The title of <Topic126>', 'The content of the topic <Topic126>');
insert into topic (id, board_id, date, author_id, publiclyAvailable, nbPost, title, content) values ('Topic127', 'Topic39', 2018-12-18 23:12:15', 'Member39', true, 0, 'The title of <Topic127>', 'The content of the topic <Topic127>');
insert into topic (id, board_id, date, author_id, publiclyAvailable, nbPost, title, content) values ('Topic128', 'Topic40', 2018-12-18 00:13:15', 'Member40', true, 0, 'The title of <Topic128>', 'The content of the topic <Topic128>');
insert into topic (id, board_id, date, author_id, publiclyAvailable, nbPost, title, content) values ('Topic129', 'Topic41', 2018-12-17 01:14:15', 'Member41', false, 0, 'The title of <Topic129>', 'The content of the topic <Topic129>');
insert into topic (id, board_id, date, author_id, publiclyAvailable, nbPost, title, content) values ('Topic130', 'Topic42', 2018-12-16 02:15:15', 'Member42', true, 0, 'The title of <Topic130>', 'The content of the topic <Topic130>');
insert into topic (id, board_id, date, author_id, publiclyAvailable, nbPost, title, content) values ('Topic131', 'Topic43', 2018-12-15 03:16:15', 'Member43', true, 0, 'The title of <Topic131>', 'The content of the topic <Topic131>');
insert into topic (id, board_id, date, author_id, publiclyAvailable, nbPost, title, content) values ('Topic132', 'Topic44', 2018-12-14 04:17:15', 'Member44', true, 0, 'The title of <Topic132>', 'The content of the topic <Topic132>');
insert into topic (id, board_id, date, author_id, publiclyAvailable, nbPost, title, content) values ('Topic133', 'Topic1', 2018-12-13 05:18:15', 'Member1', true, 0, 'The title of <Topic133>', 'The content of the topic <Topic133>');
insert into topic (id, board_id, date, author_id, publiclyAvailable, nbPost, title, content) values ('Topic134', 'Topic2', 2018-12-12 06:19:15', 'Member2', true, 0, 'The title of <Topic134>', 'The content of the topic <Topic134>');
insert into topic (id, board_id, date, author_id, publiclyAvailable, nbPost, title, content) values ('Topic135', 'Topic3', 2018-12-11 06:20:15', 'Member3', true, 0, 'The title of <Topic135>', 'The content of the topic <Topic135>');
insert into topic (id, board_id, date, author_id, publiclyAvailable, nbPost, title, content) values ('Topic136', 'Topic4', 2018-12-10 07:21:15', 'Member4', true, 0, 'The title of <Topic136>', 'The content of the topic <Topic136>');
insert into topic (id, board_id, date, author_id, publiclyAvailable, nbPost, title, content) values ('Topic137', 'Topic5', 2018-12-08 09:22:15', 'Member5', true, 0, 'The title of <Topic137>', 'The content of the topic <Topic137>');
insert into topic (id, board_id, date, author_id, publiclyAvailable, nbPost, title, content) values ('Topic138', 'Topic6', 2018-12-07 10:23:15', 'Member6', true, 0, 'The title of <Topic138>', 'The content of the topic <Topic138>');
insert into topic (id, board_id, date, author_id, publiclyAvailable, nbPost, title, content) values ('Topic139', 'Topic7', 2018-12-06 11:24:15', 'Member7', false, 0, 'The title of <Topic139>', 'The content of the topic <Topic139>');
insert into topic (id, board_id, date, author_id, publiclyAvailable, nbPost, title, content) values ('Topic140', 'Topic8', 2018-12-05 12:25:15', 'Member8', true, 0, 'The title of <Topic140>', 'The content of the topic <Topic140>');
insert into topic (id, board_id, date, author_id, publiclyAvailable, nbPost, title, content) values ('Topic141', 'Topic9', 2018-12-04 13:26:15', 'Member9', true, 0, 'The title of <Topic141>', 'The content of the topic <Topic141>');
insert into topic (id, board_id, date, author_id, publiclyAvailable, nbPost, title, content) values ('Topic142', 'Topic10', 2018-12-03 14:27:15', 'Member10', true, 0, 'The title of <Topic142>', 'The content of the topic <Topic142>');
insert into topic (id, board_id, date, author_id, publiclyAvailable, nbPost, title, content) values ('Topic143', 'Topic11', 2018-12-02 15:28:15', 'Member11', true, 0, 'The title of <Topic143>', 'The content of the topic <Topic143>');
insert into topic (id, board_id, date, author_id, publiclyAvailable, nbPost, title, content) values ('Topic144', 'Topic12', 2018-12-01 16:29:15', 'Member12', true, 0, 'The title of <Topic144>', 'The content of the topic <Topic144>');
insert into topic (id, board_id, date, author_id, publiclyAvailable, nbPost, title, content) values ('Topic145', 'Topic13', 2018-11-30 17:30:15', 'Member13', true, 0, 'The title of <Topic145>', 'The content of the topic <Topic145>');
insert into topic (id, board_id, date, author_id, publiclyAvailable, nbPost, title, content) values ('Topic146', 'Topic14', 2018-11-29 18:31:15', 'Member14', true, 0, 'The title of <Topic146>', 'The content of the topic <Topic146>');
insert into topic (id, board_id, date, author_id, publiclyAvailable, nbPost, title, content) values ('Topic147', 'Topic15', 2018-11-28 19:32:15', 'Member15', true, 0, 'The title of <Topic147>', 'The content of the topic <Topic147>');
insert into topic (id, board_id, date, author_id, publiclyAvailable, nbPost, title, content) values ('Topic148', 'Topic16', 2018-11-27 20:33:15', 'Member16', true, 0, 'The title of <Topic148>', 'The content of the topic <Topic148>');
insert into topic (id, board_id, date, author_id, publiclyAvailable, nbPost, title, content) values ('Topic149', 'Topic17', 2018-11-26 21:34:15', 'Member17', false, 0, 'The title of <Topic149>', 'The content of the topic <Topic149>');
insert into topic (id, board_id, date, author_id, publiclyAvailable, nbPost, title, content) values ('Topic150', 'Topic18', 2018-11-25 22:35:15', 'Member18', true, 0, 'The title of <Topic150>', 'The content of the topic <Topic150>');
insert into topic (id, board_id, date, author_id, publiclyAvailable, nbPost, title, content) values ('Topic151', 'Topic19', 2018-11-24 23:36:15', 'Member19', true, 0, 'The title of <Topic151>', 'The content of the topic <Topic151>');
insert into topic (id, board_id, date, author_id, publiclyAvailable, nbPost, title, content) values ('Topic152', 'Topic20', 2018-11-24 00:37:15', 'Member20', true, 0, 'The title of <Topic152>', 'The content of the topic <Topic152>');
insert into topic (id, board_id, date, author_id, publiclyAvailable, nbPost, title, content) values ('Topic153', 'Topic21', 2018-11-23 01:38:15', 'Member21', true, 0, 'The title of <Topic153>', 'The content of the topic <Topic153>');
insert into topic (id, board_id, date, author_id, publiclyAvailable, nbPost, title, content) values ('Topic154', 'Topic22', 2018-11-22 02:39:15', 'Member22', true, 0, 'The title of <Topic154>', 'The content of the topic <Topic154>');
insert into topic (id, board_id, date, author_id, publiclyAvailable, nbPost, title, content) values ('Topic155', 'Topic23', 2018-11-21 03:40:15', 'Member23', true, 0, 'The title of <Topic155>', 'The content of the topic <Topic155>');
insert into topic (id, board_id, date, author_id, publiclyAvailable, nbPost, title, content) values ('Topic156', 'Topic24', 2018-11-20 04:41:15', 'Member24', true, 0, 'The title of <Topic156>', 'The content of the topic <Topic156>');
insert into topic (id, board_id, date, author_id, publiclyAvailable, nbPost, title, content) values ('Topic157', 'Topic25', 2018-11-19 05:42:15', 'Member25', true, 0, 'The title of <Topic157>', 'The content of the topic <Topic157>');
insert into topic (id, board_id, date, author_id, publiclyAvailable, nbPost, title, content) values ('Topic158', 'Topic26', 2018-11-18 06:43:15', 'Member26', true, 0, 'The title of <Topic158>', 'The content of the topic <Topic158>');
insert into topic (id, board_id, date, author_id, publiclyAvailable, nbPost, title, content) values ('Topic159', 'Topic27', 2018-11-17 07:44:15', 'Member27', false, 0, 'The title of <Topic159>', 'The content of the topic <Topic159>');
insert into topic (id, board_id, date, author_id, publiclyAvailable, nbPost, title, content) values ('Topic160', 'Topic28', 2018-11-15 09:45:15', 'Member28', true, 0, 'The title of <Topic160>', 'The content of the topic <Topic160>');
insert into topic (id, board_id, date, author_id, publiclyAvailable, nbPost, title, content) values ('Topic161', 'Topic29', 2018-11-14 10:46:15', 'Member29', true, 0, 'The title of <Topic161>', 'The content of the topic <Topic161>');
insert into topic (id, board_id, date, author_id, publiclyAvailable, nbPost, title, content) values ('Topic162', 'Topic30', 2018-11-13 11:47:15', 'Member30', true, 0, 'The title of <Topic162>', 'The content of the topic <Topic162>');
insert into topic (id, board_id, date, author_id, publiclyAvailable, nbPost, title, content) values ('Topic163', 'Topic31', 2018-11-12 12:48:15', 'Member31', true, 0, 'The title of <Topic163>', 'The content of the topic <Topic163>');
insert into topic (id, board_id, date, author_id, publiclyAvailable, nbPost, title, content) values ('Topic164', 'Topic32', 2018-11-11 13:49:15', 'Member32', true, 0, 'The title of <Topic164>', 'The content of the topic <Topic164>');
insert into topic (id, board_id, date, author_id, publiclyAvailable, nbPost, title, content) values ('Topic165', 'Topic33', 2018-11-10 14:50:15', 'Member33', true, 0, 'The title of <Topic165>', 'The content of the topic <Topic165>');
insert into topic (id, board_id, date, author_id, publiclyAvailable, nbPost, title, content) values ('Topic166', 'Topic34', 2018-11-09 15:51:15', 'Member34', true, 0, 'The title of <Topic166>', 'The content of the topic <Topic166>');
insert into topic (id, board_id, date, author_id, publiclyAvailable, nbPost, title, content) values ('Topic167', 'Topic35', 2018-11-08 16:52:15', 'Member35', true, 0, 'The title of <Topic167>', 'The content of the topic <Topic167>');
insert into topic (id, board_id, date, author_id, publiclyAvailable, nbPost, title, content) values ('Topic168', 'Topic36', 2018-11-07 17:53:15', 'Member36', true, 0, 'The title of <Topic168>', 'The content of the topic <Topic168>');
insert into topic (id, board_id, date, author_id, publiclyAvailable, nbPost, title, content) values ('Topic169', 'Topic37', 2018-11-06 18:54:15', 'Member37', false, 0, 'The title of <Topic169>', 'The content of the topic <Topic169>');
insert into topic (id, board_id, date, author_id, publiclyAvailable, nbPost, title, content) values ('Topic170', 'Topic38', 2018-11-05 19:55:15', 'Member38', true, 0, 'The title of <Topic170>', 'The content of the topic <Topic170>');
insert into topic (id, board_id, date, author_id, publiclyAvailable, nbPost, title, content) values ('Topic171', 'Topic39', 2018-11-04 20:56:15', 'Member39', true, 0, 'The title of <Topic171>', 'The content of the topic <Topic171>');
insert into topic (id, board_id, date, author_id, publiclyAvailable, nbPost, title, content) values ('Topic172', 'Topic40', 2018-11-03 21:57:15', 'Member40', true, 0, 'The title of <Topic172>', 'The content of the topic <Topic172>');
insert into topic (id, board_id, date, author_id, publiclyAvailable, nbPost, title, content) values ('Topic173', 'Topic41', 2018-11-02 22:58:15', 'Member41', true, 0, 'The title of <Topic173>', 'The content of the topic <Topic173>');
insert into topic (id, board_id, date, author_id, publiclyAvailable, nbPost, title, content) values ('Topic174', 'Topic42', 2018-11-01 23:59:15', 'Member42', true, 0, 'The title of <Topic174>', 'The content of the topic <Topic174>');
insert into topic (id, board_id, date, author_id, publiclyAvailable, nbPost, title, content) values ('Topic175', 'Topic43', 2018-11-01 01:00:15', 'Member43', true, 0, 'The title of <Topic175>', 'The content of the topic <Topic175>');
insert into topic (id, board_id, date, author_id, publiclyAvailable, nbPost, title, content) values ('Topic176', 'Topic44', 2018-10-31 02:01:15', 'Member44', true, 0, 'The title of <Topic176>', 'The content of the topic <Topic176>');
insert into topic (id, board_id, date, author_id, publiclyAvailable, nbPost, title, content) values ('Topic177', 'Topic1', 2018-10-30 03:02:15', 'Member1', true, 0, 'The title of <Topic177>', 'The content of the topic <Topic177>');
insert into topic (id, board_id, date, author_id, publiclyAvailable, nbPost, title, content) values ('Topic178', 'Topic2', 2018-10-29 04:03:15', 'Member2', true, 0, 'The title of <Topic178>', 'The content of the topic <Topic178>');
insert into topic (id, board_id, date, author_id, publiclyAvailable, nbPost, title, content) values ('Topic179', 'Topic3', 2018-10-28 05:04:15', 'Member3', false, 0, 'The title of <Topic179>', 'The content of the topic <Topic179>');
insert into topic (id, board_id, date, author_id, publiclyAvailable, nbPost, title, content) values ('Topic180', 'Topic4', 2018-10-27 06:05:15', 'Member4', true, 0, 'The title of <Topic180>', 'The content of the topic <Topic180>');
insert into topic (id, board_id, date, author_id, publiclyAvailable, nbPost, title, content) values ('Topic181', 'Topic5', 2018-10-26 07:06:15', 'Member5', true, 0, 'The title of <Topic181>', 'The content of the topic <Topic181>');
insert into topic (id, board_id, date, author_id, publiclyAvailable, nbPost, title, content) values ('Topic182', 'Topic6', 2018-10-25 08:07:15', 'Member6', true, 0, 'The title of <Topic182>', 'The content of the topic <Topic182>');
insert into topic (id, board_id, date, author_id, publiclyAvailable, nbPost, title, content) values ('Topic183', 'Topic7', 2018-10-23 10:08:15', 'Member7', true, 0, 'The title of <Topic183>', 'The content of the topic <Topic183>');
insert into topic (id, board_id, date, author_id, publiclyAvailable, nbPost, title, content) values ('Topic184', 'Topic8', 2018-10-22 11:09:15', 'Member8', true, 0, 'The title of <Topic184>', 'The content of the topic <Topic184>');
insert into topic (id, board_id, date, author_id, publiclyAvailable, nbPost, title, content) values ('Topic185', 'Topic9', 2018-10-21 12:10:15', 'Member9', true, 0, 'The title of <Topic185>', 'The content of the topic <Topic185>');
insert into topic (id, board_id, date, author_id, publiclyAvailable, nbPost, title, content) values ('Topic186', 'Topic10', 2018-10-20 13:11:15', 'Member10', true, 0, 'The title of <Topic186>', 'The content of the topic <Topic186>');
insert into topic (id, board_id, date, author_id, publiclyAvailable, nbPost, title, content) values ('Topic187', 'Topic11', 2018-10-19 14:12:15', 'Member11', true, 0, 'The title of <Topic187>', 'The content of the topic <Topic187>');
insert into topic (id, board_id, date, author_id, publiclyAvailable, nbPost, title, content) values ('Topic188', 'Topic12', 2018-10-18 15:13:15', 'Member12', true, 0, 'The title of <Topic188>', 'The content of the topic <Topic188>');
insert into topic (id, board_id, date, author_id, publiclyAvailable, nbPost, title, content) values ('Topic189', 'Topic13', 2018-10-17 16:14:15', 'Member13', false, 0, 'The title of <Topic189>', 'The content of the topic <Topic189>');
insert into topic (id, board_id, date, author_id, publiclyAvailable, nbPost, title, content) values ('Topic190', 'Topic14', 2018-10-16 17:15:15', 'Member14', true, 0, 'The title of <Topic190>', 'The content of the topic <Topic190>');
insert into topic (id, board_id, date, author_id, publiclyAvailable, nbPost, title, content) values ('Topic191', 'Topic15', 2018-10-15 18:16:15', 'Member15', true, 0, 'The title of <Topic191>', 'The content of the topic <Topic191>');
insert into topic (id, board_id, date, author_id, publiclyAvailable, nbPost, title, content) values ('Topic192', 'Topic16', 2018-10-14 19:17:15', 'Member16', true, 0, 'The title of <Topic192>', 'The content of the topic <Topic192>');
insert into topic (id, board_id, date, author_id, publiclyAvailable, nbPost, title, content) values ('Topic193', 'Topic17', 2018-10-13 20:18:15', 'Member17', true, 0, 'The title of <Topic193>', 'The content of the topic <Topic193>');
insert into topic (id, board_id, date, author_id, publiclyAvailable, nbPost, title, content) values ('Topic194', 'Topic18', 2018-10-12 21:19:15', 'Member18', true, 0, 'The title of <Topic194>', 'The content of the topic <Topic194>');
insert into topic (id, board_id, date, author_id, publiclyAvailable, nbPost, title, content) values ('Topic195', 'Topic19', 2018-10-11 21:20:15', 'Member19', true, 0, 'The title of <Topic195>', 'The content of the topic <Topic195>');
insert into topic (id, board_id, date, author_id, publiclyAvailable, nbPost, title, content) values ('Topic196', 'Topic20', 2018-10-10 22:21:15', 'Member20', true, 0, 'The title of <Topic196>', 'The content of the topic <Topic196>');
insert into topic (id, board_id, date, author_id, publiclyAvailable, nbPost, title, content) values ('Topic197', 'Topic21', 2018-10-09 23:22:15', 'Member21', true, 0, 'The title of <Topic197>', 'The content of the topic <Topic197>');
insert into topic (id, board_id, date, author_id, publiclyAvailable, nbPost, title, content) values ('Topic198', 'Topic22', 2018-10-09 00:23:15', 'Member22', true, 0, 'The title of <Topic198>', 'The content of the topic <Topic198>');
insert into topic (id, board_id, date, author_id, publiclyAvailable, nbPost, title, content) values ('Topic199', 'Topic23', 2018-10-08 01:24:15', 'Member23', false, 0, 'The title of <Topic199>', 'The content of the topic <Topic199>');
insert into topic (id, board_id, date, author_id, publiclyAvailable, nbPost, title, content) values ('Topic200', 'Topic24', 2018-10-07 02:25:15', 'Member24', true, 0, 'The title of <Topic200>', 'The content of the topic <Topic200>');
insert into topic (id, board_id, date, author_id, publiclyAvailable, nbPost, title, content) values ('Topic201', 'Topic25', 2018-10-06 03:26:15', 'Member25', true, 0, 'The title of <Topic201>', 'The content of the topic <Topic201>');
insert into topic (id, board_id, date, author_id, publiclyAvailable, nbPost, title, content) values ('Topic202', 'Topic26', 2018-10-05 04:27:15', 'Member26', true, 0, 'The title of <Topic202>', 'The content of the topic <Topic202>');
insert into topic (id, board_id, date, author_id, publiclyAvailable, nbPost, title, content) values ('Topic203', 'Topic27', 2018-10-04 05:28:15', 'Member27', true, 0, 'The title of <Topic203>', 'The content of the topic <Topic203>');
insert into topic (id, board_id, date, author_id, publiclyAvailable, nbPost, title, content) values ('Topic204', 'Topic28', 2018-10-03 06:29:15', 'Member28', true, 0, 'The title of <Topic204>', 'The content of the topic <Topic204>');
insert into topic (id, board_id, date, author_id, publiclyAvailable, nbPost, title, content) values ('Topic205', 'Topic29', 2018-10-02 07:30:15', 'Member29', true, 0, 'The title of <Topic205>', 'The content of the topic <Topic205>');
insert into topic (id, board_id, date, author_id, publiclyAvailable, nbPost, title, content) values ('Topic206', 'Topic30', 2018-09-30 09:31:15', 'Member30', true, 0, 'The title of <Topic206>', 'The content of the topic <Topic206>');
insert into topic (id, board_id, date, author_id, publiclyAvailable, nbPost, title, content) values ('Topic207', 'Topic31', 2018-09-29 10:32:15', 'Member31', true, 0, 'The title of <Topic207>', 'The content of the topic <Topic207>');
insert into topic (id, board_id, date, author_id, publiclyAvailable, nbPost, title, content) values ('Topic208', 'Topic32', 2018-09-28 11:33:15', 'Member32', true, 0, 'The title of <Topic208>', 'The content of the topic <Topic208>');
insert into topic (id, board_id, date, author_id, publiclyAvailable, nbPost, title, content) values ('Topic209', 'Topic33', 2018-09-27 12:34:15', 'Member33', false, 0, 'The title of <Topic209>', 'The content of the topic <Topic209>');
insert into topic (id, board_id, date, author_id, publiclyAvailable, nbPost, title, content) values ('Topic210', 'Topic34', 2018-09-26 13:35:15', 'Member34', true, 0, 'The title of <Topic210>', 'The content of the topic <Topic210>');
insert into topic (id, board_id, date, author_id, publiclyAvailable, nbPost, title, content) values ('Topic211', 'Topic35', 2018-09-25 14:36:15', 'Member35', true, 0, 'The title of <Topic211>', 'The content of the topic <Topic211>');
insert into topic (id, board_id, date, author_id, publiclyAvailable, nbPost, title, content) values ('Topic212', 'Topic36', 2018-09-24 15:37:15', 'Member36', true, 0, 'The title of <Topic212>', 'The content of the topic <Topic212>');
insert into topic (id, board_id, date, author_id, publiclyAvailable, nbPost, title, content) values ('Topic213', 'Topic37', 2018-09-23 16:38:15', 'Member37', true, 0, 'The title of <Topic213>', 'The content of the topic <Topic213>');
insert into topic (id, board_id, date, author_id, publiclyAvailable, nbPost, title, content) values ('Topic214', 'Topic38', 2018-09-22 17:39:15', 'Member38', true, 0, 'The title of <Topic214>', 'The content of the topic <Topic214>');
insert into topic (id, board_id, date, author_id, publiclyAvailable, nbPost, title, content) values ('Topic215', 'Topic39', 2018-09-21 18:40:15', 'Member39', true, 0, 'The title of <Topic215>', 'The content of the topic <Topic215>');
insert into topic (id, board_id, date, author_id, publiclyAvailable, nbPost, title, content) values ('Topic216', 'Topic40', 2018-09-20 19:41:15', 'Member40', true, 0, 'The title of <Topic216>', 'The content of the topic <Topic216>');
insert into topic (id, board_id, date, author_id, publiclyAvailable, nbPost, title, content) values ('Topic217', 'Topic41', 2018-09-19 20:42:15', 'Member41', true, 0, 'The title of <Topic217>', 'The content of the topic <Topic217>');
insert into topic (id, board_id, date, author_id, publiclyAvailable, nbPost, title, content) values ('Topic218', 'Topic42', 2018-09-18 21:43:15', 'Member42', true, 0, 'The title of <Topic218>', 'The content of the topic <Topic218>');
insert into topic (id, board_id, date, author_id, publiclyAvailable, nbPost, title, content) values ('Topic219', 'Topic43', 2018-09-17 22:44:15', 'Member43', false, 0, 'The title of <Topic219>', 'The content of the topic <Topic219>');
insert into topic (id, board_id, date, author_id, publiclyAvailable, nbPost, title, content) values ('Topic220', 'Topic44', 2018-09-16 23:45:15', 'Member44', true, 0, 'The title of <Topic220>', 'The content of the topic <Topic220>');
insert into topic (id, board_id, date, author_id, publiclyAvailable, nbPost, title, content) values ('Topic221', 'Topic1', 2018-09-16 00:46:15', 'Member1', true, 0, 'The title of <Topic221>', 'The content of the topic <Topic221>');
insert into topic (id, board_id, date, author_id, publiclyAvailable, nbPost, title, content) values ('Topic222', 'Topic2', 2018-09-15 01:47:15', 'Member2', true, 0, 'The title of <Topic222>', 'The content of the topic <Topic222>');
insert into topic (id, board_id, date, author_id, publiclyAvailable, nbPost, title, content) values ('Topic223', 'Topic3', 2018-09-14 02:48:15', 'Member3', true, 0, 'The title of <Topic223>', 'The content of the topic <Topic223>');
insert into topic (id, board_id, date, author_id, publiclyAvailable, nbPost, title, content) values ('Topic224', 'Topic4', 2018-09-13 03:49:15', 'Member4', true, 0, 'The title of <Topic224>', 'The content of the topic <Topic224>');
insert into topic (id, board_id, date, author_id, publiclyAvailable, nbPost, title, content) values ('Topic225', 'Topic5', 2018-09-12 04:50:15', 'Member5', true, 0, 'The title of <Topic225>', 'The content of the topic <Topic225>');
insert into topic (id, board_id, date, author_id, publiclyAvailable, nbPost, title, content) values ('Topic226', 'Topic6', 2018-09-11 05:51:15', 'Member6', true, 0, 'The title of <Topic226>', 'The content of the topic <Topic226>');
insert into topic (id, board_id, date, author_id, publiclyAvailable, nbPost, title, content) values ('Topic227', 'Topic7', 2018-09-10 06:52:15', 'Member7', true, 0, 'The title of <Topic227>', 'The content of the topic <Topic227>');
insert into topic (id, board_id, date, author_id, publiclyAvailable, nbPost, title, content) values ('Topic228', 'Topic8', 2018-09-09 07:53:15', 'Member8', true, 0, 'The title of <Topic228>', 'The content of the topic <Topic228>');
insert into topic (id, board_id, date, author_id, publiclyAvailable, nbPost, title, content) values ('Topic229', 'Topic9', 2018-09-07 09:54:15', 'Member9', false, 0, 'The title of <Topic229>', 'The content of the topic <Topic229>');
insert into topic (id, board_id, date, author_id, publiclyAvailable, nbPost, title, content) values ('Topic230', 'Topic10', 2018-09-06 10:55:15', 'Member10', true, 0, 'The title of <Topic230>', 'The content of the topic <Topic230>');
insert into topic (id, board_id, date, author_id, publiclyAvailable, nbPost, title, content) values ('Topic231', 'Topic11', 2018-09-05 11:56:15', 'Member11', true, 0, 'The title of <Topic231>', 'The content of the topic <Topic231>');
insert into topic (id, board_id, date, author_id, publiclyAvailable, nbPost, title, content) values ('Topic232', 'Topic12', 2018-09-04 12:57:15', 'Member12', true, 0, 'The title of <Topic232>', 'The content of the topic <Topic232>');
insert into topic (id, board_id, date, author_id, publiclyAvailable, nbPost, title, content) values ('Topic233', 'Topic13', 2018-09-03 13:58:15', 'Member13', true, 0, 'The title of <Topic233>', 'The content of the topic <Topic233>');
insert into topic (id, board_id, date, author_id, publiclyAvailable, nbPost, title, content) values ('Topic234', 'Topic14', 2018-09-02 14:59:15', 'Member14', true, 0, 'The title of <Topic234>', 'The content of the topic <Topic234>');
insert into topic (id, board_id, date, author_id, publiclyAvailable, nbPost, title, content) values ('Topic235', 'Topic15', 2018-09-01 16:00:15', 'Member15', true, 0, 'The title of <Topic235>', 'The content of the topic <Topic235>');
insert into topic (id, board_id, date, author_id, publiclyAvailable, nbPost, title, content) values ('Topic236', 'Topic16', 2018-08-31 17:01:15', 'Member16', true, 0, 'The title of <Topic236>', 'The content of the topic <Topic236>');
insert into topic (id, board_id, date, author_id, publiclyAvailable, nbPost, title, content) values ('Topic237', 'Topic17', 2018-08-30 18:02:15', 'Member17', true, 0, 'The title of <Topic237>', 'The content of the topic <Topic237>');
insert into topic (id, board_id, date, author_id, publiclyAvailable, nbPost, title, content) values ('Topic238', 'Topic18', 2018-08-29 19:03:15', 'Member18', true, 0, 'The title of <Topic238>', 'The content of the topic <Topic238>');
insert into topic (id, board_id, date, author_id, publiclyAvailable, nbPost, title, content) values ('Topic239', 'Topic19', 2018-08-28 20:04:15', 'Member19', false, 0, 'The title of <Topic239>', 'The content of the topic <Topic239>');
insert into topic (id, board_id, date, author_id, publiclyAvailable, nbPost, title, content) values ('Topic240', 'Topic20', 2018-08-27 21:05:15', 'Member20', true, 0, 'The title of <Topic240>', 'The content of the topic <Topic240>');
insert into topic (id, board_id, date, author_id, publiclyAvailable, nbPost, title, content) values ('Topic241', 'Topic21', 2018-08-26 22:06:15', 'Member21', true, 0, 'The title of <Topic241>', 'The content of the topic <Topic241>');
insert into topic (id, board_id, date, author_id, publiclyAvailable, nbPost, title, content) values ('Topic242', 'Topic22', 2018-08-25 23:07:15', 'Member22', true, 0, 'The title of <Topic242>', 'The content of the topic <Topic242>');
insert into topic (id, board_id, date, author_id, publiclyAvailable, nbPost, title, content) values ('Topic243', 'Topic23', 2018-08-25 00:08:15', 'Member23', true, 0, 'The title of <Topic243>', 'The content of the topic <Topic243>');
insert into topic (id, board_id, date, author_id, publiclyAvailable, nbPost, title, content) values ('Topic244', 'Topic24', 2018-08-24 01:09:15', 'Member24', true, 0, 'The title of <Topic244>', 'The content of the topic <Topic244>');
insert into topic (id, board_id, date, author_id, publiclyAvailable, nbPost, title, content) values ('Topic245', 'Topic25', 2018-08-23 02:10:15', 'Member25', true, 0, 'The title of <Topic245>', 'The content of the topic <Topic245>');
insert into topic (id, board_id, date, author_id, publiclyAvailable, nbPost, title, content) values ('Topic246', 'Topic26', 2018-08-22 03:11:15', 'Member26', true, 0, 'The title of <Topic246>', 'The content of the topic <Topic246>');
insert into topic (id, board_id, date, author_id, publiclyAvailable, nbPost, title, content) values ('Topic247', 'Topic27', 2018-08-21 04:12:15', 'Member27', true, 0, 'The title of <Topic247>', 'The content of the topic <Topic247>');
insert into topic (id, board_id, date, author_id, publiclyAvailable, nbPost, title, content) values ('Topic248', 'Topic28', 2018-08-20 05:13:15', 'Member28', true, 0, 'The title of <Topic248>', 'The content of the topic <Topic248>');
insert into topic (id, board_id, date, author_id, publiclyAvailable, nbPost, title, content) values ('Topic249', 'Topic29', 2018-08-19 06:14:15', 'Member29', false, 0, 'The title of <Topic249>', 'The content of the topic <Topic249>');
insert into topic (id, board_id, date, author_id, publiclyAvailable, nbPost, title, content) values ('Topic250', 'Topic30', 2018-08-18 07:15:15', 'Member30', true, 0, 'The title of <Topic250>', 'The content of the topic <Topic250>');
insert into topic (id, board_id, date, author_id, publiclyAvailable, nbPost, title, content) values ('Topic251', 'Topic31', 2018-08-17 08:16:15', 'Member31', true, 0, 'The title of <Topic251>', 'The content of the topic <Topic251>');
insert into topic (id, board_id, date, author_id, publiclyAvailable, nbPost, title, content) values ('Topic252', 'Topic32', 2018-08-15 10:17:15', 'Member32', true, 0, 'The title of <Topic252>', 'The content of the topic <Topic252>');
insert into topic (id, board_id, date, author_id, publiclyAvailable, nbPost, title, content) values ('Topic253', 'Topic33', 2018-08-14 11:18:15', 'Member33', true, 0, 'The title of <Topic253>', 'The content of the topic <Topic253>');
insert into topic (id, board_id, date, author_id, publiclyAvailable, nbPost, title, content) values ('Topic254', 'Topic34', 2018-08-13 12:19:15', 'Member34', true, 0, 'The title of <Topic254>', 'The content of the topic <Topic254>');
insert into topic (id, board_id, date, author_id, publiclyAvailable, nbPost, title, content) values ('Topic255', 'Topic35', 2018-08-12 12:20:15', 'Member35', true, 0, 'The title of <Topic255>', 'The content of the topic <Topic255>');
insert into topic (id, board_id, date, author_id, publiclyAvailable, nbPost, title, content) values ('Topic256', 'Topic36', 2018-08-11 13:21:15', 'Member36', true, 0, 'The title of <Topic256>', 'The content of the topic <Topic256>');
insert into topic (id, board_id, date, author_id, publiclyAvailable, nbPost, title, content) values ('Topic257', 'Topic37', 2018-08-10 14:22:15', 'Member37', true, 0, 'The title of <Topic257>', 'The content of the topic <Topic257>');
insert into topic (id, board_id, date, author_id, publiclyAvailable, nbPost, title, content) values ('Topic258', 'Topic38', 2018-08-09 15:23:15', 'Member38', true, 0, 'The title of <Topic258>', 'The content of the topic <Topic258>');
insert into topic (id, board_id, date, author_id, publiclyAvailable, nbPost, title, content) values ('Topic259', 'Topic39', 2018-08-08 16:24:15', 'Member39', false, 0, 'The title of <Topic259>', 'The content of the topic <Topic259>');
insert into topic (id, board_id, date, author_id, publiclyAvailable, nbPost, title, content) values ('Topic260', 'Topic40', 2018-08-07 17:25:15', 'Member40', true, 0, 'The title of <Topic260>', 'The content of the topic <Topic260>');
insert into topic (id, board_id, date, author_id, publiclyAvailable, nbPost, title, content) values ('Topic261', 'Topic41', 2018-08-06 18:26:15', 'Member41', true, 0, 'The title of <Topic261>', 'The content of the topic <Topic261>');
insert into topic (id, board_id, date, author_id, publiclyAvailable, nbPost, title, content) values ('Topic262', 'Topic42', 2018-08-05 19:27:15', 'Member42', true, 0, 'The title of <Topic262>', 'The content of the topic <Topic262>');
insert into topic (id, board_id, date, author_id, publiclyAvailable, nbPost, title, content) values ('Topic263', 'Topic43', 2018-08-04 20:28:15', 'Member43', true, 0, 'The title of <Topic263>', 'The content of the topic <Topic263>');
insert into topic (id, board_id, date, author_id, publiclyAvailable, nbPost, title, content) values ('Topic264', 'Topic44', 2018-08-03 21:29:15', 'Member44', true, 0, 'The title of <Topic264>', 'The content of the topic <Topic264>');
insert into topic (id, board_id, date, author_id, publiclyAvailable, nbPost, title, content) values ('Topic265', 'Topic1', 2018-08-02 22:30:15', 'Member1', true, 0, 'The title of <Topic265>', 'The content of the topic <Topic265>');
insert into topic (id, board_id, date, author_id, publiclyAvailable, nbPost, title, content) values ('Topic266', 'Topic2', 2018-08-01 23:31:15', 'Member2', true, 0, 'The title of <Topic266>', 'The content of the topic <Topic266>');
insert into topic (id, board_id, date, author_id, publiclyAvailable, nbPost, title, content) values ('Topic267', 'Topic3', 2018-08-01 00:32:15', 'Member3', true, 0, 'The title of <Topic267>', 'The content of the topic <Topic267>');
insert into topic (id, board_id, date, author_id, publiclyAvailable, nbPost, title, content) values ('Topic268', 'Topic4', 2018-07-31 01:33:15', 'Member4', true, 0, 'The title of <Topic268>', 'The content of the topic <Topic268>');
insert into topic (id, board_id, date, author_id, publiclyAvailable, nbPost, title, content) values ('Topic269', 'Topic5', 2018-07-30 02:34:15', 'Member5', false, 0, 'The title of <Topic269>', 'The content of the topic <Topic269>');
insert into topic (id, board_id, date, author_id, publiclyAvailable, nbPost, title, content) values ('Topic270', 'Topic6', 2018-07-29 03:35:15', 'Member6', true, 0, 'The title of <Topic270>', 'The content of the topic <Topic270>');
insert into topic (id, board_id, date, author_id, publiclyAvailable, nbPost, title, content) values ('Topic271', 'Topic7', 2018-07-28 04:36:15', 'Member7', true, 0, 'The title of <Topic271>', 'The content of the topic <Topic271>');
insert into topic (id, board_id, date, author_id, publiclyAvailable, nbPost, title, content) values ('Topic272', 'Topic8', 2018-07-27 05:37:15', 'Member8', true, 0, 'The title of <Topic272>', 'The content of the topic <Topic272>');
insert into topic (id, board_id, date, author_id, publiclyAvailable, nbPost, title, content) values ('Topic273', 'Topic9', 2018-07-26 06:38:15', 'Member9', true, 0, 'The title of <Topic273>', 'The content of the topic <Topic273>');
insert into topic (id, board_id, date, author_id, publiclyAvailable, nbPost, title, content) values ('Topic274', 'Topic10', 2018-07-25 07:39:15', 'Member10', true, 0, 'The title of <Topic274>', 'The content of the topic <Topic274>');
insert into topic (id, board_id, date, author_id, publiclyAvailable, nbPost, title, content) values ('Topic275', 'Topic11', 2018-07-23 09:40:15', 'Member11', true, 0, 'The title of <Topic275>', 'The content of the topic <Topic275>');
insert into topic (id, board_id, date, author_id, publiclyAvailable, nbPost, title, content) values ('Topic276', 'Topic12', 2018-07-22 10:41:15', 'Member12', true, 0, 'The title of <Topic276>', 'The content of the topic <Topic276>');
insert into topic (id, board_id, date, author_id, publiclyAvailable, nbPost, title, content) values ('Topic277', 'Topic13', 2018-07-21 11:42:15', 'Member13', true, 0, 'The title of <Topic277>', 'The content of the topic <Topic277>');
insert into topic (id, board_id, date, author_id, publiclyAvailable, nbPost, title, content) values ('Topic278', 'Topic14', 2018-07-20 12:43:15', 'Member14', true, 0, 'The title of <Topic278>', 'The content of the topic <Topic278>');
insert into topic (id, board_id, date, author_id, publiclyAvailable, nbPost, title, content) values ('Topic279', 'Topic15', 2018-07-19 13:44:15', 'Member15', false, 0, 'The title of <Topic279>', 'The content of the topic <Topic279>');
insert into topic (id, board_id, date, author_id, publiclyAvailable, nbPost, title, content) values ('Topic280', 'Topic16', 2018-07-18 14:45:15', 'Member16', true, 0, 'The title of <Topic280>', 'The content of the topic <Topic280>');
insert into topic (id, board_id, date, author_id, publiclyAvailable, nbPost, title, content) values ('Topic281', 'Topic17', 2018-07-17 15:46:15', 'Member17', true, 0, 'The title of <Topic281>', 'The content of the topic <Topic281>');
insert into topic (id, board_id, date, author_id, publiclyAvailable, nbPost, title, content) values ('Topic282', 'Topic18', 2018-07-16 16:47:15', 'Member18', true, 0, 'The title of <Topic282>', 'The content of the topic <Topic282>');
insert into topic (id, board_id, date, author_id, publiclyAvailable, nbPost, title, content) values ('Topic283', 'Topic19', 2018-07-15 17:48:15', 'Member19', true, 0, 'The title of <Topic283>', 'The content of the topic <Topic283>');
insert into topic (id, board_id, date, author_id, publiclyAvailable, nbPost, title, content) values ('Topic284', 'Topic20', 2018-07-14 18:49:15', 'Member20', true, 0, 'The title of <Topic284>', 'The content of the topic <Topic284>');
insert into topic (id, board_id, date, author_id, publiclyAvailable, nbPost, title, content) values ('Topic285', 'Topic21', 2018-07-13 19:50:15', 'Member21', true, 0, 'The title of <Topic285>', 'The content of the topic <Topic285>');
insert into topic (id, board_id, date, author_id, publiclyAvailable, nbPost, title, content) values ('Topic286', 'Topic22', 2018-07-12 20:51:15', 'Member22', true, 0, 'The title of <Topic286>', 'The content of the topic <Topic286>');
insert into topic (id, board_id, date, author_id, publiclyAvailable, nbPost, title, content) values ('Topic287', 'Topic23', 2018-07-11 21:52:15', 'Member23', true, 0, 'The title of <Topic287>', 'The content of the topic <Topic287>');
insert into topic (id, board_id, date, author_id, publiclyAvailable, nbPost, title, content) values ('Topic288', 'Topic24', 2018-07-10 22:53:15', 'Member24', true, 0, 'The title of <Topic288>', 'The content of the topic <Topic288>');
insert into topic (id, board_id, date, author_id, publiclyAvailable, nbPost, title, content) values ('Topic289', 'Topic25', 2018-07-09 23:54:15', 'Member25', false, 0, 'The title of <Topic289>', 'The content of the topic <Topic289>');
insert into topic (id, board_id, date, author_id, publiclyAvailable, nbPost, title, content) values ('Topic290', 'Topic26', 2018-07-09 00:55:15', 'Member26', true, 0, 'The title of <Topic290>', 'The content of the topic <Topic290>');
insert into topic (id, board_id, date, author_id, publiclyAvailable, nbPost, title, content) values ('Topic291', 'Topic27', 2018-07-08 01:56:15', 'Member27', true, 0, 'The title of <Topic291>', 'The content of the topic <Topic291>');
insert into topic (id, board_id, date, author_id, publiclyAvailable, nbPost, title, content) values ('Topic292', 'Topic28', 2018-07-07 02:57:15', 'Member28', true, 0, 'The title of <Topic292>', 'The content of the topic <Topic292>');
insert into topic (id, board_id, date, author_id, publiclyAvailable, nbPost, title, content) values ('Topic293', 'Topic29', 2018-07-06 03:58:15', 'Member29', true, 0, 'The title of <Topic293>', 'The content of the topic <Topic293>');
insert into topic (id, board_id, date, author_id, publiclyAvailable, nbPost, title, content) values ('Topic294', 'Topic30', 2018-07-05 04:59:15', 'Member30', true, 0, 'The title of <Topic294>', 'The content of the topic <Topic294>');
insert into topic (id, board_id, date, author_id, publiclyAvailable, nbPost, title, content) values ('Topic295', 'Topic31', 2018-07-04 06:00:15', 'Member31', true, 0, 'The title of <Topic295>', 'The content of the topic <Topic295>');
insert into topic (id, board_id, date, author_id, publiclyAvailable, nbPost, title, content) values ('Topic296', 'Topic32', 2018-07-03 07:01:15', 'Member32', true, 0, 'The title of <Topic296>', 'The content of the topic <Topic296>');
insert into topic (id, board_id, date, author_id, publiclyAvailable, nbPost, title, content) values ('Topic297', 'Topic33', 2018-07-02 08:02:15', 'Member33', true, 0, 'The title of <Topic297>', 'The content of the topic <Topic297>');
insert into topic (id, board_id, date, author_id, publiclyAvailable, nbPost, title, content) values ('Topic298', 'Topic34', 2018-06-30 10:03:15', 'Member34', true, 0, 'The title of <Topic298>', 'The content of the topic <Topic298>');
insert into topic (id, board_id, date, author_id, publiclyAvailable, nbPost, title, content) values ('Topic299', 'Topic35', 2018-06-29 11:04:15', 'Member35', false, 0, 'The title of <Topic299>', 'The content of the topic <Topic299>');
insert into topic (id, board_id, date, author_id, publiclyAvailable, nbPost, title, content) values ('Topic300', 'Topic36', 2018-06-28 12:05:15', 'Member36', true, 0, 'The title of <Topic300>', 'The content of the topic <Topic300>');
insert into topic (id, board_id, date, author_id, publiclyAvailable, nbPost, title, content) values ('Topic301', 'Topic37', 2018-06-27 13:06:15', 'Member37', true, 0, 'The title of <Topic301>', 'The content of the topic <Topic301>');
insert into topic (id, board_id, date, author_id, publiclyAvailable, nbPost, title, content) values ('Topic302', 'Topic38', 2018-06-26 14:07:15', 'Member38', true, 0, 'The title of <Topic302>', 'The content of the topic <Topic302>');
insert into topic (id, board_id, date, author_id, publiclyAvailable, nbPost, title, content) values ('Topic303', 'Topic39', 2018-06-25 15:08:15', 'Member39', true, 0, 'The title of <Topic303>', 'The content of the topic <Topic303>');
insert into topic (id, board_id, date, author_id, publiclyAvailable, nbPost, title, content) values ('Topic304', 'Topic40', 2018-06-24 16:09:15', 'Member40', true, 0, 'The title of <Topic304>', 'The content of the topic <Topic304>');
insert into topic (id, board_id, date, author_id, publiclyAvailable, nbPost, title, content) values ('Topic305', 'Topic41', 2018-06-23 17:10:15', 'Member41', true, 0, 'The title of <Topic305>', 'The content of the topic <Topic305>');
insert into topic (id, board_id, date, author_id, publiclyAvailable, nbPost, title, content) values ('Topic306', 'Topic42', 2018-06-22 18:11:15', 'Member42', true, 0, 'The title of <Topic306>', 'The content of the topic <Topic306>');
insert into topic (id, board_id, date, author_id, publiclyAvailable, nbPost, title, content) values ('Topic307', 'Topic43', 2018-06-21 19:12:15', 'Member43', true, 0, 'The title of <Topic307>', 'The content of the topic <Topic307>');
insert into topic (id, board_id, date, author_id, publiclyAvailable, nbPost, title, content) values ('Topic308', 'Topic44', 2018-06-20 20:13:15', 'Member44', true, 0, 'The title of <Topic308>', 'The content of the topic <Topic308>');
insert into topic (id, board_id, date, author_id, publiclyAvailable, nbPost, title, content) values ('Topic309', 'Topic1', 2018-06-19 21:14:15', 'Member1', false, 0, 'The title of <Topic309>', 'The content of the topic <Topic309>');
insert into topic (id, board_id, date, author_id, publiclyAvailable, nbPost, title, content) values ('Topic310', 'Topic2', 2018-06-18 22:15:15', 'Member2', true, 0, 'The title of <Topic310>', 'The content of the topic <Topic310>');
insert into topic (id, board_id, date, author_id, publiclyAvailable, nbPost, title, content) values ('Topic311', 'Topic3', 2018-06-17 23:16:15', 'Member3', true, 0, 'The title of <Topic311>', 'The content of the topic <Topic311>');
insert into topic (id, board_id, date, author_id, publiclyAvailable, nbPost, title, content) values ('Topic312', 'Topic4', 2018-06-17 00:17:15', 'Member4', true, 0, 'The title of <Topic312>', 'The content of the topic <Topic312>');
insert into topic (id, board_id, date, author_id, publiclyAvailable, nbPost, title, content) values ('Topic313', 'Topic5', 2018-06-16 01:18:15', 'Member5', true, 0, 'The title of <Topic313>', 'The content of the topic <Topic313>');
insert into topic (id, board_id, date, author_id, publiclyAvailable, nbPost, title, content) values ('Topic314', 'Topic6', 2018-06-15 02:19:15', 'Member6', true, 0, 'The title of <Topic314>', 'The content of the topic <Topic314>');
insert into topic (id, board_id, date, author_id, publiclyAvailable, nbPost, title, content) values ('Topic315', 'Topic7', 2018-06-14 02:20:15', 'Member7', true, 0, 'The title of <Topic315>', 'The content of the topic <Topic315>');
insert into topic (id, board_id, date, author_id, publiclyAvailable, nbPost, title, content) values ('Topic316', 'Topic8', 2018-06-13 03:21:15', 'Member8', true, 0, 'The title of <Topic316>', 'The content of the topic <Topic316>');
insert into topic (id, board_id, date, author_id, publiclyAvailable, nbPost, title, content) values ('Topic317', 'Topic9', 2018-06-12 04:22:15', 'Member9', true, 0, 'The title of <Topic317>', 'The content of the topic <Topic317>');
insert into topic (id, board_id, date, author_id, publiclyAvailable, nbPost, title, content) values ('Topic318', 'Topic10', 2018-06-11 05:23:15', 'Member10', true, 0, 'The title of <Topic318>', 'The content of the topic <Topic318>');
insert into topic (id, board_id, date, author_id, publiclyAvailable, nbPost, title, content) values ('Topic319', 'Topic11', 2018-06-10 06:24:15', 'Member11', false, 0, 'The title of <Topic319>', 'The content of the topic <Topic319>');
insert into topic (id, board_id, date, author_id, publiclyAvailable, nbPost, title, content) values ('Topic320', 'Topic12', 2018-06-09 07:25:15', 'Member12', true, 0, 'The title of <Topic320>', 'The content of the topic <Topic320>');
commit;













































































































