INSERT INTO droid (name,id,primary_function) values ('Bala-Tik','00000000-0000-0000-0000-000000000001','Function of Bala-Tik');
INSERT INTO droid (name,id,primary_function) values ('BB-8','00000000-0000-0000-0000-000000000002','Function of BB-8');
INSERT INTO droid (name,id,primary_function) values ('C-3PO','00000000-0000-0000-0000-000000000003','Function of C-3PO');
INSERT INTO droid (name,id,primary_function) values ('EV-9D9','00000000-0000-0000-0000-000000000004','Function of EV-9D9');
INSERT INTO droid (name,id,primary_function) values ('Huit-D-Huit ou 8D8','00000000-0000-0000-0000-000000000005','Function of Huit-D-Huit ou 8D8');
INSERT INTO droid (name,id,primary_function) values ('IG-88','00000000-0000-0000-0000-000000000006','Function of IG-88');
INSERT INTO droid (name,id,primary_function) values ('Qui-Gon Jinn','00000000-0000-0000-0000-000000000007','Function of Qui-Gon Jinn');
INSERT INTO droid (name,id,primary_function) values ('Obi-Wan Kenobi','00000000-0000-0000-0000-000000000008','Function of Obi-Wan Kenobi');
INSERT INTO droid (name,id,primary_function) values ('Ki-Adi-Mundi','00000000-0000-0000-0000-000000000009','Function of Ki-Adi-Mundi');
INSERT INTO droid (name,id,primary_function) values ('ME-8D9','00000000-0000-0000-0000-000000000010','Function of ME-8D9');
INSERT INTO droid (name,id,primary_function) values ('OOM-9','00000000-0000-0000-0000-000000000011','Function of OOM-9');
INSERT INTO droid (name,id,primary_function) values ('PZ-4CO','00000000-0000-0000-0000-000000000012','Function of PZ-4CO');
INSERT INTO droid (name,id,primary_function) values ('Razoo Qin-Fee','00000000-0000-0000-0000-000000000013','Function of Razoo Qin-Fee');
INSERT INTO droid (name,id,primary_function) values ('Quatre-LOM ou 4-LOM','00000000-0000-0000-0000-000000000014','Function of Quatre-LOM ou 4-LOM');
INSERT INTO droid (name,id,primary_function) values ('R2-D2','00000000-0000-0000-0000-000000000015','Function of R2-D2');
INSERT INTO droid (name,id,primary_function) values ('R4-G9 et R4-P17','00000000-0000-0000-0000-000000000016','Function of R4-G9 et R4-P17');
INSERT INTO droid (name,id,primary_function) values ('R5-D4','00000000-0000-0000-0000-000000000017','Function of R5-D4');
INSERT INTO droid (name,id,primary_function) values ('Ree-Yees','00000000-0000-0000-0000-000000000018','Function of Ree-Yees');
INSERT INTO droid (name,id,primary_function) values ('Saelt-Marae','00000000-0000-0000-0000-000000000019','Function of Saelt-Marae');
INSERT INTO human (name,id,home_planet) values ('Ask Aak','00000000-0000-0000-0000-000000000020','');
INSERT INTO human (name,id,home_planet) values ('Amiral Gial Ackbar','00000000-0000-0000-0000-000000000021','');
INSERT INTO human (name,id,home_planet) values ('Stass Allie','00000000-0000-0000-0000-000000000022','');
INSERT INTO human (name,id,home_planet) values ('Mas Amedda','00000000-0000-0000-0000-000000000023','');
INSERT INTO human (name,id,home_planet) values ('Padme Amidala','00000000-0000-0000-0000-000000000024','');
INSERT INTO human (name,id,home_planet) values ('Nom Anor','00000000-0000-0000-0000-000000000025','');
INSERT INTO human (name,id,home_planet) values ('Capitaine Raymus Antilles','00000000-0000-0000-0000-000000000026','');
INSERT INTO human (name,id,home_planet) values ('Wedge Antilles','00000000-0000-0000-0000-000000000027','Naboo');
INSERT INTO human (name,id,home_planet) values ('Reine Apailana','00000000-0000-0000-0000-000000000028','');
INSERT INTO human (name,id,home_planet) values ('Passel Argente','00000000-0000-0000-0000-000000000029','');
INSERT INTO human (name,id,home_planet) values ('Ello Asty','00000000-0000-0000-0000-000000000030','');
INSERT INTO human (name,id,home_planet) values ('Ponda Baba','00000000-0000-0000-0000-000000000031','');
INSERT INTO human (name,id,home_planet) values ('Hermione Bagwa','00000000-0000-0000-0000-000000000032','');
INSERT INTO human (name,id,home_planet) values ('Dark Bane','00000000-0000-0000-0000-000000000033','');
INSERT INTO human (name,id,home_planet) values ('Kirster Banai','00000000-0000-0000-0000-000000000034','');
INSERT INTO human (name,id,home_planet) values ('Barada','00000000-0000-0000-0000-000000000035','');
INSERT INTO human (name,id,home_planet) values ('Sio Bibble','00000000-0000-0000-0000-000000000036','');
INSERT INTO human (name,id,home_planet) values ('Depa Billaba','00000000-0000-0000-0000-000000000037','');
INSERT INTO human (name,id,home_planet) values ('Jar Jar Binks','00000000-0000-0000-0000-000000000038','');
INSERT INTO human (name,id,home_planet) values ('Walex Blissex','00000000-0000-0000-0000-000000000039','Jakku');
INSERT INTO human (name,id,home_planet) values ('Bobbajo','00000000-0000-0000-0000-000000000040','');
INSERT INTO human (name,id,home_planet) values ('Bossk','00000000-0000-0000-0000-000000000041','');
INSERT INTO human (name,id,home_planet) values ('Major Taslin Brance','00000000-0000-0000-0000-000000000042','');
INSERT INTO human (name,id,home_planet) values ('Ezra Bridger','00000000-0000-0000-0000-000000000043','Ando');
INSERT INTO human (name,id,home_planet) values ('Lando Calrissian','00000000-0000-0000-0000-000000000044','');
INSERT INTO human (name,id,home_planet) values ('Joruus C''Baoth','00000000-0000-0000-0000-000000000045','Kashyyyk');
INSERT INTO human (name,id,home_planet) values ('Chewbacca','00000000-0000-0000-0000-000000000046','');
INSERT INTO human (name,id,home_planet) values ('Chef Chirpa','00000000-0000-0000-0000-000000000047','Ando');
INSERT INTO human (name,id,home_planet) values ('General Airen Cracken','00000000-0000-0000-0000-000000000048','');
INSERT INTO human (name,id,home_planet) values ('Salacious Crumb','00000000-0000-0000-0000-000000000049','');
INSERT INTO human (name,id,home_planet) values ('Yarna D''Al''Gargan','00000000-0000-0000-0000-000000000050','Tatooine');
INSERT INTO human (name,id,home_planet) values ('Figrin D''An','00000000-0000-0000-0000-000000000051','');
INSERT INTO human (name,id,home_planet) values ('Poe Dameron','00000000-0000-0000-0000-000000000052','D''Qar');
INSERT INTO human (name,id,home_planet) values ('Vober Dand','00000000-0000-0000-0000-000000000053','');
INSERT INTO human (name,id,home_planet) values ('Biggs Darklighter','00000000-0000-0000-0000-000000000054','');
INSERT INTO human (name,id,home_planet) values ('Lexi Dio','00000000-0000-0000-0000-000000000055','');
INSERT INTO human (name,id,home_planet) values ('Lott Dod','00000000-0000-0000-0000-000000000056','');
INSERT INTO human (name,id,home_planet) values ('General Jan Dodonna','00000000-0000-0000-0000-000000000057','');
INSERT INTO human (name,id,home_planet) values ('Daultay Dofine','00000000-0000-0000-0000-000000000058','');
INSERT INTO human (name,id,home_planet) values ('Comte Dooku','00000000-0000-0000-0000-000000000059','');
INSERT INTO human (name,id,home_planet) values ('Cin Drallig','00000000-0000-0000-0000-000000000060','');
INSERT INTO human (name,id,home_planet) values ('Kyp Durron','00000000-0000-0000-0000-000000000061','Naboo');
INSERT INTO human (name,id,home_planet) values ('Hugo EckenerNote 4','00000000-0000-0000-0000-000000000062','');
INSERT INTO human (name,id,home_planet) values ('Major Caluan Ematt','00000000-0000-0000-0000-000000000063','');
INSERT INTO human (name,id,home_planet) values ('Docteur Cornelius Evazan','00000000-0000-0000-0000-000000000064','');
INSERT INTO human (name,id,home_planet) values ('Sun Fac','00000000-0000-0000-0000-000000000065','');
INSERT INTO human (name,id,home_planet) values ('Soontir Fel','00000000-0000-0000-0000-000000000066','');
INSERT INTO human (name,id,home_planet) values ('Boba Fett','00000000-0000-0000-0000-000000000067','Geonosis');
INSERT INTO human (name,id,home_planet) values ('Jango Fett','00000000-0000-0000-0000-000000000068','');
INSERT INTO human (name,id,home_planet) values ('Borsk Fey''lya','00000000-0000-0000-0000-000000000069','');
INSERT INTO human (name,id,home_planet) values ('Finn','00000000-0000-0000-0000-000000000070','');
INSERT INTO human (name,id,home_planet) values ('Kit Fisto','00000000-0000-0000-0000-000000000071','Tatooine');
INSERT INTO human (name,id,home_planet) values ('Fode et Beed','00000000-0000-0000-0000-000000000072','');
INSERT INTO human (name,id,home_planet) values ('Bib Fortuna','00000000-0000-0000-0000-000000000073','');
INSERT INTO human (name,id,home_planet) values ('Silver Fyre','00000000-0000-0000-0000-000000000074','');
INSERT INTO human (name,id,home_planet) values ('Adi Gallia','00000000-0000-0000-0000-000000000075','');
INSERT INTO human (name,id,home_planet) values ('Garindan','00000000-0000-0000-0000-000000000076','');
INSERT INTO human (name,id,home_planet) values ('Gragra','00000000-0000-0000-0000-000000000077','Tatooine');
INSERT INTO human (name,id,home_planet) values ('Greeata','00000000-0000-0000-0000-000000000078','');
INSERT INTO human (name,id,home_planet) values ('Greedo','00000000-0000-0000-0000-000000000079','');
INSERT INTO human (name,id,home_planet) values ('General Grievous','00000000-0000-0000-0000-000000000080','');
INSERT INTO human (name,id,home_planet) values ('Grummgar','00000000-0000-0000-0000-000000000081','');
INSERT INTO human (name,id,home_planet) values ('Nute Gunray','00000000-0000-0000-0000-000000000082','');
INSERT INTO human (name,id,home_planet) values ('Guri','00000000-0000-0000-0000-000000000083','');
INSERT INTO human (name,id,home_planet) values ('Rune Haako','00000000-0000-0000-0000-000000000084','');
INSERT INTO human (name,id,home_planet) values ('San Hill','00000000-0000-0000-0000-000000000085','');
INSERT INTO human (name,id,home_planet) values ('Corran Horn','00000000-0000-0000-0000-000000000086','');
INSERT INTO human (name,id,home_planet) values ('General Armitage Hux','00000000-0000-0000-0000-000000000087','');
INSERT INTO human (name,id,home_planet) values ('L''Inquisiteur','00000000-0000-0000-0000-000000000088','');
INSERT INTO human (name,id,home_planet) values ('Ysanne Isard','00000000-0000-0000-0000-000000000089','');
INSERT INTO human (name,id,home_planet) values ('Prince Isolder','00000000-0000-0000-0000-000000000090','');
INSERT INTO human (name,id,home_planet) values ('Capitaine Sidon Ithano','00000000-0000-0000-0000-000000000091','');
INSERT INTO human (name,id,home_planet) values ('J''Quille','00000000-0000-0000-0000-000000000092','Tatooine');
INSERT INTO human (name,id,home_planet) values ('Jabba le Hutt','00000000-0000-0000-0000-000000000093','');
INSERT INTO human (name,id,home_planet) values ('Mara Jade','00000000-0000-0000-0000-000000000094','Naboo');
INSERT INTO human (name,id,home_planet) values ('Reine Jamillia','00000000-0000-0000-0000-000000000095','');
INSERT INTO human (name,id,home_planet) values ('Kanan Jarrus','00000000-0000-0000-0000-000000000096','');
INSERT INTO human (name,id,home_planet) values ('Moff Tiaan Jerjerrod','00000000-0000-0000-0000-000000000097','');
INSERT INTO human (name,id,home_planet) values ('Dexter Jettster','00000000-0000-0000-0000-000000000098','');
INSERT INTO human (name,id,home_planet) values ('Jira','00000000-0000-0000-0000-000000000099','');
INSERT INTO human (name,id,home_planet) values ('Zett Jukassa','00000000-0000-0000-0000-000000000100','');
INSERT INTO human (name,id,home_planet) values ('Docteur Harter Kalonia','00000000-0000-0000-0000-000000000101','');
INSERT INTO human (name,id,home_planet) values ('Maz Kanata','00000000-0000-0000-0000-000000000102','');
INSERT INTO human (name,id,home_planet) values ('Kir Kanos','00000000-0000-0000-0000-000000000103','');
INSERT INTO human (name,id,home_planet) values ('Volfe Karkko','00000000-0000-0000-0000-000000000104','');
INSERT INTO human (name,id,home_planet) values ('Talon Karrde','00000000-0000-0000-0000-000000000105','');
INSERT INTO human (name,id,home_planet) values ('Kyle Katarn','00000000-0000-0000-0000-000000000106','');
INSERT INTO human (name,id,home_planet) values ('Agen Kolar','00000000-0000-0000-0000-000000000107','');
INSERT INTO human (name,id,home_planet) values ('Plo Koon','00000000-0000-0000-0000-000000000108','');
INSERT INTO human (name,id,home_planet) values ('Eeth Koth','00000000-0000-0000-0000-000000000109','');
INSERT INTO human (name,id,home_planet) values ('Labria','00000000-0000-0000-0000-000000000110','');
INSERT INTO human (name,id,home_planet) values ('Tsavong Lah','00000000-0000-0000-0000-000000000111','');
INSERT INTO human (name,id,home_planet) values ('Owen et BeruNote 5 Lars','00000000-0000-0000-0000-000000000112','Tatooine');
INSERT INTO human (name,id,home_planet) values ('Cliegg Lars','00000000-0000-0000-0000-000000000113','');
INSERT INTO human (name,id,home_planet) values ('Tasu Leech','00000000-0000-0000-0000-000000000114','');
INSERT INTO human (name,id,home_planet) values ('Bevel Lemelisk','00000000-0000-0000-0000-000000000115','Ando');
INSERT INTO human (name,id,home_planet) values ('Lobot','00000000-0000-0000-0000-000000000116','');
INSERT INTO human (name,id,home_planet) values ('Logray','00000000-0000-0000-0000-000000000117','');
INSERT INTO human (name,id,home_planet) values ('General Crix Madine','00000000-0000-0000-0000-000000000118','');
INSERT INTO human (name,id,home_planet) values ('Shu Mai','00000000-0000-0000-0000-000000000119','');
INSERT INTO human (name,id,home_planet) values ('Malakili','00000000-0000-0000-0000-000000000120','Naboo');
INSERT INTO human (name,id,home_planet) values ('Dark Maul','00000000-0000-0000-0000-000000000121','');
INSERT INTO human (name,id,home_planet) values ('Droopy McCool','00000000-0000-0000-0000-000000000122','Tatooine');
INSERT INTO human (name,id,home_planet) values ('Lyn Me','00000000-0000-0000-0000-000000000123','Utapau');
INSERT INTO human (name,id,home_planet) values ('Tion Medon','00000000-0000-0000-0000-000000000124','');
INSERT INTO human (name,id,home_planet) values ('Lieutenant Dopheld Mitaka','00000000-0000-0000-0000-000000000125','');
INSERT INTO human (name,id,home_planet) values ('Ephant Mon','00000000-0000-0000-0000-000000000126','');
INSERT INTO human (name,id,home_planet) values ('Sly Moore','00000000-0000-0000-0000-000000000127','');
INSERT INTO human (name,id,home_planet) values ('Mon Mothma','00000000-0000-0000-0000-000000000128','');
INSERT INTO human (name,id,home_planet) values ('Amiral Conan Motti','00000000-0000-0000-0000-000000000129','');
INSERT INTO human (name,id,home_planet) values ('Muftak','00000000-0000-0000-0000-000000000130','');
INSERT INTO human (name,id,home_planet) values ('Boss Nass','00000000-0000-0000-0000-000000000131','');
INSERT INTO human (name,id,home_planet) values ('Ruwee, Jobal et Sola Naberrie','00000000-0000-0000-0000-000000000132','');
INSERT INTO human (name,id,home_planet) values ('Capitaine Lorth Needa','00000000-0000-0000-0000-000000000133','');
INSERT INTO human (name,id,home_planet) values ('Bazine Netal','00000000-0000-0000-0000-000000000134','Coruscant');
INSERT INTO human (name,id,home_planet) values ('Jocasta Nu','00000000-0000-0000-0000-000000000135','');
INSERT INTO human (name,id,home_planet) values ('Ten Numb','00000000-0000-0000-0000-000000000136','Ando');
INSERT INTO human (name,id,home_planet) values ('Nien Nunb','00000000-0000-0000-0000-000000000137','');
INSERT INTO human (name,id,home_planet) values ('Barriss Offee','00000000-0000-0000-0000-000000000138','');
INSERT INTO human (name,id,home_planet) values ('Ric Olie','00000000-0000-0000-0000-000000000139','');
INSERT INTO human (name,id,home_planet) values ('Oola','00000000-0000-0000-0000-000000000140','');
INSERT INTO human (name,id,home_planet) values ('Garazeb Orrelios','00000000-0000-0000-0000-000000000141','Alderaan');
INSERT INTO human (name,id,home_planet) values ('Bail Organa','00000000-0000-0000-0000-000000000142','');
INSERT INTO human (name,id,home_planet) values ('Princesse Leia Organa','00000000-0000-0000-0000-000000000143','');
INSERT INTO human (name,id,home_planet) values ('Amiral Kendal Ozzel','00000000-0000-0000-0000-000000000144','Naboo');
INSERT INTO human (name,id,home_planet) values ('Sheev Palpatine','00000000-0000-0000-0000-000000000145','Naboo');
INSERT INTO human (name,id,home_planet) values ('Capitaine Quarsh Panaka','00000000-0000-0000-0000-000000000146','');
INSERT INTO human (name,id,home_planet) values ('Baron Notluwiski Papanoida','00000000-0000-0000-0000-000000000147','');
INSERT INTO human (name,id,home_planet) values ('Chi Eekway Papanoida','00000000-0000-0000-0000-000000000148','');
INSERT INTO human (name,id,home_planet) values ('Jess Pava','00000000-0000-0000-0000-000000000149','');
INSERT INTO human (name,id,home_planet) values ('Gilad Pellaeon','00000000-0000-0000-0000-000000000150','');
INSERT INTO human (name,id,home_planet) values ('Sate Pestage','00000000-0000-0000-0000-000000000151','');
INSERT INTO human (name,id,home_planet) values ('Capitaine Phasma','00000000-0000-0000-0000-000000000152','');
INSERT INTO human (name,id,home_planet) values ('Even Piell','00000000-0000-0000-0000-000000000153','Endor');
INSERT INTO human (name,id,home_planet) values ('Amiral Firmus Piett','00000000-0000-0000-0000-000000000154','Jakku');
INSERT INTO human (name,id,home_planet) values ('Sarco Plank','00000000-0000-0000-0000-000000000155','');
INSERT INTO human (name,id,home_planet) values ('Unkar Plutt','00000000-0000-0000-0000-000000000156','');
INSERT INTO human (name,id,home_planet) values ('Poggle le Bref','00000000-0000-0000-0000-000000000157','Naboo');
INSERT INTO human (name,id,home_planet) values ('Yarael Poof','00000000-0000-0000-0000-000000000158','');
INSERT INTO human (name,id,home_planet) values ('Oppo Rancisis','00000000-0000-0000-0000-000000000159','');
INSERT INTO human (name,id,home_planet) values ('Rappertunie','00000000-0000-0000-0000-000000000160','');
INSERT INTO human (name,id,home_planet) values ('Max Rebo','00000000-0000-0000-0000-000000000161','');
INSERT INTO human (name,id,home_planet) values ('Kylo Ren','00000000-0000-0000-0000-000000000162','Jakku');
INSERT INTO human (name,id,home_planet) values ('Rey','00000000-0000-0000-0000-000000000163','');
INSERT INTO human (name,id,home_planet) values ('Capitaine Rex','00000000-0000-0000-0000-000000000164','');
INSERT INTO human (name,id,home_planet) values ('Dash Rendar','00000000-0000-0000-0000-000000000165','Hoth');
INSERT INTO human (name,id,home_planet) values ('General Carlist Rieekan','00000000-0000-0000-0000-000000000166','Tatooine');
INSERT INTO human (name,id,home_planet) values ('Horox Ryyder','00000000-0000-0000-0000-000000000167','Yavin');
INSERT INTO human (name,id,home_planet) values ('Naga Sadow','00000000-0000-0000-0000-000000000168','');
INSERT INTO human (name,id,home_planet) values ('Ko Sai','00000000-0000-0000-0000-000000000169','');
INSERT INTO human (name,id,home_planet) values ('Lor San Tekka','00000000-0000-0000-0000-000000000170','Tatooine');
INSERT INTO human (name,id,home_planet) values ('Rystall Sant','00000000-0000-0000-0000-000000000171','');
INSERT INTO human (name,id,home_planet) values ('Sabe','00000000-0000-0000-0000-000000000172','');
INSERT INTO human (name,id,home_planet) values ('Sebulba','00000000-0000-0000-0000-000000000173','');
INSERT INTO human (name,id,home_planet) values ('Aayla Secura','00000000-0000-0000-0000-000000000174','');
INSERT INTO human (name,id,home_planet) values ('Korr Sella','00000000-0000-0000-0000-000000000175','Kuat');
INSERT INTO human (name,id,home_planet) values ('Viqi Shesh','00000000-0000-0000-0000-000000000176','Naboo');
INSERT INTO human (name,id,home_planet) values ('Lufta Shif','00000000-0000-0000-0000-000000000177','');
INSERT INTO human (name,id,home_planet) values ('Aurra Sing','00000000-0000-0000-0000-000000000178','');
INSERT INTO human (name,id,home_planet) values ('Anakin Skywalker','00000000-0000-0000-0000-000000000179','');
INSERT INTO human (name,id,home_planet) values ('Luke Skywalker','00000000-0000-0000-0000-000000000180','Tatooine');
INSERT INTO human (name,id,home_planet) values ('Shmi Skywalker','00000000-0000-0000-0000-000000000181','');
INSERT INTO human (name,id,home_planet) values ('Elan Sleazebaggano','00000000-0000-0000-0000-000000000182','');
INSERT INTO human (name,id,home_planet) values ('Sy Snootles','00000000-0000-0000-0000-000000000183','');
INSERT INTO human (name,id,home_planet) values ('Anakin Solo','00000000-0000-0000-0000-000000000184','');
INSERT INTO human (name,id,home_planet) values ('Han Solo','00000000-0000-0000-0000-000000000185','');
INSERT INTO human (name,id,home_planet) values ('Jacen et Jaina Solo','00000000-0000-0000-0000-000000000186','Yavin');
INSERT INTO human (name,id,home_planet) values ('Tionne Solusar','00000000-0000-0000-0000-000000000187','');
INSERT INTO human (name,id,home_planet) values ('Amiral Statura','00000000-0000-0000-0000-000000000188','');
INSERT INTO human (name,id,home_planet) values ('Lama Su','00000000-0000-0000-0000-000000000189','');
INSERT INTO human (name,id,home_planet) values ('Bultar Swan','00000000-0000-0000-0000-000000000190','');
INSERT INTO human (name,id,home_planet) values ('Hera Syndulla','00000000-0000-0000-0000-000000000191','');
INSERT INTO human (name,id,home_planet) values ('Wat Tambor','00000000-0000-0000-0000-000000000192','');
INSERT INTO human (name,id,home_planet) values ('Ahsoka Tano','00000000-0000-0000-0000-000000000193','');
INSERT INTO human (name,id,home_planet) values ('Tarfful','00000000-0000-0000-0000-000000000194','');
INSERT INTO human (name,id,home_planet) values ('Sei Taria','00000000-0000-0000-0000-000000000195','');
INSERT INTO human (name,id,home_planet) values ('Grand Moff Wilhuff Tarkin','00000000-0000-0000-0000-000000000196','Naboo');
INSERT INTO human (name,id,home_planet) values ('Capitaine Roos Tarpals','00000000-0000-0000-0000-000000000197','');
INSERT INTO human (name,id,home_planet) values ('Teebo','00000000-0000-0000-0000-000000000198','');
INSERT INTO human (name,id,home_planet) values ('Rep Teers','00000000-0000-0000-0000-000000000199','');
INSERT INTO human (name,id,home_planet) values ('Booster et Mirax Terrik','00000000-0000-0000-0000-000000000200','');
INSERT INTO human (name,id,home_planet) values ('Tessek','00000000-0000-0000-0000-000000000201','');
INSERT INTO human (name,id,home_planet) values ('Bria Tharen','00000000-0000-0000-0000-000000000202','');
INSERT INTO human (name,id,home_planet) values ('Grand Amiral Thrawn','00000000-0000-0000-0000-000000000203','');
INSERT INTO human (name,id,home_planet) values ('Shaak Ti','00000000-0000-0000-0000-000000000204','');
INSERT INTO human (name,id,home_planet) values ('Saesee Tiin','00000000-0000-0000-0000-000000000205','');
INSERT INTO human (name,id,home_planet) values ('Tikkes','00000000-0000-0000-0000-000000000206','Endor');
INSERT INTO human (name,id,home_planet) values ('Cindel Towani','00000000-0000-0000-0000-000000000207','');
INSERT INTO human (name,id,home_planet) values ('Coleman Trebor','00000000-0000-0000-0000-000000000208','');
INSERT INTO human (name,id,home_planet) values ('Stono Tuggs','00000000-0000-0000-0000-000000000209','');
INSERT INTO human (name,id,home_planet) values ('Capitaine Gregar Typho','00000000-0000-0000-0000-000000000210','');
INSERT INTO human (name,id,home_planet) values ('Bogg Tyrell','00000000-0000-0000-0000-000000000211','Geonosis');
INSERT INTO human (name,id,home_planet) values ('Luminara Unduli','00000000-0000-0000-0000-000000000212','');
INSERT INTO human (name,id,home_planet) values ('Dark Vador','00000000-0000-0000-0000-000000000213','');
INSERT INTO human (name,id,home_planet) values ('Finis Valorum','00000000-0000-0000-0000-000000000214','');
INSERT INTO human (name,id,home_planet) values ('General Maximillian Veers','00000000-0000-0000-0000-000000000215','');
INSERT INTO human (name,id,home_planet) values ('Tahiri Veila','00000000-0000-0000-0000-000000000216','');
INSERT INTO human (name,id,home_planet) values ('Asajj Ventress','00000000-0000-0000-0000-000000000217','');
INSERT INTO human (name,id,home_planet) values ('Wald','00000000-0000-0000-0000-000000000218','');
INSERT INTO human (name,id,home_planet) values ('Wicket Warrick','00000000-0000-0000-0000-000000000219','');
INSERT INTO human (name,id,home_planet) values ('Watto','00000000-0000-0000-0000-000000000220','');
INSERT INTO human (name,id,home_planet) values ('Taun We','00000000-0000-0000-0000-000000000221','');
INSERT INTO human (name,id,home_planet) values ('Zam Wesell','00000000-0000-0000-0000-000000000222','');
INSERT INTO human (name,id,home_planet) values ('Snap Wexley','00000000-0000-0000-0000-000000000223','');
INSERT INTO human (name,id,home_planet) values ('Mace Windu','00000000-0000-0000-0000-000000000224','');
INSERT INTO human (name,id,home_planet) values ('WinterNote 6','00000000-0000-0000-0000-000000000225','');
INSERT INTO human (name,id,home_planet) values ('Prince Xizor','00000000-0000-0000-0000-000000000226','');
INSERT INTO human (name,id,home_planet) values ('Yaddle','00000000-0000-0000-0000-000000000227','');
INSERT INTO human (name,id,home_planet) values ('Yoda','00000000-0000-0000-0000-000000000228','');
INSERT INTO human (name,id,home_planet) values ('Grand Moff Zsinj','00000000-0000-0000-0000-000000000229','');
INSERT INTO human (name,id,home_planet) values ('Zuckuss','00000000-0000-0000-0000-000000000230','Jakku');
INSERT INTO human (name,id,home_planet) values ('Zuvio','00000000-0000-0000-0000-000000000231','');


INSERT INTO episode (id, label) VALUES (1, 'NEWHOPE');
INSERT INTO episode (id, label) VALUES (2, 'EMPIRE');
INSERT INTO episode (id, label) VALUES (3, 'JEDI');



INSERT INTO droid_appears_in (droid_id,episode_id) VALUES ('00000000-0000-0000-0000-000000000001',3);
INSERT INTO droid_appears_in (droid_id,episode_id) VALUES ('00000000-0000-0000-0000-000000000002',1);
INSERT INTO droid_appears_in (droid_id,episode_id) VALUES ('00000000-0000-0000-0000-000000000003',2);
INSERT INTO droid_appears_in (droid_id,episode_id) VALUES ('00000000-0000-0000-0000-000000000004',3);
INSERT INTO droid_appears_in (droid_id,episode_id) VALUES ('00000000-0000-0000-0000-000000000005',1);
INSERT INTO droid_appears_in (droid_id,episode_id) VALUES ('00000000-0000-0000-0000-000000000006',2);
INSERT INTO droid_appears_in (droid_id,episode_id) VALUES ('00000000-0000-0000-0000-000000000007',3);
INSERT INTO droid_appears_in (droid_id,episode_id) VALUES ('00000000-0000-0000-0000-000000000008',1);
INSERT INTO droid_appears_in (droid_id,episode_id) VALUES ('00000000-0000-0000-0000-000000000009',2);
INSERT INTO droid_appears_in (droid_id,episode_id) VALUES ('00000000-0000-0000-0000-000000000010',3);
INSERT INTO droid_appears_in (droid_id,episode_id) VALUES ('00000000-0000-0000-0000-000000000011',1);
INSERT INTO droid_appears_in (droid_id,episode_id) VALUES ('00000000-0000-0000-0000-000000000012',2);
INSERT INTO droid_appears_in (droid_id,episode_id) VALUES ('00000000-0000-0000-0000-000000000013',3);
INSERT INTO droid_appears_in (droid_id,episode_id) VALUES ('00000000-0000-0000-0000-000000000014',1);
INSERT INTO droid_appears_in (droid_id,episode_id) VALUES ('00000000-0000-0000-0000-000000000015',2);
INSERT INTO droid_appears_in (droid_id,episode_id) VALUES ('00000000-0000-0000-0000-000000000016',3);
INSERT INTO droid_appears_in (droid_id,episode_id) VALUES ('00000000-0000-0000-0000-000000000017',1);
INSERT INTO droid_appears_in (droid_id,episode_id) VALUES ('00000000-0000-0000-0000-000000000018',2);
INSERT INTO droid_appears_in (droid_id,episode_id) VALUES ('00000000-0000-0000-0000-000000000019',3);
INSERT INTO human_appears_in (human_id,episode_id) VALUES ('00000000-0000-0000-0000-000000000020',1);
INSERT INTO human_appears_in (human_id,episode_id) VALUES ('00000000-0000-0000-0000-000000000021',2);
INSERT INTO human_appears_in (human_id,episode_id) VALUES ('00000000-0000-0000-0000-000000000022',3);
INSERT INTO human_appears_in (human_id,episode_id) VALUES ('00000000-0000-0000-0000-000000000023',1);
INSERT INTO human_appears_in (human_id,episode_id) VALUES ('00000000-0000-0000-0000-000000000024',2);
INSERT INTO human_appears_in (human_id,episode_id) VALUES ('00000000-0000-0000-0000-000000000025',3);
INSERT INTO human_appears_in (human_id,episode_id) VALUES ('00000000-0000-0000-0000-000000000026',1);
INSERT INTO human_appears_in (human_id,episode_id) VALUES ('00000000-0000-0000-0000-000000000027',2);
INSERT INTO human_appears_in (human_id,episode_id) VALUES ('00000000-0000-0000-0000-000000000028',3);
INSERT INTO human_appears_in (human_id,episode_id) VALUES ('00000000-0000-0000-0000-000000000029',1);
INSERT INTO human_appears_in (human_id,episode_id) VALUES ('00000000-0000-0000-0000-000000000030',2);
INSERT INTO human_appears_in (human_id,episode_id) VALUES ('00000000-0000-0000-0000-000000000031',3);
INSERT INTO human_appears_in (human_id,episode_id) VALUES ('00000000-0000-0000-0000-000000000032',1);
INSERT INTO human_appears_in (human_id,episode_id) VALUES ('00000000-0000-0000-0000-000000000033',2);
INSERT INTO human_appears_in (human_id,episode_id) VALUES ('00000000-0000-0000-0000-000000000034',3);
INSERT INTO human_appears_in (human_id,episode_id) VALUES ('00000000-0000-0000-0000-000000000035',1);
INSERT INTO human_appears_in (human_id,episode_id) VALUES ('00000000-0000-0000-0000-000000000036',2);
INSERT INTO human_appears_in (human_id,episode_id) VALUES ('00000000-0000-0000-0000-000000000037',3);
INSERT INTO human_appears_in (human_id,episode_id) VALUES ('00000000-0000-0000-0000-000000000038',1);
INSERT INTO human_appears_in (human_id,episode_id) VALUES ('00000000-0000-0000-0000-000000000039',2);
INSERT INTO human_appears_in (human_id,episode_id) VALUES ('00000000-0000-0000-0000-000000000040',3);
INSERT INTO human_appears_in (human_id,episode_id) VALUES ('00000000-0000-0000-0000-000000000041',1);
INSERT INTO human_appears_in (human_id,episode_id) VALUES ('00000000-0000-0000-0000-000000000042',2);
INSERT INTO human_appears_in (human_id,episode_id) VALUES ('00000000-0000-0000-0000-000000000043',3);
INSERT INTO human_appears_in (human_id,episode_id) VALUES ('00000000-0000-0000-0000-000000000044',1);
INSERT INTO human_appears_in (human_id,episode_id) VALUES ('00000000-0000-0000-0000-000000000045',2);
INSERT INTO human_appears_in (human_id,episode_id) VALUES ('00000000-0000-0000-0000-000000000046',3);
INSERT INTO human_appears_in (human_id,episode_id) VALUES ('00000000-0000-0000-0000-000000000047',1);
INSERT INTO human_appears_in (human_id,episode_id) VALUES ('00000000-0000-0000-0000-000000000048',2);
INSERT INTO human_appears_in (human_id,episode_id) VALUES ('00000000-0000-0000-0000-000000000049',3);
INSERT INTO human_appears_in (human_id,episode_id) VALUES ('00000000-0000-0000-0000-000000000050',1);
INSERT INTO human_appears_in (human_id,episode_id) VALUES ('00000000-0000-0000-0000-000000000051',2);
INSERT INTO human_appears_in (human_id,episode_id) VALUES ('00000000-0000-0000-0000-000000000052',3);
INSERT INTO human_appears_in (human_id,episode_id) VALUES ('00000000-0000-0000-0000-000000000053',1);
INSERT INTO human_appears_in (human_id,episode_id) VALUES ('00000000-0000-0000-0000-000000000054',2);
INSERT INTO human_appears_in (human_id,episode_id) VALUES ('00000000-0000-0000-0000-000000000055',3);
INSERT INTO human_appears_in (human_id,episode_id) VALUES ('00000000-0000-0000-0000-000000000056',1);
INSERT INTO human_appears_in (human_id,episode_id) VALUES ('00000000-0000-0000-0000-000000000057',2);
INSERT INTO human_appears_in (human_id,episode_id) VALUES ('00000000-0000-0000-0000-000000000058',3);
INSERT INTO human_appears_in (human_id,episode_id) VALUES ('00000000-0000-0000-0000-000000000059',1);
INSERT INTO human_appears_in (human_id,episode_id) VALUES ('00000000-0000-0000-0000-000000000060',2);
INSERT INTO human_appears_in (human_id,episode_id) VALUES ('00000000-0000-0000-0000-000000000061',3);
INSERT INTO human_appears_in (human_id,episode_id) VALUES ('00000000-0000-0000-0000-000000000062',1);
INSERT INTO human_appears_in (human_id,episode_id) VALUES ('00000000-0000-0000-0000-000000000063',2);
INSERT INTO human_appears_in (human_id,episode_id) VALUES ('00000000-0000-0000-0000-000000000064',3);
INSERT INTO human_appears_in (human_id,episode_id) VALUES ('00000000-0000-0000-0000-000000000065',1);
INSERT INTO human_appears_in (human_id,episode_id) VALUES ('00000000-0000-0000-0000-000000000066',2);
INSERT INTO human_appears_in (human_id,episode_id) VALUES ('00000000-0000-0000-0000-000000000067',3);
INSERT INTO human_appears_in (human_id,episode_id) VALUES ('00000000-0000-0000-0000-000000000068',1);
INSERT INTO human_appears_in (human_id,episode_id) VALUES ('00000000-0000-0000-0000-000000000069',2);
INSERT INTO human_appears_in (human_id,episode_id) VALUES ('00000000-0000-0000-0000-000000000070',3);
INSERT INTO human_appears_in (human_id,episode_id) VALUES ('00000000-0000-0000-0000-000000000071',1);
INSERT INTO human_appears_in (human_id,episode_id) VALUES ('00000000-0000-0000-0000-000000000072',2);
INSERT INTO human_appears_in (human_id,episode_id) VALUES ('00000000-0000-0000-0000-000000000073',3);
INSERT INTO human_appears_in (human_id,episode_id) VALUES ('00000000-0000-0000-0000-000000000074',1);
INSERT INTO human_appears_in (human_id,episode_id) VALUES ('00000000-0000-0000-0000-000000000075',2);
INSERT INTO human_appears_in (human_id,episode_id) VALUES ('00000000-0000-0000-0000-000000000076',3);
INSERT INTO human_appears_in (human_id,episode_id) VALUES ('00000000-0000-0000-0000-000000000077',1);
INSERT INTO human_appears_in (human_id,episode_id) VALUES ('00000000-0000-0000-0000-000000000078',2);
INSERT INTO human_appears_in (human_id,episode_id) VALUES ('00000000-0000-0000-0000-000000000079',3);
INSERT INTO human_appears_in (human_id,episode_id) VALUES ('00000000-0000-0000-0000-000000000080',1);
INSERT INTO human_appears_in (human_id,episode_id) VALUES ('00000000-0000-0000-0000-000000000081',2);
INSERT INTO human_appears_in (human_id,episode_id) VALUES ('00000000-0000-0000-0000-000000000082',3);
INSERT INTO human_appears_in (human_id,episode_id) VALUES ('00000000-0000-0000-0000-000000000083',1);
INSERT INTO human_appears_in (human_id,episode_id) VALUES ('00000000-0000-0000-0000-000000000084',2);
INSERT INTO human_appears_in (human_id,episode_id) VALUES ('00000000-0000-0000-0000-000000000085',3);
INSERT INTO human_appears_in (human_id,episode_id) VALUES ('00000000-0000-0000-0000-000000000086',1);
INSERT INTO human_appears_in (human_id,episode_id) VALUES ('00000000-0000-0000-0000-000000000087',2);
INSERT INTO human_appears_in (human_id,episode_id) VALUES ('00000000-0000-0000-0000-000000000088',3);
INSERT INTO human_appears_in (human_id,episode_id) VALUES ('00000000-0000-0000-0000-000000000089',1);
INSERT INTO human_appears_in (human_id,episode_id) VALUES ('00000000-0000-0000-0000-000000000090',2);
INSERT INTO human_appears_in (human_id,episode_id) VALUES ('00000000-0000-0000-0000-000000000091',3);
INSERT INTO human_appears_in (human_id,episode_id) VALUES ('00000000-0000-0000-0000-000000000092',1);
INSERT INTO human_appears_in (human_id,episode_id) VALUES ('00000000-0000-0000-0000-000000000093',2);
INSERT INTO human_appears_in (human_id,episode_id) VALUES ('00000000-0000-0000-0000-000000000094',3);
INSERT INTO human_appears_in (human_id,episode_id) VALUES ('00000000-0000-0000-0000-000000000095',1);
INSERT INTO human_appears_in (human_id,episode_id) VALUES ('00000000-0000-0000-0000-000000000096',2);
INSERT INTO human_appears_in (human_id,episode_id) VALUES ('00000000-0000-0000-0000-000000000097',3);
INSERT INTO human_appears_in (human_id,episode_id) VALUES ('00000000-0000-0000-0000-000000000098',1);
INSERT INTO human_appears_in (human_id,episode_id) VALUES ('00000000-0000-0000-0000-000000000099',2);
INSERT INTO human_appears_in (human_id,episode_id) VALUES ('00000000-0000-0000-0000-000000000100',3);
INSERT INTO human_appears_in (human_id,episode_id) VALUES ('00000000-0000-0000-0000-000000000101',1);
INSERT INTO human_appears_in (human_id,episode_id) VALUES ('00000000-0000-0000-0000-000000000102',2);
INSERT INTO human_appears_in (human_id,episode_id) VALUES ('00000000-0000-0000-0000-000000000103',3);
INSERT INTO human_appears_in (human_id,episode_id) VALUES ('00000000-0000-0000-0000-000000000104',1);
INSERT INTO human_appears_in (human_id,episode_id) VALUES ('00000000-0000-0000-0000-000000000105',2);
INSERT INTO human_appears_in (human_id,episode_id) VALUES ('00000000-0000-0000-0000-000000000106',3);
INSERT INTO human_appears_in (human_id,episode_id) VALUES ('00000000-0000-0000-0000-000000000107',1);
INSERT INTO human_appears_in (human_id,episode_id) VALUES ('00000000-0000-0000-0000-000000000108',2);
INSERT INTO human_appears_in (human_id,episode_id) VALUES ('00000000-0000-0000-0000-000000000109',3);
INSERT INTO human_appears_in (human_id,episode_id) VALUES ('00000000-0000-0000-0000-000000000110',1);
INSERT INTO human_appears_in (human_id,episode_id) VALUES ('00000000-0000-0000-0000-000000000111',2);
INSERT INTO human_appears_in (human_id,episode_id) VALUES ('00000000-0000-0000-0000-000000000112',3);
INSERT INTO human_appears_in (human_id,episode_id) VALUES ('00000000-0000-0000-0000-000000000113',1);
INSERT INTO human_appears_in (human_id,episode_id) VALUES ('00000000-0000-0000-0000-000000000114',2);
INSERT INTO human_appears_in (human_id,episode_id) VALUES ('00000000-0000-0000-0000-000000000115',3);
INSERT INTO human_appears_in (human_id,episode_id) VALUES ('00000000-0000-0000-0000-000000000116',1);
INSERT INTO human_appears_in (human_id,episode_id) VALUES ('00000000-0000-0000-0000-000000000117',2);
INSERT INTO human_appears_in (human_id,episode_id) VALUES ('00000000-0000-0000-0000-000000000118',3);
INSERT INTO human_appears_in (human_id,episode_id) VALUES ('00000000-0000-0000-0000-000000000119',1);
INSERT INTO human_appears_in (human_id,episode_id) VALUES ('00000000-0000-0000-0000-000000000120',2);
INSERT INTO human_appears_in (human_id,episode_id) VALUES ('00000000-0000-0000-0000-000000000121',3);
INSERT INTO human_appears_in (human_id,episode_id) VALUES ('00000000-0000-0000-0000-000000000122',1);
INSERT INTO human_appears_in (human_id,episode_id) VALUES ('00000000-0000-0000-0000-000000000123',2);
INSERT INTO human_appears_in (human_id,episode_id) VALUES ('00000000-0000-0000-0000-000000000124',3);
INSERT INTO human_appears_in (human_id,episode_id) VALUES ('00000000-0000-0000-0000-000000000125',1);
INSERT INTO human_appears_in (human_id,episode_id) VALUES ('00000000-0000-0000-0000-000000000126',2);
INSERT INTO human_appears_in (human_id,episode_id) VALUES ('00000000-0000-0000-0000-000000000127',3);
INSERT INTO human_appears_in (human_id,episode_id) VALUES ('00000000-0000-0000-0000-000000000128',1);
INSERT INTO human_appears_in (human_id,episode_id) VALUES ('00000000-0000-0000-0000-000000000129',2);
INSERT INTO human_appears_in (human_id,episode_id) VALUES ('00000000-0000-0000-0000-000000000130',3);
INSERT INTO human_appears_in (human_id,episode_id) VALUES ('00000000-0000-0000-0000-000000000131',1);
INSERT INTO human_appears_in (human_id,episode_id) VALUES ('00000000-0000-0000-0000-000000000132',2);
INSERT INTO human_appears_in (human_id,episode_id) VALUES ('00000000-0000-0000-0000-000000000133',3);
INSERT INTO human_appears_in (human_id,episode_id) VALUES ('00000000-0000-0000-0000-000000000134',1);
INSERT INTO human_appears_in (human_id,episode_id) VALUES ('00000000-0000-0000-0000-000000000135',2);
INSERT INTO human_appears_in (human_id,episode_id) VALUES ('00000000-0000-0000-0000-000000000136',3);
INSERT INTO human_appears_in (human_id,episode_id) VALUES ('00000000-0000-0000-0000-000000000137',1);
INSERT INTO human_appears_in (human_id,episode_id) VALUES ('00000000-0000-0000-0000-000000000138',2);
INSERT INTO human_appears_in (human_id,episode_id) VALUES ('00000000-0000-0000-0000-000000000139',3);
INSERT INTO human_appears_in (human_id,episode_id) VALUES ('00000000-0000-0000-0000-000000000140',1);
INSERT INTO human_appears_in (human_id,episode_id) VALUES ('00000000-0000-0000-0000-000000000141',2);
INSERT INTO human_appears_in (human_id,episode_id) VALUES ('00000000-0000-0000-0000-000000000142',3);
INSERT INTO human_appears_in (human_id,episode_id) VALUES ('00000000-0000-0000-0000-000000000143',1);
INSERT INTO human_appears_in (human_id,episode_id) VALUES ('00000000-0000-0000-0000-000000000144',2);
INSERT INTO human_appears_in (human_id,episode_id) VALUES ('00000000-0000-0000-0000-000000000145',3);
INSERT INTO human_appears_in (human_id,episode_id) VALUES ('00000000-0000-0000-0000-000000000146',1);
INSERT INTO human_appears_in (human_id,episode_id) VALUES ('00000000-0000-0000-0000-000000000147',2);
INSERT INTO human_appears_in (human_id,episode_id) VALUES ('00000000-0000-0000-0000-000000000148',3);
INSERT INTO human_appears_in (human_id,episode_id) VALUES ('00000000-0000-0000-0000-000000000149',1);
INSERT INTO human_appears_in (human_id,episode_id) VALUES ('00000000-0000-0000-0000-000000000150',2);
INSERT INTO human_appears_in (human_id,episode_id) VALUES ('00000000-0000-0000-0000-000000000151',3);
INSERT INTO human_appears_in (human_id,episode_id) VALUES ('00000000-0000-0000-0000-000000000152',1);
INSERT INTO human_appears_in (human_id,episode_id) VALUES ('00000000-0000-0000-0000-000000000153',2);
INSERT INTO human_appears_in (human_id,episode_id) VALUES ('00000000-0000-0000-0000-000000000154',3);
INSERT INTO human_appears_in (human_id,episode_id) VALUES ('00000000-0000-0000-0000-000000000155',1);
INSERT INTO human_appears_in (human_id,episode_id) VALUES ('00000000-0000-0000-0000-000000000156',2);
INSERT INTO human_appears_in (human_id,episode_id) VALUES ('00000000-0000-0000-0000-000000000157',3);
INSERT INTO human_appears_in (human_id,episode_id) VALUES ('00000000-0000-0000-0000-000000000158',1);
INSERT INTO human_appears_in (human_id,episode_id) VALUES ('00000000-0000-0000-0000-000000000159',2);
INSERT INTO human_appears_in (human_id,episode_id) VALUES ('00000000-0000-0000-0000-000000000160',3);
INSERT INTO human_appears_in (human_id,episode_id) VALUES ('00000000-0000-0000-0000-000000000161',1);
INSERT INTO human_appears_in (human_id,episode_id) VALUES ('00000000-0000-0000-0000-000000000162',2);
INSERT INTO human_appears_in (human_id,episode_id) VALUES ('00000000-0000-0000-0000-000000000163',3);
INSERT INTO human_appears_in (human_id,episode_id) VALUES ('00000000-0000-0000-0000-000000000164',1);
INSERT INTO human_appears_in (human_id,episode_id) VALUES ('00000000-0000-0000-0000-000000000165',2);
INSERT INTO human_appears_in (human_id,episode_id) VALUES ('00000000-0000-0000-0000-000000000166',3);
INSERT INTO human_appears_in (human_id,episode_id) VALUES ('00000000-0000-0000-0000-000000000167',1);
INSERT INTO human_appears_in (human_id,episode_id) VALUES ('00000000-0000-0000-0000-000000000168',2);
INSERT INTO human_appears_in (human_id,episode_id) VALUES ('00000000-0000-0000-0000-000000000169',3);
INSERT INTO human_appears_in (human_id,episode_id) VALUES ('00000000-0000-0000-0000-000000000170',1);
INSERT INTO human_appears_in (human_id,episode_id) VALUES ('00000000-0000-0000-0000-000000000171',2);
INSERT INTO human_appears_in (human_id,episode_id) VALUES ('00000000-0000-0000-0000-000000000172',3);
INSERT INTO human_appears_in (human_id,episode_id) VALUES ('00000000-0000-0000-0000-000000000173',1);
INSERT INTO human_appears_in (human_id,episode_id) VALUES ('00000000-0000-0000-0000-000000000174',2);
INSERT INTO human_appears_in (human_id,episode_id) VALUES ('00000000-0000-0000-0000-000000000175',3);
INSERT INTO human_appears_in (human_id,episode_id) VALUES ('00000000-0000-0000-0000-000000000176',1);
INSERT INTO human_appears_in (human_id,episode_id) VALUES ('00000000-0000-0000-0000-000000000177',2);
INSERT INTO human_appears_in (human_id,episode_id) VALUES ('00000000-0000-0000-0000-000000000178',3);
INSERT INTO human_appears_in (human_id,episode_id) VALUES ('00000000-0000-0000-0000-000000000179',1);
INSERT INTO human_appears_in (human_id,episode_id) VALUES ('00000000-0000-0000-0000-000000000180',2);
INSERT INTO human_appears_in (human_id,episode_id) VALUES ('00000000-0000-0000-0000-000000000181',3);
INSERT INTO human_appears_in (human_id,episode_id) VALUES ('00000000-0000-0000-0000-000000000182',1);
INSERT INTO human_appears_in (human_id,episode_id) VALUES ('00000000-0000-0000-0000-000000000183',2);
INSERT INTO human_appears_in (human_id,episode_id) VALUES ('00000000-0000-0000-0000-000000000184',3);
INSERT INTO human_appears_in (human_id,episode_id) VALUES ('00000000-0000-0000-0000-000000000185',1);
INSERT INTO human_appears_in (human_id,episode_id) VALUES ('00000000-0000-0000-0000-000000000186',2);
INSERT INTO human_appears_in (human_id,episode_id) VALUES ('00000000-0000-0000-0000-000000000187',3);
INSERT INTO human_appears_in (human_id,episode_id) VALUES ('00000000-0000-0000-0000-000000000188',1);
INSERT INTO human_appears_in (human_id,episode_id) VALUES ('00000000-0000-0000-0000-000000000189',2);
INSERT INTO human_appears_in (human_id,episode_id) VALUES ('00000000-0000-0000-0000-000000000190',3);
INSERT INTO human_appears_in (human_id,episode_id) VALUES ('00000000-0000-0000-0000-000000000191',1);
INSERT INTO human_appears_in (human_id,episode_id) VALUES ('00000000-0000-0000-0000-000000000192',2);
INSERT INTO human_appears_in (human_id,episode_id) VALUES ('00000000-0000-0000-0000-000000000193',3);
INSERT INTO human_appears_in (human_id,episode_id) VALUES ('00000000-0000-0000-0000-000000000194',1);
INSERT INTO human_appears_in (human_id,episode_id) VALUES ('00000000-0000-0000-0000-000000000195',2);
INSERT INTO human_appears_in (human_id,episode_id) VALUES ('00000000-0000-0000-0000-000000000196',3);
INSERT INTO human_appears_in (human_id,episode_id) VALUES ('00000000-0000-0000-0000-000000000197',1);
INSERT INTO human_appears_in (human_id,episode_id) VALUES ('00000000-0000-0000-0000-000000000198',2);
INSERT INTO human_appears_in (human_id,episode_id) VALUES ('00000000-0000-0000-0000-000000000199',3);
INSERT INTO human_appears_in (human_id,episode_id) VALUES ('00000000-0000-0000-0000-000000000200',1);
INSERT INTO human_appears_in (human_id,episode_id) VALUES ('00000000-0000-0000-0000-000000000201',2);
INSERT INTO human_appears_in (human_id,episode_id) VALUES ('00000000-0000-0000-0000-000000000202',3);
INSERT INTO human_appears_in (human_id,episode_id) VALUES ('00000000-0000-0000-0000-000000000203',1);
INSERT INTO human_appears_in (human_id,episode_id) VALUES ('00000000-0000-0000-0000-000000000204',2);
INSERT INTO human_appears_in (human_id,episode_id) VALUES ('00000000-0000-0000-0000-000000000205',3);
INSERT INTO human_appears_in (human_id,episode_id) VALUES ('00000000-0000-0000-0000-000000000206',1);
INSERT INTO human_appears_in (human_id,episode_id) VALUES ('00000000-0000-0000-0000-000000000207',2);
INSERT INTO human_appears_in (human_id,episode_id) VALUES ('00000000-0000-0000-0000-000000000208',3);
INSERT INTO human_appears_in (human_id,episode_id) VALUES ('00000000-0000-0000-0000-000000000209',1);
INSERT INTO human_appears_in (human_id,episode_id) VALUES ('00000000-0000-0000-0000-000000000210',2);
INSERT INTO human_appears_in (human_id,episode_id) VALUES ('00000000-0000-0000-0000-000000000211',3);
INSERT INTO human_appears_in (human_id,episode_id) VALUES ('00000000-0000-0000-0000-000000000212',1);
INSERT INTO human_appears_in (human_id,episode_id) VALUES ('00000000-0000-0000-0000-000000000213',1);
INSERT INTO human_appears_in (human_id,episode_id) VALUES ('00000000-0000-0000-0000-000000000214',2);
INSERT INTO human_appears_in (human_id,episode_id) VALUES ('00000000-0000-0000-0000-000000000215',3);
INSERT INTO human_appears_in (human_id,episode_id) VALUES ('00000000-0000-0000-0000-000000000216',1);
INSERT INTO human_appears_in (human_id,episode_id) VALUES ('00000000-0000-0000-0000-000000000217',2);
INSERT INTO human_appears_in (human_id,episode_id) VALUES ('00000000-0000-0000-0000-000000000218',3);
INSERT INTO human_appears_in (human_id,episode_id) VALUES ('00000000-0000-0000-0000-000000000219',1);
INSERT INTO human_appears_in (human_id,episode_id) VALUES ('00000000-0000-0000-0000-000000000220',2);
INSERT INTO human_appears_in (human_id,episode_id) VALUES ('00000000-0000-0000-0000-000000000221',3);
INSERT INTO human_appears_in (human_id,episode_id) VALUES ('00000000-0000-0000-0000-000000000222',1);
INSERT INTO human_appears_in (human_id,episode_id) VALUES ('00000000-0000-0000-0000-000000000223',2);
INSERT INTO human_appears_in (human_id,episode_id) VALUES ('00000000-0000-0000-0000-000000000224',3);
INSERT INTO human_appears_in (human_id,episode_id) VALUES ('00000000-0000-0000-0000-000000000225',1);
INSERT INTO human_appears_in (human_id,episode_id) VALUES ('00000000-0000-0000-0000-000000000226',2);
INSERT INTO human_appears_in (human_id,episode_id) VALUES ('00000000-0000-0000-0000-000000000227',3);
INSERT INTO human_appears_in (human_id,episode_id) VALUES ('00000000-0000-0000-0000-000000000228',1);
INSERT INTO human_appears_in (human_id,episode_id) VALUES ('00000000-0000-0000-0000-000000000229',2);
INSERT INTO human_appears_in (human_id,episode_id) VALUES ('00000000-0000-0000-0000-000000000230',3);
INSERT INTO human_appears_in (human_id,episode_id) VALUES ('00000000-0000-0000-0000-000000000231',1);



INSERT INTO character_friends (character_id, friend_id) VALUES ('00000000-0000-0000-0000-000000000001', '00000000-0000-0000-0000-000000000070');
INSERT INTO character_friends (character_id, friend_id) VALUES ('00000000-0000-0000-0000-000000000001', '00000000-0000-0000-0000-000000000163');
INSERT INTO character_friends (character_id, friend_id) VALUES ('00000000-0000-0000-0000-000000000001', '00000000-0000-0000-0000-000000000185');
INSERT INTO character_friends (character_id, friend_id) VALUES ('00000000-0000-0000-0000-000000000002', '00000000-0000-0000-0000-000000000052');
INSERT INTO character_friends (character_id, friend_id) VALUES ('00000000-0000-0000-0000-000000000002', '00000000-0000-0000-0000-000000000180');
INSERT INTO character_friends (character_id, friend_id) VALUES ('00000000-0000-0000-0000-000000000003', '00000000-0000-0000-0000-000000000179');
INSERT INTO character_friends (character_id, friend_id) VALUES ('00000000-0000-0000-0000-000000000003', '00000000-0000-0000-0000-000000000180');
INSERT INTO character_friends (character_id, friend_id) VALUES ('00000000-0000-0000-0000-000000000004', '00000000-0000-0000-0000-000000000003');
INSERT INTO character_friends (character_id, friend_id) VALUES ('00000000-0000-0000-0000-000000000004', '00000000-0000-0000-0000-000000000093');
INSERT INTO character_friends (character_id, friend_id) VALUES ('00000000-0000-0000-0000-000000000004', '00000000-0000-0000-0000-000000000015');
INSERT INTO character_friends (character_id, friend_id) VALUES ('00000000-0000-0000-0000-000000000005', '00000000-0000-0000-0000-000000000093');
INSERT INTO character_friends (character_id, friend_id) VALUES ('00000000-0000-0000-0000-000000000006', '00000000-0000-0000-0000-000000000067');
INSERT INTO character_friends (character_id, friend_id) VALUES ('00000000-0000-0000-0000-000000000006', '00000000-0000-0000-0000-000000000185');
INSERT INTO character_friends (character_id, friend_id) VALUES ('00000000-0000-0000-0000-000000000006', '00000000-0000-0000-0000-000000000213');
INSERT INTO character_friends (character_id, friend_id) VALUES ('00000000-0000-0000-0000-000000000007', '00000000-0000-0000-0000-000000000059');
INSERT INTO character_friends (character_id, friend_id) VALUES ('00000000-0000-0000-0000-000000000007', '00000000-0000-0000-0000-000000000008');
INSERT INTO character_friends (character_id, friend_id) VALUES ('00000000-0000-0000-0000-000000000007', '00000000-0000-0000-0000-000000000121');
INSERT INTO character_friends (character_id, friend_id) VALUES ('00000000-0000-0000-0000-000000000007', '00000000-0000-0000-0000-000000000179');
INSERT INTO character_friends (character_id, friend_id) VALUES ('00000000-0000-0000-0000-000000000008', '00000000-0000-0000-0000-000000000007');
INSERT INTO character_friends (character_id, friend_id) VALUES ('00000000-0000-0000-0000-000000000008', '00000000-0000-0000-0000-000000000179');
INSERT INTO character_friends (character_id, friend_id) VALUES ('00000000-0000-0000-0000-000000000008', '00000000-0000-0000-0000-000000000180');
INSERT INTO character_friends (character_id, friend_id) VALUES ('00000000-0000-0000-0000-000000000008', '00000000-0000-0000-0000-000000000213');
INSERT INTO character_friends (character_id, friend_id) VALUES ('00000000-0000-0000-0000-000000000010', '00000000-0000-0000-0000-000000000102');
INSERT INTO character_friends (character_id, friend_id) VALUES ('00000000-0000-0000-0000-000000000013', '00000000-0000-0000-0000-000000000070');
INSERT INTO character_friends (character_id, friend_id) VALUES ('00000000-0000-0000-0000-000000000013', '00000000-0000-0000-0000-000000000163');
INSERT INTO character_friends (character_id, friend_id) VALUES ('00000000-0000-0000-0000-000000000013', '00000000-0000-0000-0000-000000000185');
INSERT INTO character_friends (character_id, friend_id) VALUES ('00000000-0000-0000-0000-000000000014', '00000000-0000-0000-0000-000000000185');
INSERT INTO character_friends (character_id, friend_id) VALUES ('00000000-0000-0000-0000-000000000014', '00000000-0000-0000-0000-000000000213');
INSERT INTO character_friends (character_id, friend_id) VALUES ('00000000-0000-0000-0000-000000000014', '00000000-0000-0000-0000-000000000230');
INSERT INTO character_friends (character_id, friend_id) VALUES ('00000000-0000-0000-0000-000000000015', '00000000-0000-0000-0000-000000000179');
INSERT INTO character_friends (character_id, friend_id) VALUES ('00000000-0000-0000-0000-000000000015', '00000000-0000-0000-0000-000000000180');
INSERT INTO character_friends (character_id, friend_id) VALUES ('00000000-0000-0000-0000-000000000016', '00000000-0000-0000-0000-000000000008');
INSERT INTO character_friends (character_id, friend_id) VALUES ('00000000-0000-0000-0000-000000000017', '00000000-0000-0000-0000-000000000003');
INSERT INTO character_friends (character_id, friend_id) VALUES ('00000000-0000-0000-0000-000000000017', '00000000-0000-0000-0000-000000000015');
INSERT INTO character_friends (character_id, friend_id) VALUES ('00000000-0000-0000-0000-000000000017', '00000000-0000-0000-0000-000000000180');
INSERT INTO character_friends (character_id, friend_id) VALUES ('00000000-0000-0000-0000-000000000018', '00000000-0000-0000-0000-000000000093');
INSERT INTO character_friends (character_id, friend_id) VALUES ('00000000-0000-0000-0000-000000000018', '00000000-0000-0000-0000-000000000180');
INSERT INTO character_friends (character_id, friend_id) VALUES ('00000000-0000-0000-0000-000000000019', '00000000-0000-0000-0000-000000000093');
INSERT INTO character_friends (character_id, friend_id) VALUES ('00000000-0000-0000-0000-000000000022', '00000000-0000-0000-0000-000000000075');
INSERT INTO character_friends (character_id, friend_id) VALUES ('00000000-0000-0000-0000-000000000024', '00000000-0000-0000-0000-000000000179');
INSERT INTO character_friends (character_id, friend_id) VALUES ('00000000-0000-0000-0000-000000000026', '00000000-0000-0000-0000-000000000142');
INSERT INTO character_friends (character_id, friend_id) VALUES ('00000000-0000-0000-0000-000000000026', '00000000-0000-0000-0000-000000000213');
INSERT INTO character_friends (character_id, friend_id) VALUES ('00000000-0000-0000-0000-000000000029', '00000000-0000-0000-0000-000000000059');
INSERT INTO character_friends (character_id, friend_id) VALUES ('00000000-0000-0000-0000-000000000029', '00000000-0000-0000-0000-000000000213');
INSERT INTO character_friends (character_id, friend_id) VALUES ('00000000-0000-0000-0000-000000000031', '00000000-0000-0000-0000-000000000008');
INSERT INTO character_friends (character_id, friend_id) VALUES ('00000000-0000-0000-0000-000000000031', '00000000-0000-0000-0000-000000000180');
INSERT INTO character_friends (character_id, friend_id) VALUES ('00000000-0000-0000-0000-000000000032', '00000000-0000-0000-0000-000000000008');
INSERT INTO character_friends (character_id, friend_id) VALUES ('00000000-0000-0000-0000-000000000034', '00000000-0000-0000-0000-000000000179');
INSERT INTO character_friends (character_id, friend_id) VALUES ('00000000-0000-0000-0000-000000000035', '00000000-0000-0000-0000-000000000093');
INSERT INTO character_friends (character_id, friend_id) VALUES ('00000000-0000-0000-0000-000000000035', '00000000-0000-0000-0000-000000000180');
INSERT INTO character_friends (character_id, friend_id) VALUES ('00000000-0000-0000-0000-000000000038', '00000000-0000-0000-0000-000000000007');
INSERT INTO character_friends (character_id, friend_id) VALUES ('00000000-0000-0000-0000-000000000041', '00000000-0000-0000-0000-000000000067');
INSERT INTO character_friends (character_id, friend_id) VALUES ('00000000-0000-0000-0000-000000000041', '00000000-0000-0000-0000-000000000178');
INSERT INTO character_friends (character_id, friend_id) VALUES ('00000000-0000-0000-0000-000000000041', '00000000-0000-0000-0000-000000000185');
INSERT INTO character_friends (character_id, friend_id) VALUES ('00000000-0000-0000-0000-000000000041', '00000000-0000-0000-0000-000000000213');
INSERT INTO character_friends (character_id, friend_id) VALUES ('00000000-0000-0000-0000-000000000044', '00000000-0000-0000-0000-000000000185');
INSERT INTO character_friends (character_id, friend_id) VALUES ('00000000-0000-0000-0000-000000000045', '00000000-0000-0000-0000-000000000094');
INSERT INTO character_friends (character_id, friend_id) VALUES ('00000000-0000-0000-0000-000000000045', '00000000-0000-0000-0000-000000000203');
INSERT INTO character_friends (character_id, friend_id) VALUES ('00000000-0000-0000-0000-000000000046', '00000000-0000-0000-0000-000000000185');
INSERT INTO character_friends (character_id, friend_id) VALUES ('00000000-0000-0000-0000-000000000047', '00000000-0000-0000-0000-000000000180');
INSERT INTO character_friends (character_id, friend_id) VALUES ('00000000-0000-0000-0000-000000000048', '00000000-0000-0000-0000-000000000044');
INSERT INTO character_friends (character_id, friend_id) VALUES ('00000000-0000-0000-0000-000000000049', '00000000-0000-0000-0000-000000000093');
INSERT INTO character_friends (character_id, friend_id) VALUES ('00000000-0000-0000-0000-000000000049', '00000000-0000-0000-0000-000000000180');
INSERT INTO character_friends (character_id, friend_id) VALUES ('00000000-0000-0000-0000-000000000050', '00000000-0000-0000-0000-000000000093');
INSERT INTO character_friends (character_id, friend_id) VALUES ('00000000-0000-0000-0000-000000000050', '00000000-0000-0000-0000-000000000185');
INSERT INTO character_friends (character_id, friend_id) VALUES ('00000000-0000-0000-0000-000000000051', '00000000-0000-0000-0000-000000000046');
INSERT INTO character_friends (character_id, friend_id) VALUES ('00000000-0000-0000-0000-000000000051', '00000000-0000-0000-0000-000000000008');
INSERT INTO character_friends (character_id, friend_id) VALUES ('00000000-0000-0000-0000-000000000051', '00000000-0000-0000-0000-000000000180');
INSERT INTO character_friends (character_id, friend_id) VALUES ('00000000-0000-0000-0000-000000000051', '00000000-0000-0000-0000-000000000185');
INSERT INTO character_friends (character_id, friend_id) VALUES ('00000000-0000-0000-0000-000000000054', '00000000-0000-0000-0000-000000000180');
INSERT INTO character_friends (character_id, friend_id) VALUES ('00000000-0000-0000-0000-000000000058', '00000000-0000-0000-0000-000000000179');
INSERT INTO character_friends (character_id, friend_id) VALUES ('00000000-0000-0000-0000-000000000059', '00000000-0000-0000-0000-000000000007');
INSERT INTO character_friends (character_id, friend_id) VALUES ('00000000-0000-0000-0000-000000000059', '00000000-0000-0000-0000-000000000008');
INSERT INTO character_friends (character_id, friend_id) VALUES ('00000000-0000-0000-0000-000000000059', '00000000-0000-0000-0000-000000000179');
INSERT INTO character_friends (character_id, friend_id) VALUES ('00000000-0000-0000-0000-000000000059', '00000000-0000-0000-0000-000000000228');
INSERT INTO character_friends (character_id, friend_id) VALUES ('00000000-0000-0000-0000-000000000060', '00000000-0000-0000-0000-000000000179');
INSERT INTO character_friends (character_id, friend_id) VALUES ('00000000-0000-0000-0000-000000000060', '00000000-0000-0000-0000-000000000213');
INSERT INTO character_friends (character_id, friend_id) VALUES ('00000000-0000-0000-0000-000000000061', '00000000-0000-0000-0000-000000000180');
INSERT INTO character_friends (character_id, friend_id) VALUES ('00000000-0000-0000-0000-000000000064', '00000000-0000-0000-0000-000000000031');
INSERT INTO character_friends (character_id, friend_id) VALUES ('00000000-0000-0000-0000-000000000064', '00000000-0000-0000-0000-000000000008');
INSERT INTO character_friends (character_id, friend_id) VALUES ('00000000-0000-0000-0000-000000000064', '00000000-0000-0000-0000-000000000180');
INSERT INTO character_friends (character_id, friend_id) VALUES ('00000000-0000-0000-0000-000000000065', '00000000-0000-0000-0000-000000000157');
INSERT INTO character_friends (character_id, friend_id) VALUES ('00000000-0000-0000-0000-000000000067', '00000000-0000-0000-0000-000000000068');
INSERT INTO character_friends (character_id, friend_id) VALUES ('00000000-0000-0000-0000-000000000067', '00000000-0000-0000-0000-000000000093');
INSERT INTO character_friends (character_id, friend_id) VALUES ('00000000-0000-0000-0000-000000000067', '00000000-0000-0000-0000-000000000180');
INSERT INTO character_friends (character_id, friend_id) VALUES ('00000000-0000-0000-0000-000000000067', '00000000-0000-0000-0000-000000000185');
INSERT INTO character_friends (character_id, friend_id) VALUES ('00000000-0000-0000-0000-000000000068', '00000000-0000-0000-0000-000000000059');
INSERT INTO character_friends (character_id, friend_id) VALUES ('00000000-0000-0000-0000-000000000068', '00000000-0000-0000-0000-000000000224');
INSERT INTO character_friends (character_id, friend_id) VALUES ('00000000-0000-0000-0000-000000000070', '00000000-0000-0000-0000-000000000052');
INSERT INTO character_friends (character_id, friend_id) VALUES ('00000000-0000-0000-0000-000000000070', '00000000-0000-0000-0000-000000000163');
INSERT INTO character_friends (character_id, friend_id) VALUES ('00000000-0000-0000-0000-000000000070', '00000000-0000-0000-0000-000000000185');
INSERT INTO character_friends (character_id, friend_id) VALUES ('00000000-0000-0000-0000-000000000072', '00000000-0000-0000-0000-000000000179');
INSERT INTO character_friends (character_id, friend_id) VALUES ('00000000-0000-0000-0000-000000000073', '00000000-0000-0000-0000-000000000093');
INSERT INTO character_friends (character_id, friend_id) VALUES ('00000000-0000-0000-0000-000000000073', '00000000-0000-0000-0000-000000000180');
INSERT INTO character_friends (character_id, friend_id) VALUES ('00000000-0000-0000-0000-000000000074', '00000000-0000-0000-0000-000000000143');
INSERT INTO character_friends (character_id, friend_id) VALUES ('00000000-0000-0000-0000-000000000076', '00000000-0000-0000-0000-000000000003');
INSERT INTO character_friends (character_id, friend_id) VALUES ('00000000-0000-0000-0000-000000000076', '00000000-0000-0000-0000-000000000015');
INSERT INTO character_friends (character_id, friend_id) VALUES ('00000000-0000-0000-0000-000000000077', '00000000-0000-0000-0000-000000000038');
INSERT INTO character_friends (character_id, friend_id) VALUES ('00000000-0000-0000-0000-000000000077', '00000000-0000-0000-0000-000000000007');
INSERT INTO character_friends (character_id, friend_id) VALUES ('00000000-0000-0000-0000-000000000078', '00000000-0000-0000-0000-000000000093');
INSERT INTO character_friends (character_id, friend_id) VALUES ('00000000-0000-0000-0000-000000000078', '00000000-0000-0000-0000-000000000123');
INSERT INTO character_friends (character_id, friend_id) VALUES ('00000000-0000-0000-0000-000000000078', '00000000-0000-0000-0000-000000000161');
INSERT INTO character_friends (character_id, friend_id) VALUES ('00000000-0000-0000-0000-000000000078', '00000000-0000-0000-0000-000000000185');
INSERT INTO character_friends (character_id, friend_id) VALUES ('00000000-0000-0000-0000-000000000079', '00000000-0000-0000-0000-000000000093');
INSERT INTO character_friends (character_id, friend_id) VALUES ('00000000-0000-0000-0000-000000000079', '00000000-0000-0000-0000-000000000179');
INSERT INTO character_friends (character_id, friend_id) VALUES ('00000000-0000-0000-0000-000000000079', '00000000-0000-0000-0000-000000000185');
INSERT INTO character_friends (character_id, friend_id) VALUES ('00000000-0000-0000-0000-000000000080', '00000000-0000-0000-0000-000000000059');
INSERT INTO character_friends (character_id, friend_id) VALUES ('00000000-0000-0000-0000-000000000080', '00000000-0000-0000-0000-000000000008');
INSERT INTO character_friends (character_id, friend_id) VALUES ('00000000-0000-0000-0000-000000000081', '00000000-0000-0000-0000-000000000102');
INSERT INTO character_friends (character_id, friend_id) VALUES ('00000000-0000-0000-0000-000000000082', '00000000-0000-0000-0000-000000000059');
INSERT INTO character_friends (character_id, friend_id) VALUES ('00000000-0000-0000-0000-000000000082', '00000000-0000-0000-0000-000000000213');
INSERT INTO character_friends (character_id, friend_id) VALUES ('00000000-0000-0000-0000-000000000084', '00000000-0000-0000-0000-000000000082');
INSERT INTO character_friends (character_id, friend_id) VALUES ('00000000-0000-0000-0000-000000000084', '00000000-0000-0000-0000-000000000213');
INSERT INTO character_friends (character_id, friend_id) VALUES ('00000000-0000-0000-0000-000000000085', '00000000-0000-0000-0000-000000000059');
INSERT INTO character_friends (character_id, friend_id) VALUES ('00000000-0000-0000-0000-000000000085', '00000000-0000-0000-0000-000000000213');
INSERT INTO character_friends (character_id, friend_id) VALUES ('00000000-0000-0000-0000-000000000088', '00000000-0000-0000-0000-000000000096');
INSERT INTO character_friends (character_id, friend_id) VALUES ('00000000-0000-0000-0000-000000000088', '00000000-0000-0000-0000-000000000213');
INSERT INTO character_friends (character_id, friend_id) VALUES ('00000000-0000-0000-0000-000000000090', '00000000-0000-0000-0000-000000000185');
INSERT INTO character_friends (character_id, friend_id) VALUES ('00000000-0000-0000-0000-000000000091', '00000000-0000-0000-0000-000000000070');
INSERT INTO character_friends (character_id, friend_id) VALUES ('00000000-0000-0000-0000-000000000091', '00000000-0000-0000-0000-000000000102');
INSERT INTO character_friends (character_id, friend_id) VALUES ('00000000-0000-0000-0000-000000000092', '00000000-0000-0000-0000-000000000093');
INSERT INTO character_friends (character_id, friend_id) VALUES ('00000000-0000-0000-0000-000000000092', '00000000-0000-0000-0000-000000000185');
INSERT INTO character_friends (character_id, friend_id) VALUES ('00000000-0000-0000-0000-000000000093', '00000000-0000-0000-0000-000000000180');
INSERT INTO character_friends (character_id, friend_id) VALUES ('00000000-0000-0000-0000-000000000093', '00000000-0000-0000-0000-000000000185');
INSERT INTO character_friends (character_id, friend_id) VALUES ('00000000-0000-0000-0000-000000000094', '00000000-0000-0000-0000-000000000180');
INSERT INTO character_friends (character_id, friend_id) VALUES ('00000000-0000-0000-0000-000000000096', '00000000-0000-0000-0000-000000000043');
INSERT INTO character_friends (character_id, friend_id) VALUES ('00000000-0000-0000-0000-000000000097', '00000000-0000-0000-0000-000000000213');
INSERT INTO character_friends (character_id, friend_id) VALUES ('00000000-0000-0000-0000-000000000098', '00000000-0000-0000-0000-000000000008');
INSERT INTO character_friends (character_id, friend_id) VALUES ('00000000-0000-0000-0000-000000000099', '00000000-0000-0000-0000-000000000179');
INSERT INTO character_friends (character_id, friend_id) VALUES ('00000000-0000-0000-0000-000000000099', '00000000-0000-0000-0000-000000000220');
INSERT INTO character_friends (character_id, friend_id) VALUES ('00000000-0000-0000-0000-000000000100', '00000000-0000-0000-0000-000000000213');
INSERT INTO character_friends (character_id, friend_id) VALUES ('00000000-0000-0000-0000-000000000102', '00000000-0000-0000-0000-000000000070');
INSERT INTO character_friends (character_id, friend_id) VALUES ('00000000-0000-0000-0000-000000000102', '00000000-0000-0000-0000-000000000163');
INSERT INTO character_friends (character_id, friend_id) VALUES ('00000000-0000-0000-0000-000000000102', '00000000-0000-0000-0000-000000000180');
INSERT INTO character_friends (character_id, friend_id) VALUES ('00000000-0000-0000-0000-000000000102', '00000000-0000-0000-0000-000000000185');
INSERT INTO character_friends (character_id, friend_id) VALUES ('00000000-0000-0000-0000-000000000106', '00000000-0000-0000-0000-000000000143');
INSERT INTO character_friends (character_id, friend_id) VALUES ('00000000-0000-0000-0000-000000000106', '00000000-0000-0000-0000-000000000180');
INSERT INTO character_friends (character_id, friend_id) VALUES ('00000000-0000-0000-0000-000000000110', '00000000-0000-0000-0000-000000000046');
INSERT INTO character_friends (character_id, friend_id) VALUES ('00000000-0000-0000-0000-000000000110', '00000000-0000-0000-0000-000000000008');
INSERT INTO character_friends (character_id, friend_id) VALUES ('00000000-0000-0000-0000-000000000110', '00000000-0000-0000-0000-000000000180');
INSERT INTO character_friends (character_id, friend_id) VALUES ('00000000-0000-0000-0000-000000000110', '00000000-0000-0000-0000-000000000185');
INSERT INTO character_friends (character_id, friend_id) VALUES ('00000000-0000-0000-0000-000000000112', '00000000-0000-0000-0000-000000000008');
INSERT INTO character_friends (character_id, friend_id) VALUES ('00000000-0000-0000-0000-000000000112', '00000000-0000-0000-0000-000000000179');
INSERT INTO character_friends (character_id, friend_id) VALUES ('00000000-0000-0000-0000-000000000112', '00000000-0000-0000-0000-000000000180');
INSERT INTO character_friends (character_id, friend_id) VALUES ('00000000-0000-0000-0000-000000000113', '00000000-0000-0000-0000-000000000179');
INSERT INTO character_friends (character_id, friend_id) VALUES ('00000000-0000-0000-0000-000000000114', '00000000-0000-0000-0000-000000000070');
INSERT INTO character_friends (character_id, friend_id) VALUES ('00000000-0000-0000-0000-000000000114', '00000000-0000-0000-0000-000000000163');
INSERT INTO character_friends (character_id, friend_id) VALUES ('00000000-0000-0000-0000-000000000114', '00000000-0000-0000-0000-000000000185');
INSERT INTO character_friends (character_id, friend_id) VALUES ('00000000-0000-0000-0000-000000000116', '00000000-0000-0000-0000-000000000044');
INSERT INTO character_friends (character_id, friend_id) VALUES ('00000000-0000-0000-0000-000000000116', '00000000-0000-0000-0000-000000000143');
INSERT INTO character_friends (character_id, friend_id) VALUES ('00000000-0000-0000-0000-000000000117', '00000000-0000-0000-0000-000000000185');
INSERT INTO character_friends (character_id, friend_id) VALUES ('00000000-0000-0000-0000-000000000119', '00000000-0000-0000-0000-000000000059');
INSERT INTO character_friends (character_id, friend_id) VALUES ('00000000-0000-0000-0000-000000000119', '00000000-0000-0000-0000-000000000213');
INSERT INTO character_friends (character_id, friend_id) VALUES ('00000000-0000-0000-0000-000000000120', '00000000-0000-0000-0000-000000000093');
INSERT INTO character_friends (character_id, friend_id) VALUES ('00000000-0000-0000-0000-000000000120', '00000000-0000-0000-0000-000000000180');
INSERT INTO character_friends (character_id, friend_id) VALUES ('00000000-0000-0000-0000-000000000121', '00000000-0000-0000-0000-000000000007');
INSERT INTO character_friends (character_id, friend_id) VALUES ('00000000-0000-0000-0000-000000000121', '00000000-0000-0000-0000-000000000008');
INSERT INTO character_friends (character_id, friend_id) VALUES ('00000000-0000-0000-0000-000000000122', '00000000-0000-0000-0000-000000000093');
INSERT INTO character_friends (character_id, friend_id) VALUES ('00000000-0000-0000-0000-000000000122', '00000000-0000-0000-0000-000000000161');
INSERT INTO character_friends (character_id, friend_id) VALUES ('00000000-0000-0000-0000-000000000122', '00000000-0000-0000-0000-000000000185');
INSERT INTO character_friends (character_id, friend_id) VALUES ('00000000-0000-0000-0000-000000000123', '00000000-0000-0000-0000-000000000067');
INSERT INTO character_friends (character_id, friend_id) VALUES ('00000000-0000-0000-0000-000000000123', '00000000-0000-0000-0000-000000000093');
INSERT INTO character_friends (character_id, friend_id) VALUES ('00000000-0000-0000-0000-000000000123', '00000000-0000-0000-0000-000000000161');
INSERT INTO character_friends (character_id, friend_id) VALUES ('00000000-0000-0000-0000-000000000123', '00000000-0000-0000-0000-000000000185');
INSERT INTO character_friends (character_id, friend_id) VALUES ('00000000-0000-0000-0000-000000000124', '00000000-0000-0000-0000-000000000008');
INSERT INTO character_friends (character_id, friend_id) VALUES ('00000000-0000-0000-0000-000000000125', '00000000-0000-0000-0000-000000000052');
INSERT INTO character_friends (character_id, friend_id) VALUES ('00000000-0000-0000-0000-000000000125', '00000000-0000-0000-0000-000000000070');
INSERT INTO character_friends (character_id, friend_id) VALUES ('00000000-0000-0000-0000-000000000125', '00000000-0000-0000-0000-000000000162');
INSERT INTO character_friends (character_id, friend_id) VALUES ('00000000-0000-0000-0000-000000000126', '00000000-0000-0000-0000-000000000093');
INSERT INTO character_friends (character_id, friend_id) VALUES ('00000000-0000-0000-0000-000000000126', '00000000-0000-0000-0000-000000000180');
INSERT INTO character_friends (character_id, friend_id) VALUES ('00000000-0000-0000-0000-000000000126', '00000000-0000-0000-0000-000000000185');
INSERT INTO character_friends (character_id, friend_id) VALUES ('00000000-0000-0000-0000-000000000129', '00000000-0000-0000-0000-000000000213');
INSERT INTO character_friends (character_id, friend_id) VALUES ('00000000-0000-0000-0000-000000000130', '00000000-0000-0000-0000-000000000180');
INSERT INTO character_friends (character_id, friend_id) VALUES ('00000000-0000-0000-0000-000000000130', '00000000-0000-0000-0000-000000000185');
INSERT INTO character_friends (character_id, friend_id) VALUES ('00000000-0000-0000-0000-000000000133', '00000000-0000-0000-0000-000000000213');
INSERT INTO character_friends (character_id, friend_id) VALUES ('00000000-0000-0000-0000-000000000134', '00000000-0000-0000-0000-000000000002');
INSERT INTO character_friends (character_id, friend_id) VALUES ('00000000-0000-0000-0000-000000000134', '00000000-0000-0000-0000-000000000102');
INSERT INTO character_friends (character_id, friend_id) VALUES ('00000000-0000-0000-0000-000000000135', '00000000-0000-0000-0000-000000000213');
INSERT INTO character_friends (character_id, friend_id) VALUES ('00000000-0000-0000-0000-000000000136', '00000000-0000-0000-0000-000000000137');
INSERT INTO character_friends (character_id, friend_id) VALUES ('00000000-0000-0000-0000-000000000137', '00000000-0000-0000-0000-000000000044');
INSERT INTO character_friends (character_id, friend_id) VALUES ('00000000-0000-0000-0000-000000000138', '00000000-0000-0000-0000-000000000008');
INSERT INTO character_friends (character_id, friend_id) VALUES ('00000000-0000-0000-0000-000000000138', '00000000-0000-0000-0000-000000000179');
INSERT INTO character_friends (character_id, friend_id) VALUES ('00000000-0000-0000-0000-000000000138', '00000000-0000-0000-0000-000000000212');
INSERT INTO character_friends (character_id, friend_id) VALUES ('00000000-0000-0000-0000-000000000139', '00000000-0000-0000-0000-000000000007');
INSERT INTO character_friends (character_id, friend_id) VALUES ('00000000-0000-0000-0000-000000000139', '00000000-0000-0000-0000-000000000008');
INSERT INTO character_friends (character_id, friend_id) VALUES ('00000000-0000-0000-0000-000000000140', '00000000-0000-0000-0000-000000000073');
INSERT INTO character_friends (character_id, friend_id) VALUES ('00000000-0000-0000-0000-000000000140', '00000000-0000-0000-0000-000000000093');
INSERT INTO character_friends (character_id, friend_id) VALUES ('00000000-0000-0000-0000-000000000140', '00000000-0000-0000-0000-000000000185');
INSERT INTO character_friends (character_id, friend_id) VALUES ('00000000-0000-0000-0000-000000000143', '00000000-0000-0000-0000-000000000179');
INSERT INTO character_friends (character_id, friend_id) VALUES ('00000000-0000-0000-0000-000000000143', '00000000-0000-0000-0000-000000000180');
INSERT INTO character_friends (character_id, friend_id) VALUES ('00000000-0000-0000-0000-000000000143', '00000000-0000-0000-0000-000000000185');
INSERT INTO character_friends (character_id, friend_id) VALUES ('00000000-0000-0000-0000-000000000144', '00000000-0000-0000-0000-000000000213');
INSERT INTO character_friends (character_id, friend_id) VALUES ('00000000-0000-0000-0000-000000000145', '00000000-0000-0000-0000-000000000059');
INSERT INTO character_friends (character_id, friend_id) VALUES ('00000000-0000-0000-0000-000000000145', '00000000-0000-0000-0000-000000000213');
INSERT INTO character_friends (character_id, friend_id) VALUES ('00000000-0000-0000-0000-000000000147', '00000000-0000-0000-0000-000000000179');
INSERT INTO character_friends (character_id, friend_id) VALUES ('00000000-0000-0000-0000-000000000150', '00000000-0000-0000-0000-000000000203');
INSERT INTO character_friends (character_id, friend_id) VALUES ('00000000-0000-0000-0000-000000000151', '00000000-0000-0000-0000-000000000089');
INSERT INTO character_friends (character_id, friend_id) VALUES ('00000000-0000-0000-0000-000000000152', '00000000-0000-0000-0000-000000000070');
INSERT INTO character_friends (character_id, friend_id) VALUES ('00000000-0000-0000-0000-000000000154', '00000000-0000-0000-0000-000000000213');
INSERT INTO character_friends (character_id, friend_id) VALUES ('00000000-0000-0000-0000-000000000156', '00000000-0000-0000-0000-000000000070');
INSERT INTO character_friends (character_id, friend_id) VALUES ('00000000-0000-0000-0000-000000000156', '00000000-0000-0000-0000-000000000163');
INSERT INTO character_friends (character_id, friend_id) VALUES ('00000000-0000-0000-0000-000000000157', '00000000-0000-0000-0000-000000000059');
INSERT INTO character_friends (character_id, friend_id) VALUES ('00000000-0000-0000-0000-000000000157', '00000000-0000-0000-0000-000000000213');
INSERT INTO character_friends (character_id, friend_id) VALUES ('00000000-0000-0000-0000-000000000160', '00000000-0000-0000-0000-000000000093');
INSERT INTO character_friends (character_id, friend_id) VALUES ('00000000-0000-0000-0000-000000000160', '00000000-0000-0000-0000-000000000161');
INSERT INTO character_friends (character_id, friend_id) VALUES ('00000000-0000-0000-0000-000000000160', '00000000-0000-0000-0000-000000000185');
INSERT INTO character_friends (character_id, friend_id) VALUES ('00000000-0000-0000-0000-000000000161', '00000000-0000-0000-0000-000000000093');
INSERT INTO character_friends (character_id, friend_id) VALUES ('00000000-0000-0000-0000-000000000162', '00000000-0000-0000-0000-000000000180');
INSERT INTO character_friends (character_id, friend_id) VALUES ('00000000-0000-0000-0000-000000000162', '00000000-0000-0000-0000-000000000185');
INSERT INTO character_friends (character_id, friend_id) VALUES ('00000000-0000-0000-0000-000000000163', '00000000-0000-0000-0000-000000000070');
INSERT INTO character_friends (character_id, friend_id) VALUES ('00000000-0000-0000-0000-000000000164', '00000000-0000-0000-0000-000000000068');
INSERT INTO character_friends (character_id, friend_id) VALUES ('00000000-0000-0000-0000-000000000164', '00000000-0000-0000-0000-000000000179');
INSERT INTO character_friends (character_id, friend_id) VALUES ('00000000-0000-0000-0000-000000000164', '00000000-0000-0000-0000-000000000193');
INSERT INTO character_friends (character_id, friend_id) VALUES ('00000000-0000-0000-0000-000000000165', '00000000-0000-0000-0000-000000000093');
INSERT INTO character_friends (character_id, friend_id) VALUES ('00000000-0000-0000-0000-000000000165', '00000000-0000-0000-0000-000000000180');
INSERT INTO character_friends (character_id, friend_id) VALUES ('00000000-0000-0000-0000-000000000165', '00000000-0000-0000-0000-000000000185');
INSERT INTO character_friends (character_id, friend_id) VALUES ('00000000-0000-0000-0000-000000000165', '00000000-0000-0000-0000-000000000213');
INSERT INTO character_friends (character_id, friend_id) VALUES ('00000000-0000-0000-0000-000000000167', '00000000-0000-0000-0000-000000000179');
INSERT INTO character_friends (character_id, friend_id) VALUES ('00000000-0000-0000-0000-000000000169', '00000000-0000-0000-0000-000000000008');
INSERT INTO character_friends (character_id, friend_id) VALUES ('00000000-0000-0000-0000-000000000170', '00000000-0000-0000-0000-000000000052');
INSERT INTO character_friends (character_id, friend_id) VALUES ('00000000-0000-0000-0000-000000000170', '00000000-0000-0000-0000-000000000180');
INSERT INTO character_friends (character_id, friend_id) VALUES ('00000000-0000-0000-0000-000000000171', '00000000-0000-0000-0000-000000000067');
INSERT INTO character_friends (character_id, friend_id) VALUES ('00000000-0000-0000-0000-000000000171', '00000000-0000-0000-0000-000000000093');
INSERT INTO character_friends (character_id, friend_id) VALUES ('00000000-0000-0000-0000-000000000171', '00000000-0000-0000-0000-000000000123');
INSERT INTO character_friends (character_id, friend_id) VALUES ('00000000-0000-0000-0000-000000000171', '00000000-0000-0000-0000-000000000161');
INSERT INTO character_friends (character_id, friend_id) VALUES ('00000000-0000-0000-0000-000000000171', '00000000-0000-0000-0000-000000000185');
INSERT INTO character_friends (character_id, friend_id) VALUES ('00000000-0000-0000-0000-000000000173', '00000000-0000-0000-0000-000000000179');
INSERT INTO character_friends (character_id, friend_id) VALUES ('00000000-0000-0000-0000-000000000178', '00000000-0000-0000-0000-000000000067');
INSERT INTO character_friends (character_id, friend_id) VALUES ('00000000-0000-0000-0000-000000000178', '00000000-0000-0000-0000-000000000179');
INSERT INTO character_friends (character_id, friend_id) VALUES ('00000000-0000-0000-0000-000000000179', '00000000-0000-0000-0000-000000000008');
INSERT INTO character_friends (character_id, friend_id) VALUES ('00000000-0000-0000-0000-000000000179', '00000000-0000-0000-0000-000000000213');
INSERT INTO character_friends (character_id, friend_id) VALUES ('00000000-0000-0000-0000-000000000180', '00000000-0000-0000-0000-000000000094');
INSERT INTO character_friends (character_id, friend_id) VALUES ('00000000-0000-0000-0000-000000000180', '00000000-0000-0000-0000-000000000179');
INSERT INTO character_friends (character_id, friend_id) VALUES ('00000000-0000-0000-0000-000000000181', '00000000-0000-0000-0000-000000000007');
INSERT INTO character_friends (character_id, friend_id) VALUES ('00000000-0000-0000-0000-000000000181', '00000000-0000-0000-0000-000000000113');
INSERT INTO character_friends (character_id, friend_id) VALUES ('00000000-0000-0000-0000-000000000181', '00000000-0000-0000-0000-000000000220');
INSERT INTO character_friends (character_id, friend_id) VALUES ('00000000-0000-0000-0000-000000000182', '00000000-0000-0000-0000-000000000008');
INSERT INTO character_friends (character_id, friend_id) VALUES ('00000000-0000-0000-0000-000000000183', '00000000-0000-0000-0000-000000000078');
INSERT INTO character_friends (character_id, friend_id) VALUES ('00000000-0000-0000-0000-000000000183', '00000000-0000-0000-0000-000000000093');
INSERT INTO character_friends (character_id, friend_id) VALUES ('00000000-0000-0000-0000-000000000184', '00000000-0000-0000-0000-000000000180');
INSERT INTO character_friends (character_id, friend_id) VALUES ('00000000-0000-0000-0000-000000000184', '00000000-0000-0000-0000-000000000185');
INSERT INTO character_friends (character_id, friend_id) VALUES ('00000000-0000-0000-0000-000000000185', '00000000-0000-0000-0000-000000000093');
INSERT INTO character_friends (character_id, friend_id) VALUES ('00000000-0000-0000-0000-000000000185', '00000000-0000-0000-0000-000000000180');
INSERT INTO character_friends (character_id, friend_id) VALUES ('00000000-0000-0000-0000-000000000186', '00000000-0000-0000-0000-000000000180');
INSERT INTO character_friends (character_id, friend_id) VALUES ('00000000-0000-0000-0000-000000000186', '00000000-0000-0000-0000-000000000185');
INSERT INTO character_friends (character_id, friend_id) VALUES ('00000000-0000-0000-0000-000000000187', '00000000-0000-0000-0000-000000000180');
INSERT INTO character_friends (character_id, friend_id) VALUES ('00000000-0000-0000-0000-000000000189', '00000000-0000-0000-0000-000000000008');
INSERT INTO character_friends (character_id, friend_id) VALUES ('00000000-0000-0000-0000-000000000190', '00000000-0000-0000-0000-000000000213');
INSERT INTO character_friends (character_id, friend_id) VALUES ('00000000-0000-0000-0000-000000000192', '00000000-0000-0000-0000-000000000059');
INSERT INTO character_friends (character_id, friend_id) VALUES ('00000000-0000-0000-0000-000000000192', '00000000-0000-0000-0000-000000000213');
INSERT INTO character_friends (character_id, friend_id) VALUES ('00000000-0000-0000-0000-000000000193', '00000000-0000-0000-0000-000000000179');
INSERT INTO character_friends (character_id, friend_id) VALUES ('00000000-0000-0000-0000-000000000194', '00000000-0000-0000-0000-000000000046');
INSERT INTO character_friends (character_id, friend_id) VALUES ('00000000-0000-0000-0000-000000000194', '00000000-0000-0000-0000-000000000228');
INSERT INTO character_friends (character_id, friend_id) VALUES ('00000000-0000-0000-0000-000000000199', '00000000-0000-0000-0000-000000000131');
INSERT INTO character_friends (character_id, friend_id) VALUES ('00000000-0000-0000-0000-000000000200', '00000000-0000-0000-0000-000000000027');
INSERT INTO character_friends (character_id, friend_id) VALUES ('00000000-0000-0000-0000-000000000201', '00000000-0000-0000-0000-000000000093');
INSERT INTO character_friends (character_id, friend_id) VALUES ('00000000-0000-0000-0000-000000000201', '00000000-0000-0000-0000-000000000180');
INSERT INTO character_friends (character_id, friend_id) VALUES ('00000000-0000-0000-0000-000000000202', '00000000-0000-0000-0000-000000000185');
INSERT INTO character_friends (character_id, friend_id) VALUES ('00000000-0000-0000-0000-000000000206', '00000000-0000-0000-0000-000000000059');
INSERT INTO character_friends (character_id, friend_id) VALUES ('00000000-0000-0000-0000-000000000206', '00000000-0000-0000-0000-000000000213');
INSERT INTO character_friends (character_id, friend_id) VALUES ('00000000-0000-0000-0000-000000000208', '00000000-0000-0000-0000-000000000068');
INSERT INTO character_friends (character_id, friend_id) VALUES ('00000000-0000-0000-0000-000000000209', '00000000-0000-0000-0000-000000000102');
INSERT INTO character_friends (character_id, friend_id) VALUES ('00000000-0000-0000-0000-000000000211', '00000000-0000-0000-0000-000000000008');
INSERT INTO character_friends (character_id, friend_id) VALUES ('00000000-0000-0000-0000-000000000212', '00000000-0000-0000-0000-000000000008');
INSERT INTO character_friends (character_id, friend_id) VALUES ('00000000-0000-0000-0000-000000000212', '00000000-0000-0000-0000-000000000138');
INSERT INTO character_friends (character_id, friend_id) VALUES ('00000000-0000-0000-0000-000000000212', '00000000-0000-0000-0000-000000000179');
INSERT INTO character_friends (character_id, friend_id) VALUES ('00000000-0000-0000-0000-000000000213', '00000000-0000-0000-0000-000000000179');
INSERT INTO character_friends (character_id, friend_id) VALUES ('00000000-0000-0000-0000-000000000213', '00000000-0000-0000-0000-000000000180');
INSERT INTO character_friends (character_id, friend_id) VALUES ('00000000-0000-0000-0000-000000000215', '00000000-0000-0000-0000-000000000213');
INSERT INTO character_friends (character_id, friend_id) VALUES ('00000000-0000-0000-0000-000000000216', '00000000-0000-0000-0000-000000000180');
INSERT INTO character_friends (character_id, friend_id) VALUES ('00000000-0000-0000-0000-000000000216', '00000000-0000-0000-0000-000000000184');
INSERT INTO character_friends (character_id, friend_id) VALUES ('00000000-0000-0000-0000-000000000217', '00000000-0000-0000-0000-000000000059');
INSERT INTO character_friends (character_id, friend_id) VALUES ('00000000-0000-0000-0000-000000000218', '00000000-0000-0000-0000-000000000179');
INSERT INTO character_friends (character_id, friend_id) VALUES ('00000000-0000-0000-0000-000000000220', '00000000-0000-0000-0000-000000000007');
INSERT INTO character_friends (character_id, friend_id) VALUES ('00000000-0000-0000-0000-000000000220', '00000000-0000-0000-0000-000000000181');
INSERT INTO character_friends (character_id, friend_id) VALUES ('00000000-0000-0000-0000-000000000221', '00000000-0000-0000-0000-000000000008');
INSERT INTO character_friends (character_id, friend_id) VALUES ('00000000-0000-0000-0000-000000000221', '00000000-0000-0000-0000-000000000189');
INSERT INTO character_friends (character_id, friend_id) VALUES ('00000000-0000-0000-0000-000000000222', '00000000-0000-0000-0000-000000000068');
INSERT INTO character_friends (character_id, friend_id) VALUES ('00000000-0000-0000-0000-000000000222', '00000000-0000-0000-0000-000000000008');
INSERT INTO character_friends (character_id, friend_id) VALUES ('00000000-0000-0000-0000-000000000222', '00000000-0000-0000-0000-000000000179');
INSERT INTO character_friends (character_id, friend_id) VALUES ('00000000-0000-0000-0000-000000000226', '00000000-0000-0000-0000-000000000213');
INSERT INTO character_friends (character_id, friend_id) VALUES ('00000000-0000-0000-0000-000000000227', '00000000-0000-0000-0000-000000000008');
INSERT INTO character_friends (character_id, friend_id) VALUES ('00000000-0000-0000-0000-000000000227', '00000000-0000-0000-0000-000000000179');
INSERT INTO character_friends (character_id, friend_id) VALUES ('00000000-0000-0000-0000-000000000228', '00000000-0000-0000-0000-000000000059');
INSERT INTO character_friends (character_id, friend_id) VALUES ('00000000-0000-0000-0000-000000000228', '00000000-0000-0000-0000-000000000180');
INSERT INTO character_friends (character_id, friend_id) VALUES ('00000000-0000-0000-0000-000000000229', '00000000-0000-0000-0000-000000000089');
INSERT INTO character_friends (character_id, friend_id) VALUES ('00000000-0000-0000-0000-000000000229', '00000000-0000-0000-0000-000000000185');
INSERT INTO character_friends (character_id, friend_id) VALUES ('00000000-0000-0000-0000-000000000230', '00000000-0000-0000-0000-000000000185');
INSERT INTO character_friends (character_id, friend_id) VALUES ('00000000-0000-0000-0000-000000000230', '00000000-0000-0000-0000-000000000213');




commit;
