insert into member (id, name, alias, email, type) values (1, 'Name 1', null, 'name.1@graphql-java.com', 'ADMIN'); 
insert into member (id, name, alias, email, type) values (2, 'Name 2', 'Alias of Name 2', 'name.2@graphql-java.com', 'MODERATOR'); 
insert into member (id, name, alias, email, type) values (3, 'Name 3', null, 'name.3@graphql-java.com', 'STANDARD'); 
insert into member (id, name, alias, email, type) values (4, 'Name 4', 'Alias of Name 4', 'name.4@graphql-java.com', 'ADMIN'); 
insert into member (id, name, alias, email, type) values (5, 'Name 5', null, 'name.5@graphql-java.com', 'MODERATOR'); 
insert into member (id, name, alias, email, type) values (6, 'Name 6', 'Alias of Name 6', 'name.6@graphql-java.com', 'STANDARD'); 
insert into member (id, name, alias, email, type) values (7, 'Name 7', null, 'name.7@graphql-java.com', 'ADMIN'); 
insert into member (id, name, alias, email, type) values (8, 'Name 8', 'Alias of Name 8', 'name.8@graphql-java.com', 'MODERATOR'); 
insert into member (id, name, alias, email, type) values (9, 'Name 9', null, 'name.9@graphql-java.com', 'STANDARD'); 
insert into member (id, name, alias, email, type) values (10, 'Name 10', 'Alias of Name 10', 'name.10@graphql-java.com', 'ADMIN'); 
insert into member (id, name, alias, email, type) values (11, 'Name 11', null, 'name.11@graphql-java.com', 'MODERATOR'); 
insert into member (id, name, alias, email, type) values (12, 'Name 12', 'Alias of Name 12', 'name.12@graphql-java.com', 'STANDARD'); 
insert into member (id, name, alias, email, type) values (13, 'Name 13', null, 'name.13@graphql-java.com', 'ADMIN'); 
insert into member (id, name, alias, email, type) values (14, 'Name 14', 'Alias of Name 14', 'name.14@graphql-java.com', 'MODERATOR'); 
insert into member (id, name, alias, email, type) values (15, 'Name 15', null, 'name.15@graphql-java.com', 'STANDARD'); 
insert into member (id, name, alias, email, type) values (16, 'Name 16', 'Alias of Name 16', 'name.16@graphql-java.com', 'ADMIN'); 
insert into member (id, name, alias, email, type) values (17, 'Name 17', null, 'name.17@graphql-java.com', 'MODERATOR'); 
insert into member (id, name, alias, email, type) values (18, 'Name 18', 'Alias of Name 18', 'name.18@graphql-java.com', 'STANDARD'); 
insert into member (id, name, alias, email, type) values (19, 'Name 19', null, 'name.19@graphql-java.com', 'ADMIN'); 
insert into member (id, name, alias, email, type) values (20, 'Name 20', 'Alias of Name 20', 'name.20@graphql-java.com', 'MODERATOR'); 
insert into member (id, name, alias, email, type) values (21, 'Name 21', null, 'name.21@graphql-java.com', 'STANDARD'); 
insert into member (id, name, alias, email, type) values (22, 'Name 22', 'Alias of Name 22', 'name.22@graphql-java.com', 'ADMIN'); 
insert into member (id, name, alias, email, type) values (23, 'Name 23', null, 'name.23@graphql-java.com', 'MODERATOR'); 
insert into member (id, name, alias, email, type) values (24, 'Name 24', 'Alias of Name 24', 'name.24@graphql-java.com', 'STANDARD'); 
insert into member (id, name, alias, email, type) values (25, 'Name 25', null, 'name.25@graphql-java.com', 'ADMIN'); 
insert into member (id, name, alias, email, type) values (26, 'Name 26', 'Alias of Name 26', 'name.26@graphql-java.com', 'MODERATOR'); 
insert into member (id, name, alias, email, type) values (27, 'Name 27', null, 'name.27@graphql-java.com', 'STANDARD'); 
insert into member (id, name, alias, email, type) values (28, 'Name 28', 'Alias of Name 28', 'name.28@graphql-java.com', 'ADMIN'); 
insert into member (id, name, alias, email, type) values (29, 'Name 29', null, 'name.29@graphql-java.com', 'MODERATOR'); 
insert into member (id, name, alias, email, type) values (30, 'Name 30', 'Alias of Name 30', 'name.30@graphql-java.com', 'STANDARD'); 
insert into member (id, name, alias, email, type) values (31, 'Name 31', null, 'name.31@graphql-java.com', 'ADMIN'); 
insert into member (id, name, alias, email, type) values (32, 'Name 32', 'Alias of Name 32', 'name.32@graphql-java.com', 'MODERATOR'); 
insert into member (id, name, alias, email, type) values (33, 'Name 33', null, 'name.33@graphql-java.com', 'STANDARD'); 
insert into member (id, name, alias, email, type) values (34, 'Name 34', 'Alias of Name 34', 'name.34@graphql-java.com', 'ADMIN'); 
insert into member (id, name, alias, email, type) values (35, 'Name 35', null, 'name.35@graphql-java.com', 'MODERATOR'); 
insert into member (id, name, alias, email, type) values (36, 'Name 36', 'Alias of Name 36', 'name.36@graphql-java.com', 'STANDARD'); 
insert into member (id, name, alias, email, type) values (37, 'Name 37', null, 'name.37@graphql-java.com', 'ADMIN'); 
insert into member (id, name, alias, email, type) values (38, 'Name 38', 'Alias of Name 38', 'name.38@graphql-java.com', 'MODERATOR'); 
insert into member (id, name, alias, email, type) values (39, 'Name 39', null, 'name.39@graphql-java.com', 'STANDARD'); 
insert into member (id, name, alias, email, type) values (40, 'Name 40', 'Alias of Name 40', 'name.40@graphql-java.com', 'ADMIN'); 
insert into member (id, name, alias, email, type) values (41, 'Name 41', null, 'name.41@graphql-java.com', 'MODERATOR'); 
insert into member (id, name, alias, email, type) values (42, 'Name 42', 'Alias of Name 42', 'name.42@graphql-java.com', 'STANDARD'); 
insert into member (id, name, alias, email, type) values (43, 'Name 43', null, 'name.43@graphql-java.com', 'ADMIN'); 
insert into member (id, name, alias, email, type) values (44, 'Name 44', 'Alias of Name 44', 'name.44@graphql-java.com', 'MODERATOR'); 
insert into board (id, name, publicly_available) values (1, 'Board name 1', true);
insert into board (id, name, publicly_available) values (2, 'Board name 2', false);
insert into board (id, name, publicly_available) values (3, 'Board name 3', true);
insert into board (id, name, publicly_available) values (4, 'Board name 4', true);
insert into board (id, name, publicly_available) values (5, 'Board name 5', false);
insert into board (id, name, publicly_available) values (6, 'Board name 6', true);
insert into board (id, name, publicly_available) values (7, 'Board name 7', true);
insert into board (id, name, publicly_available) values (8, 'Board name 8', false);
insert into board (id, name, publicly_available) values (9, 'Board name 9', true);
insert into board (id, name, publicly_available) values (10, 'Board name 10', true);
insert into topic (id, board_id, date, author_id, publicly_available, nb_posts, title, content) values (1, 1, '2018-12-30 12:56:10', 1, true, 1, 'The title of <1>', 'The content of the topic <1>');
insert into topic (id, board_id, date, author_id, publicly_available, nb_posts, title, content) values (2, 2, '2018-12-29 13:57:10', 2, true, 2, 'The title of <2>', 'The content of the topic <2>');
insert into topic (id, board_id, date, author_id, publicly_available, nb_posts, title, content) values (3, 3, '2018-12-28 14:58:10', 3, true, 3, 'The title of <3>', 'The content of the topic <3>');
insert into topic (id, board_id, date, author_id, publicly_available, nb_posts, title, content) values (4, 4, '2018-12-27 15:59:10', 4, true, 4, 'The title of <4>', 'The content of the topic <4>');
insert into topic (id, board_id, date, author_id, publicly_available, nb_posts, title, content) values (5, 5, '2018-12-26 17:00:10', 5, true, 5, 'The title of <5>', 'The content of the topic <5>');
insert into topic (id, board_id, date, author_id, publicly_available, nb_posts, title, content) values (6, 6, '2018-12-25 18:01:10', 6, true, 6, 'The title of <6>', 'The content of the topic <6>');
insert into topic (id, board_id, date, author_id, publicly_available, nb_posts, title, content) values (7, 7, '2018-12-24 19:02:10', 7, true, 7, 'The title of <7>', 'The content of the topic <7>');
insert into topic (id, board_id, date, author_id, publicly_available, nb_posts, title, content) values (8, 8, '2018-12-23 20:03:10', 8, true, 8, 'The title of <8>', 'The content of the topic <8>');
insert into topic (id, board_id, date, author_id, publicly_available, nb_posts, title, content) values (9, 9, '2018-12-22 21:04:10', 9, false, 9, 'The title of <9>', 'The content of the topic <9>');
insert into topic (id, board_id, date, author_id, publicly_available, nb_posts, title, content) values (10, 10, '2018-12-21 22:05:10', 10, true, 10, 'The title of <10>', 'The content of the topic <10>');
insert into topic (id, board_id, date, author_id, publicly_available, nb_posts, title, content) values (11, 1, '2018-12-20 23:06:10', 11, true, 11, 'The title of <11>', 'The content of the topic <11>');
insert into topic (id, board_id, date, author_id, publicly_available, nb_posts, title, content) values (12, 2, '2018-12-20 00:07:10', 12, true, 12, 'The title of <12>', 'The content of the topic <12>');
insert into topic (id, board_id, date, author_id, publicly_available, nb_posts, title, content) values (13, 3, '2018-12-19 01:08:10', 13, true, 13, 'The title of <13>', 'The content of the topic <13>');
insert into topic (id, board_id, date, author_id, publicly_available, nb_posts, title, content) values (14, 4, '2018-12-18 02:09:10', 14, true, 14, 'The title of <14>', 'The content of the topic <14>');
insert into topic (id, board_id, date, author_id, publicly_available, nb_posts, title, content) values (15, 5, '2018-12-17 02:10:10', 15, true, 15, 'The title of <15>', 'The content of the topic <15>');
insert into topic (id, board_id, date, author_id, publicly_available, nb_posts, title, content) values (16, 6, '2018-12-16 03:11:10', 16, true, 16, 'The title of <16>', 'The content of the topic <16>');
insert into topic (id, board_id, date, author_id, publicly_available, nb_posts, title, content) values (17, 7, '2018-12-15 04:12:10', 17, true, 17, 'The title of <17>', 'The content of the topic <17>');
insert into topic (id, board_id, date, author_id, publicly_available, nb_posts, title, content) values (18, 8, '2018-12-14 05:13:10', 18, true, 18, 'The title of <18>', 'The content of the topic <18>');
insert into topic (id, board_id, date, author_id, publicly_available, nb_posts, title, content) values (19, 9, '2018-12-13 06:14:10', 19, false, 19, 'The title of <19>', 'The content of the topic <19>');
insert into topic (id, board_id, date, author_id, publicly_available, nb_posts, title, content) values (20, 10, '2018-12-12 07:15:10', 20, true, 20, 'The title of <20>', 'The content of the topic <20>');
insert into topic (id, board_id, date, author_id, publicly_available, nb_posts, title, content) values (21, 1, '2018-12-11 08:16:10', 21, true, 21, 'The title of <21>', 'The content of the topic <21>');
insert into topic (id, board_id, date, author_id, publicly_available, nb_posts, title, content) values (22, 2, '2018-12-09 10:17:10', 22, true, 22, 'The title of <22>', 'The content of the topic <22>');
insert into topic (id, board_id, date, author_id, publicly_available, nb_posts, title, content) values (23, 3, '2018-12-08 11:18:10', 23, true, 23, 'The title of <23>', 'The content of the topic <23>');
insert into topic (id, board_id, date, author_id, publicly_available, nb_posts, title, content) values (24, 4, '2018-12-07 12:19:10', 24, true, 24, 'The title of <24>', 'The content of the topic <24>');
insert into topic (id, board_id, date, author_id, publicly_available, nb_posts, title, content) values (25, 5, '2018-12-06 13:20:10', 25, true, 25, 'The title of <25>', 'The content of the topic <25>');
insert into topic (id, board_id, date, author_id, publicly_available, nb_posts, title, content) values (26, 6, '2018-12-05 14:21:10', 26, true, 26, 'The title of <26>', 'The content of the topic <26>');
insert into topic (id, board_id, date, author_id, publicly_available, nb_posts, title, content) values (27, 7, '2018-12-04 15:22:10', 27, true, 27, 'The title of <27>', 'The content of the topic <27>');
insert into topic (id, board_id, date, author_id, publicly_available, nb_posts, title, content) values (28, 8, '2018-12-03 16:23:10', 28, true, 28, 'The title of <28>', 'The content of the topic <28>');
insert into topic (id, board_id, date, author_id, publicly_available, nb_posts, title, content) values (29, 9, '2018-12-02 17:24:10', 29, false, 29, 'The title of <29>', 'The content of the topic <29>');
insert into topic (id, board_id, date, author_id, publicly_available, nb_posts, title, content) values (30, 10, '2018-12-01 18:25:10', 30, true, 30, 'The title of <30>', 'The content of the topic <30>');
insert into topic (id, board_id, date, author_id, publicly_available, nb_posts, title, content) values (31, 1, '2018-11-30 19:26:10', 31, true, 31, 'The title of <31>', 'The content of the topic <31>');
insert into topic (id, board_id, date, author_id, publicly_available, nb_posts, title, content) values (32, 2, '2018-11-29 20:27:10', 32, true, 32, 'The title of <32>', 'The content of the topic <32>');
insert into topic (id, board_id, date, author_id, publicly_available, nb_posts, title, content) values (33, 3, '2018-11-28 21:28:10', 33, true, 33, 'The title of <33>', 'The content of the topic <33>');
insert into topic (id, board_id, date, author_id, publicly_available, nb_posts, title, content) values (34, 4, '2018-11-27 22:29:10', 34, true, 34, 'The title of <34>', 'The content of the topic <34>');
insert into topic (id, board_id, date, author_id, publicly_available, nb_posts, title, content) values (35, 5, '2018-11-26 23:30:10', 35, true, 35, 'The title of <35>', 'The content of the topic <35>');
insert into topic (id, board_id, date, author_id, publicly_available, nb_posts, title, content) values (36, 6, '2018-11-26 00:31:10', 36, true, 36, 'The title of <36>', 'The content of the topic <36>');
insert into topic (id, board_id, date, author_id, publicly_available, nb_posts, title, content) values (37, 7, '2018-11-25 01:32:10', 37, true, 37, 'The title of <37>', 'The content of the topic <37>');
insert into topic (id, board_id, date, author_id, publicly_available, nb_posts, title, content) values (38, 8, '2018-11-24 02:33:10', 38, true, 38, 'The title of <38>', 'The content of the topic <38>');
insert into topic (id, board_id, date, author_id, publicly_available, nb_posts, title, content) values (39, 9, '2018-11-23 03:34:10', 39, false, 39, 'The title of <39>', 'The content of the topic <39>');
insert into topic (id, board_id, date, author_id, publicly_available, nb_posts, title, content) values (40, 10, '2018-11-22 04:35:10', 40, true, 40, 'The title of <40>', 'The content of the topic <40>');
insert into topic (id, board_id, date, author_id, publicly_available, nb_posts, title, content) values (41, 1, '2018-11-21 05:36:10', 41, true, 41, 'The title of <41>', 'The content of the topic <41>');
insert into topic (id, board_id, date, author_id, publicly_available, nb_posts, title, content) values (42, 2, '2018-11-20 06:37:10', 42, true, 42, 'The title of <42>', 'The content of the topic <42>');
insert into topic (id, board_id, date, author_id, publicly_available, nb_posts, title, content) values (43, 3, '2018-11-19 07:38:10', 43, true, 43, 'The title of <43>', 'The content of the topic <43>');
insert into topic (id, board_id, date, author_id, publicly_available, nb_posts, title, content) values (44, 4, '2018-11-18 08:39:10', 44, true, 44, 'The title of <44>', 'The content of the topic <44>');
insert into post (id, topic_id, date, author_id, publicly_available, title, content) values (1, 1, '2018-12-30 12:56:10', 1, true, 'The title of <1>', 'The content of the post <1>');
insert into post (id, topic_id, date, author_id, publicly_available, title, content) values (2, 2, '2018-12-29 13:57:10', 2, true, 'The title of <2>', 'The content of the post <2>');
insert into post (id, topic_id, date, author_id, publicly_available, title, content) values (3, 3, '2018-12-28 14:58:10', 3, true, 'The title of <3>', 'The content of the post <3>');
insert into post (id, topic_id, date, author_id, publicly_available, title, content) values (4, 4, '2018-12-27 15:59:10', 4, true, 'The title of <4>', 'The content of the post <4>');
insert into post (id, topic_id, date, author_id, publicly_available, title, content) values (5, 5, '2018-12-26 17:00:10', 5, true, 'The title of <5>', 'The content of the post <5>');
insert into post (id, topic_id, date, author_id, publicly_available, title, content) values (6, 6, '2018-12-25 18:01:10', 6, true, 'The title of <6>', 'The content of the post <6>');
insert into post (id, topic_id, date, author_id, publicly_available, title, content) values (7, 7, '2018-12-24 19:02:10', 7, true, 'The title of <7>', 'The content of the post <7>');
insert into post (id, topic_id, date, author_id, publicly_available, title, content) values (8, 8, '2018-12-23 20:03:10', 8, true, 'The title of <8>', 'The content of the post <8>');
insert into post (id, topic_id, date, author_id, publicly_available, title, content) values (9, 9, '2018-12-22 21:04:10', 9, false, 'The title of <9>', 'The content of the post <9>');
insert into post (id, topic_id, date, author_id, publicly_available, title, content) values (10, 10, '2018-12-21 22:05:10', 10, true, 'The title of <10>', 'The content of the post <10>');
insert into post (id, topic_id, date, author_id, publicly_available, title, content) values (11, 11, '2018-12-20 23:06:10', 11, true, 'The title of <11>', 'The content of the post <11>');
insert into post (id, topic_id, date, author_id, publicly_available, title, content) values (12, 12, '2018-12-20 00:07:10', 12, true, 'The title of <12>', 'The content of the post <12>');
insert into post (id, topic_id, date, author_id, publicly_available, title, content) values (13, 13, '2018-12-19 01:08:10', 13, true, 'The title of <13>', 'The content of the post <13>');
insert into post (id, topic_id, date, author_id, publicly_available, title, content) values (14, 14, '2018-12-18 02:09:10', 14, true, 'The title of <14>', 'The content of the post <14>');
insert into post (id, topic_id, date, author_id, publicly_available, title, content) values (15, 15, '2018-12-17 02:10:10', 15, true, 'The title of <15>', 'The content of the post <15>');
insert into post (id, topic_id, date, author_id, publicly_available, title, content) values (16, 16, '2018-12-16 03:11:10', 16, true, 'The title of <16>', 'The content of the post <16>');
insert into post (id, topic_id, date, author_id, publicly_available, title, content) values (17, 17, '2018-12-15 04:12:10', 17, true, 'The title of <17>', 'The content of the post <17>');
insert into post (id, topic_id, date, author_id, publicly_available, title, content) values (18, 18, '2018-12-14 05:13:10', 18, true, 'The title of <18>', 'The content of the post <18>');
insert into post (id, topic_id, date, author_id, publicly_available, title, content) values (19, 19, '2018-12-13 06:14:10', 19, false, 'The title of <19>', 'The content of the post <19>');
insert into post (id, topic_id, date, author_id, publicly_available, title, content) values (20, 20, '2018-12-12 07:15:10', 20, true, 'The title of <20>', 'The content of the post <20>');
insert into post (id, topic_id, date, author_id, publicly_available, title, content) values (21, 21, '2018-12-11 08:16:10', 21, true, 'The title of <21>', 'The content of the post <21>');
insert into post (id, topic_id, date, author_id, publicly_available, title, content) values (22, 22, '2018-12-09 10:17:10', 22, true, 'The title of <22>', 'The content of the post <22>');
insert into post (id, topic_id, date, author_id, publicly_available, title, content) values (23, 23, '2018-12-08 11:18:10', 23, true, 'The title of <23>', 'The content of the post <23>');
insert into post (id, topic_id, date, author_id, publicly_available, title, content) values (24, 24, '2018-12-07 12:19:10', 24, true, 'The title of <24>', 'The content of the post <24>');
insert into post (id, topic_id, date, author_id, publicly_available, title, content) values (25, 25, '2018-12-06 13:20:10', 25, true, 'The title of <25>', 'The content of the post <25>');
insert into post (id, topic_id, date, author_id, publicly_available, title, content) values (26, 26, '2018-12-05 14:21:10', 26, true, 'The title of <26>', 'The content of the post <26>');
insert into post (id, topic_id, date, author_id, publicly_available, title, content) values (27, 27, '2018-12-04 15:22:10', 27, true, 'The title of <27>', 'The content of the post <27>');
insert into post (id, topic_id, date, author_id, publicly_available, title, content) values (28, 28, '2018-12-03 16:23:10', 28, true, 'The title of <28>', 'The content of the post <28>');
insert into post (id, topic_id, date, author_id, publicly_available, title, content) values (29, 29, '2018-12-02 17:24:10', 29, false, 'The title of <29>', 'The content of the post <29>');
insert into post (id, topic_id, date, author_id, publicly_available, title, content) values (30, 30, '2018-12-01 18:25:10', 30, true, 'The title of <30>', 'The content of the post <30>');
insert into post (id, topic_id, date, author_id, publicly_available, title, content) values (31, 31, '2018-11-30 19:26:10', 31, true, 'The title of <31>', 'The content of the post <31>');
insert into post (id, topic_id, date, author_id, publicly_available, title, content) values (32, 32, '2018-11-29 20:27:10', 32, true, 'The title of <32>', 'The content of the post <32>');
insert into post (id, topic_id, date, author_id, publicly_available, title, content) values (33, 33, '2018-11-28 21:28:10', 33, true, 'The title of <33>', 'The content of the post <33>');
insert into post (id, topic_id, date, author_id, publicly_available, title, content) values (34, 34, '2018-11-27 22:29:10', 34, true, 'The title of <34>', 'The content of the post <34>');
insert into post (id, topic_id, date, author_id, publicly_available, title, content) values (35, 35, '2018-11-26 23:30:10', 35, true, 'The title of <35>', 'The content of the post <35>');
insert into post (id, topic_id, date, author_id, publicly_available, title, content) values (36, 36, '2018-11-26 00:31:10', 36, true, 'The title of <36>', 'The content of the post <36>');
insert into post (id, topic_id, date, author_id, publicly_available, title, content) values (37, 37, '2018-11-25 01:32:10', 37, true, 'The title of <37>', 'The content of the post <37>');
insert into post (id, topic_id, date, author_id, publicly_available, title, content) values (38, 38, '2018-11-24 02:33:10', 38, true, 'The title of <38>', 'The content of the post <38>');
insert into post (id, topic_id, date, author_id, publicly_available, title, content) values (39, 39, '2018-11-23 03:34:10', 39, false, 'The title of <39>', 'The content of the post <39>');
insert into post (id, topic_id, date, author_id, publicly_available, title, content) values (40, 40, '2018-11-22 04:35:10', 40, true, 'The title of <40>', 'The content of the post <40>');
insert into post (id, topic_id, date, author_id, publicly_available, title, content) values (41, 41, '2018-11-21 05:36:10', 41, true, 'The title of <41>', 'The content of the post <41>');
insert into post (id, topic_id, date, author_id, publicly_available, title, content) values (42, 42, '2018-11-20 06:37:10', 42, true, 'The title of <42>', 'The content of the post <42>');
insert into post (id, topic_id, date, author_id, publicly_available, title, content) values (43, 43, '2018-11-19 07:38:10', 43, true, 'The title of <43>', 'The content of the post <43>');
insert into post (id, topic_id, date, author_id, publicly_available, title, content) values (44, 44, '2018-11-18 08:39:10', 44, true, 'The title of <44>', 'The content of the post <44>');
insert into post (id, topic_id, date, author_id, publicly_available, title, content) values (45, 1, '2018-11-16 10:40:10', 1, true, 'The title of <45>', 'The content of the post <45>');
insert into post (id, topic_id, date, author_id, publicly_available, title, content) values (46, 2, '2018-11-15 11:41:10', 2, true, 'The title of <46>', 'The content of the post <46>');
insert into post (id, topic_id, date, author_id, publicly_available, title, content) values (47, 3, '2018-11-14 12:42:10', 3, true, 'The title of <47>', 'The content of the post <47>');
insert into post (id, topic_id, date, author_id, publicly_available, title, content) values (48, 4, '2018-11-13 13:43:10', 4, true, 'The title of <48>', 'The content of the post <48>');
insert into post (id, topic_id, date, author_id, publicly_available, title, content) values (49, 5, '2018-11-12 14:44:10', 5, false, 'The title of <49>', 'The content of the post <49>');
insert into post (id, topic_id, date, author_id, publicly_available, title, content) values (50, 6, '2018-11-11 15:45:10', 6, true, 'The title of <50>', 'The content of the post <50>');
insert into post (id, topic_id, date, author_id, publicly_available, title, content) values (51, 7, '2018-11-10 16:46:10', 7, true, 'The title of <51>', 'The content of the post <51>');
insert into post (id, topic_id, date, author_id, publicly_available, title, content) values (52, 8, '2018-11-09 17:47:10', 8, true, 'The title of <52>', 'The content of the post <52>');
insert into post (id, topic_id, date, author_id, publicly_available, title, content) values (53, 9, '2018-11-08 18:48:10', 9, true, 'The title of <53>', 'The content of the post <53>');
insert into post (id, topic_id, date, author_id, publicly_available, title, content) values (54, 10, '2018-11-07 19:49:10', 10, true, 'The title of <54>', 'The content of the post <54>');
insert into post (id, topic_id, date, author_id, publicly_available, title, content) values (55, 11, '2018-11-06 20:50:10', 11, true, 'The title of <55>', 'The content of the post <55>');
insert into post (id, topic_id, date, author_id, publicly_available, title, content) values (56, 12, '2018-11-05 21:51:10', 12, true, 'The title of <56>', 'The content of the post <56>');
insert into post (id, topic_id, date, author_id, publicly_available, title, content) values (57, 13, '2018-11-04 22:52:10', 13, true, 'The title of <57>', 'The content of the post <57>');
insert into post (id, topic_id, date, author_id, publicly_available, title, content) values (58, 14, '2018-11-03 23:53:10', 14, true, 'The title of <58>', 'The content of the post <58>');
insert into post (id, topic_id, date, author_id, publicly_available, title, content) values (59, 15, '2018-11-03 00:54:10', 15, false, 'The title of <59>', 'The content of the post <59>');
insert into post (id, topic_id, date, author_id, publicly_available, title, content) values (60, 16, '2018-11-02 01:55:10', 16, true, 'The title of <60>', 'The content of the post <60>');
insert into post (id, topic_id, date, author_id, publicly_available, title, content) values (61, 17, '2018-11-01 02:56:10', 17, true, 'The title of <61>', 'The content of the post <61>');
insert into post (id, topic_id, date, author_id, publicly_available, title, content) values (62, 18, '2018-10-31 03:57:10', 18, true, 'The title of <62>', 'The content of the post <62>');
insert into post (id, topic_id, date, author_id, publicly_available, title, content) values (63, 19, '2018-10-30 04:58:10', 19, true, 'The title of <63>', 'The content of the post <63>');
insert into post (id, topic_id, date, author_id, publicly_available, title, content) values (64, 20, '2018-10-29 05:59:10', 20, true, 'The title of <64>', 'The content of the post <64>');
insert into post (id, topic_id, date, author_id, publicly_available, title, content) values (65, 21, '2018-10-28 07:00:10', 21, true, 'The title of <65>', 'The content of the post <65>');
insert into post (id, topic_id, date, author_id, publicly_available, title, content) values (66, 22, '2018-10-27 08:01:10', 22, true, 'The title of <66>', 'The content of the post <66>');
insert into post (id, topic_id, date, author_id, publicly_available, title, content) values (67, 23, '2018-10-26 09:02:10', 23, true, 'The title of <67>', 'The content of the post <67>');
insert into post (id, topic_id, date, author_id, publicly_available, title, content) values (68, 24, '2018-10-24 11:03:10', 24, true, 'The title of <68>', 'The content of the post <68>');
insert into post (id, topic_id, date, author_id, publicly_available, title, content) values (69, 25, '2018-10-23 12:04:10', 25, false, 'The title of <69>', 'The content of the post <69>');
insert into post (id, topic_id, date, author_id, publicly_available, title, content) values (70, 26, '2018-10-22 13:05:10', 26, true, 'The title of <70>', 'The content of the post <70>');
insert into post (id, topic_id, date, author_id, publicly_available, title, content) values (71, 27, '2018-10-21 14:06:10', 27, true, 'The title of <71>', 'The content of the post <71>');
insert into post (id, topic_id, date, author_id, publicly_available, title, content) values (72, 28, '2018-10-20 15:07:10', 28, true, 'The title of <72>', 'The content of the post <72>');
insert into post (id, topic_id, date, author_id, publicly_available, title, content) values (73, 29, '2018-10-19 16:08:10', 29, true, 'The title of <73>', 'The content of the post <73>');
insert into post (id, topic_id, date, author_id, publicly_available, title, content) values (74, 30, '2018-10-18 17:09:10', 30, true, 'The title of <74>', 'The content of the post <74>');
insert into post (id, topic_id, date, author_id, publicly_available, title, content) values (75, 31, '2018-10-17 17:10:10', 31, true, 'The title of <75>', 'The content of the post <75>');
insert into post (id, topic_id, date, author_id, publicly_available, title, content) values (76, 32, '2018-10-16 18:11:10', 32, true, 'The title of <76>', 'The content of the post <76>');
insert into post (id, topic_id, date, author_id, publicly_available, title, content) values (77, 33, '2018-10-15 19:12:10', 33, true, 'The title of <77>', 'The content of the post <77>');
insert into post (id, topic_id, date, author_id, publicly_available, title, content) values (78, 34, '2018-10-14 20:13:10', 34, true, 'The title of <78>', 'The content of the post <78>');
insert into post (id, topic_id, date, author_id, publicly_available, title, content) values (79, 35, '2018-10-13 21:14:10', 35, false, 'The title of <79>', 'The content of the post <79>');
insert into post (id, topic_id, date, author_id, publicly_available, title, content) values (80, 36, '2018-10-12 22:15:10', 36, true, 'The title of <80>', 'The content of the post <80>');
insert into post (id, topic_id, date, author_id, publicly_available, title, content) values (81, 37, '2018-10-11 23:16:10', 37, true, 'The title of <81>', 'The content of the post <81>');
insert into post (id, topic_id, date, author_id, publicly_available, title, content) values (82, 38, '2018-10-11 00:17:10', 38, true, 'The title of <82>', 'The content of the post <82>');
insert into post (id, topic_id, date, author_id, publicly_available, title, content) values (83, 39, '2018-10-10 01:18:10', 39, true, 'The title of <83>', 'The content of the post <83>');
insert into post (id, topic_id, date, author_id, publicly_available, title, content) values (84, 40, '2018-10-09 02:19:10', 40, true, 'The title of <84>', 'The content of the post <84>');
insert into post (id, topic_id, date, author_id, publicly_available, title, content) values (85, 41, '2018-10-08 03:20:10', 41, true, 'The title of <85>', 'The content of the post <85>');
insert into post (id, topic_id, date, author_id, publicly_available, title, content) values (86, 42, '2018-10-07 04:21:10', 42, true, 'The title of <86>', 'The content of the post <86>');
insert into post (id, topic_id, date, author_id, publicly_available, title, content) values (87, 43, '2018-10-06 05:22:10', 43, true, 'The title of <87>', 'The content of the post <87>');
insert into post (id, topic_id, date, author_id, publicly_available, title, content) values (88, 44, '2018-10-05 06:23:10', 44, true, 'The title of <88>', 'The content of the post <88>');
insert into post (id, topic_id, date, author_id, publicly_available, title, content) values (89, 1, '2018-10-04 07:24:10', 1, false, 'The title of <89>', 'The content of the post <89>');
insert into post (id, topic_id, date, author_id, publicly_available, title, content) values (90, 2, '2018-10-03 08:25:10', 2, true, 'The title of <90>', 'The content of the post <90>');
insert into post (id, topic_id, date, author_id, publicly_available, title, content) values (91, 3, '2018-10-01 10:26:10', 3, true, 'The title of <91>', 'The content of the post <91>');
insert into post (id, topic_id, date, author_id, publicly_available, title, content) values (92, 4, '2018-09-30 11:27:10', 4, true, 'The title of <92>', 'The content of the post <92>');
insert into post (id, topic_id, date, author_id, publicly_available, title, content) values (93, 5, '2018-09-29 12:28:10', 5, true, 'The title of <93>', 'The content of the post <93>');
insert into post (id, topic_id, date, author_id, publicly_available, title, content) values (94, 6, '2018-09-28 13:29:10', 6, true, 'The title of <94>', 'The content of the post <94>');
insert into post (id, topic_id, date, author_id, publicly_available, title, content) values (95, 7, '2018-09-27 14:30:10', 7, true, 'The title of <95>', 'The content of the post <95>');
insert into post (id, topic_id, date, author_id, publicly_available, title, content) values (96, 8, '2018-09-26 15:31:10', 8, true, 'The title of <96>', 'The content of the post <96>');
insert into post (id, topic_id, date, author_id, publicly_available, title, content) values (97, 9, '2018-09-25 16:32:10', 9, true, 'The title of <97>', 'The content of the post <97>');
insert into post (id, topic_id, date, author_id, publicly_available, title, content) values (98, 10, '2018-09-24 17:33:10', 10, true, 'The title of <98>', 'The content of the post <98>');
insert into post (id, topic_id, date, author_id, publicly_available, title, content) values (99, 11, '2018-09-23 18:34:10', 11, false, 'The title of <99>', 'The content of the post <99>');
insert into post (id, topic_id, date, author_id, publicly_available, title, content) values (100, 12, '2018-09-22 19:35:10', 12, true, 'The title of <100>', 'The content of the post <100>');
insert into post (id, topic_id, date, author_id, publicly_available, title, content) values (101, 13, '2018-09-21 20:36:10', 13, true, 'The title of <101>', 'The content of the post <101>');
insert into post (id, topic_id, date, author_id, publicly_available, title, content) values (102, 14, '2018-09-20 21:37:10', 14, true, 'The title of <102>', 'The content of the post <102>');
insert into post (id, topic_id, date, author_id, publicly_available, title, content) values (103, 15, '2018-09-19 22:38:10', 15, true, 'The title of <103>', 'The content of the post <103>');
insert into post (id, topic_id, date, author_id, publicly_available, title, content) values (104, 16, '2018-09-18 23:39:10', 16, true, 'The title of <104>', 'The content of the post <104>');
insert into post (id, topic_id, date, author_id, publicly_available, title, content) values (105, 17, '2018-09-18 00:40:10', 17, true, 'The title of <105>', 'The content of the post <105>');
insert into post (id, topic_id, date, author_id, publicly_available, title, content) values (106, 18, '2018-09-17 01:41:10', 18, true, 'The title of <106>', 'The content of the post <106>');
insert into post (id, topic_id, date, author_id, publicly_available, title, content) values (107, 19, '2018-09-16 02:42:10', 19, true, 'The title of <107>', 'The content of the post <107>');
insert into post (id, topic_id, date, author_id, publicly_available, title, content) values (108, 20, '2018-09-15 03:43:10', 20, true, 'The title of <108>', 'The content of the post <108>');
insert into post (id, topic_id, date, author_id, publicly_available, title, content) values (109, 21, '2018-09-14 04:44:10', 21, false, 'The title of <109>', 'The content of the post <109>');
insert into post (id, topic_id, date, author_id, publicly_available, title, content) values (110, 22, '2018-09-13 05:45:10', 22, true, 'The title of <110>', 'The content of the post <110>');
insert into post (id, topic_id, date, author_id, publicly_available, title, content) values (111, 23, '2018-09-12 06:46:10', 23, true, 'The title of <111>', 'The content of the post <111>');
insert into post (id, topic_id, date, author_id, publicly_available, title, content) values (112, 24, '2018-09-11 07:47:10', 24, true, 'The title of <112>', 'The content of the post <112>');
insert into post (id, topic_id, date, author_id, publicly_available, title, content) values (113, 25, '2018-09-10 08:48:10', 25, true, 'The title of <113>', 'The content of the post <113>');
insert into post (id, topic_id, date, author_id, publicly_available, title, content) values (114, 26, '2018-09-08 10:49:10', 26, true, 'The title of <114>', 'The content of the post <114>');
insert into post (id, topic_id, date, author_id, publicly_available, title, content) values (115, 27, '2018-09-07 11:50:10', 27, true, 'The title of <115>', 'The content of the post <115>');
insert into post (id, topic_id, date, author_id, publicly_available, title, content) values (116, 28, '2018-09-06 12:51:10', 28, true, 'The title of <116>', 'The content of the post <116>');
insert into post (id, topic_id, date, author_id, publicly_available, title, content) values (117, 29, '2018-09-05 13:52:10', 29, true, 'The title of <117>', 'The content of the post <117>');
insert into post (id, topic_id, date, author_id, publicly_available, title, content) values (118, 30, '2018-09-04 14:53:10', 30, true, 'The title of <118>', 'The content of the post <118>');
insert into post (id, topic_id, date, author_id, publicly_available, title, content) values (119, 31, '2018-09-03 15:54:10', 31, false, 'The title of <119>', 'The content of the post <119>');
insert into post (id, topic_id, date, author_id, publicly_available, title, content) values (120, 32, '2018-09-02 16:55:10', 32, true, 'The title of <120>', 'The content of the post <120>');
insert into post (id, topic_id, date, author_id, publicly_available, title, content) values (121, 33, '2018-09-01 17:56:10', 33, true, 'The title of <121>', 'The content of the post <121>');
insert into post (id, topic_id, date, author_id, publicly_available, title, content) values (122, 34, '2018-08-31 18:57:10', 34, true, 'The title of <122>', 'The content of the post <122>');
insert into post (id, topic_id, date, author_id, publicly_available, title, content) values (123, 35, '2018-08-30 19:58:10', 35, true, 'The title of <123>', 'The content of the post <123>');
insert into post (id, topic_id, date, author_id, publicly_available, title, content) values (124, 36, '2018-08-29 20:59:10', 36, true, 'The title of <124>', 'The content of the post <124>');
insert into post (id, topic_id, date, author_id, publicly_available, title, content) values (125, 37, '2018-08-28 22:00:10', 37, true, 'The title of <125>', 'The content of the post <125>');
insert into post (id, topic_id, date, author_id, publicly_available, title, content) values (126, 38, '2018-08-27 23:01:10', 38, true, 'The title of <126>', 'The content of the post <126>');
insert into post (id, topic_id, date, author_id, publicly_available, title, content) values (127, 39, '2018-08-27 00:02:10', 39, true, 'The title of <127>', 'The content of the post <127>');
insert into post (id, topic_id, date, author_id, publicly_available, title, content) values (128, 40, '2018-08-26 01:03:10', 40, true, 'The title of <128>', 'The content of the post <128>');
insert into post (id, topic_id, date, author_id, publicly_available, title, content) values (129, 41, '2018-08-25 02:04:10', 41, false, 'The title of <129>', 'The content of the post <129>');
insert into post (id, topic_id, date, author_id, publicly_available, title, content) values (130, 42, '2018-08-24 03:05:10', 42, true, 'The title of <130>', 'The content of the post <130>');
insert into post (id, topic_id, date, author_id, publicly_available, title, content) values (131, 43, '2018-08-23 04:06:10', 43, true, 'The title of <131>', 'The content of the post <131>');
insert into post (id, topic_id, date, author_id, publicly_available, title, content) values (132, 44, '2018-08-22 05:07:10', 44, true, 'The title of <132>', 'The content of the post <132>');
insert into post (id, topic_id, date, author_id, publicly_available, title, content) values (133, 1, '2018-08-21 06:08:10', 1, true, 'The title of <133>', 'The content of the post <133>');
insert into post (id, topic_id, date, author_id, publicly_available, title, content) values (134, 2, '2018-08-20 07:09:10', 2, true, 'The title of <134>', 'The content of the post <134>');
insert into post (id, topic_id, date, author_id, publicly_available, title, content) values (135, 3, '2018-08-19 07:10:10', 3, true, 'The title of <135>', 'The content of the post <135>');
insert into post (id, topic_id, date, author_id, publicly_available, title, content) values (136, 4, '2018-08-18 08:11:10', 4, true, 'The title of <136>', 'The content of the post <136>');
insert into post (id, topic_id, date, author_id, publicly_available, title, content) values (137, 5, '2018-08-16 10:12:10', 5, true, 'The title of <137>', 'The content of the post <137>');
insert into post (id, topic_id, date, author_id, publicly_available, title, content) values (138, 6, '2018-08-15 11:13:10', 6, true, 'The title of <138>', 'The content of the post <138>');
insert into post (id, topic_id, date, author_id, publicly_available, title, content) values (139, 7, '2018-08-14 12:14:10', 7, false, 'The title of <139>', 'The content of the post <139>');
insert into post (id, topic_id, date, author_id, publicly_available, title, content) values (140, 8, '2018-08-13 13:15:10', 8, true, 'The title of <140>', 'The content of the post <140>');
insert into post (id, topic_id, date, author_id, publicly_available, title, content) values (141, 9, '2018-08-12 14:16:10', 9, true, 'The title of <141>', 'The content of the post <141>');
insert into post (id, topic_id, date, author_id, publicly_available, title, content) values (142, 10, '2018-08-11 15:17:10', 10, true, 'The title of <142>', 'The content of the post <142>');
insert into post (id, topic_id, date, author_id, publicly_available, title, content) values (143, 11, '2018-08-10 16:18:10', 11, true, 'The title of <143>', 'The content of the post <143>');
insert into post (id, topic_id, date, author_id, publicly_available, title, content) values (144, 12, '2018-08-09 17:19:10', 12, true, 'The title of <144>', 'The content of the post <144>');
insert into post (id, topic_id, date, author_id, publicly_available, title, content) values (145, 13, '2018-08-08 18:20:10', 13, true, 'The title of <145>', 'The content of the post <145>');
insert into post (id, topic_id, date, author_id, publicly_available, title, content) values (146, 14, '2018-08-07 19:21:10', 14, true, 'The title of <146>', 'The content of the post <146>');
insert into post (id, topic_id, date, author_id, publicly_available, title, content) values (147, 15, '2018-08-06 20:22:10', 15, true, 'The title of <147>', 'The content of the post <147>');
insert into post (id, topic_id, date, author_id, publicly_available, title, content) values (148, 16, '2018-08-05 21:23:10', 16, true, 'The title of <148>', 'The content of the post <148>');
insert into post (id, topic_id, date, author_id, publicly_available, title, content) values (149, 17, '2018-08-04 22:24:10', 17, false, 'The title of <149>', 'The content of the post <149>');
insert into post (id, topic_id, date, author_id, publicly_available, title, content) values (150, 18, '2018-08-03 23:25:10', 18, true, 'The title of <150>', 'The content of the post <150>');
insert into post (id, topic_id, date, author_id, publicly_available, title, content) values (151, 19, '2018-08-03 00:26:10', 19, true, 'The title of <151>', 'The content of the post <151>');
insert into post (id, topic_id, date, author_id, publicly_available, title, content) values (152, 20, '2018-08-02 01:27:10', 20, true, 'The title of <152>', 'The content of the post <152>');
insert into post (id, topic_id, date, author_id, publicly_available, title, content) values (153, 21, '2018-08-01 02:28:10', 21, true, 'The title of <153>', 'The content of the post <153>');
insert into post (id, topic_id, date, author_id, publicly_available, title, content) values (154, 22, '2018-07-31 03:29:10', 22, true, 'The title of <154>', 'The content of the post <154>');
insert into post (id, topic_id, date, author_id, publicly_available, title, content) values (155, 23, '2018-07-30 04:30:10', 23, true, 'The title of <155>', 'The content of the post <155>');
insert into post (id, topic_id, date, author_id, publicly_available, title, content) values (156, 24, '2018-07-29 05:31:10', 24, true, 'The title of <156>', 'The content of the post <156>');
insert into post (id, topic_id, date, author_id, publicly_available, title, content) values (157, 25, '2018-07-28 06:32:10', 25, true, 'The title of <157>', 'The content of the post <157>');
insert into post (id, topic_id, date, author_id, publicly_available, title, content) values (158, 26, '2018-07-27 07:33:10', 26, true, 'The title of <158>', 'The content of the post <158>');
insert into post (id, topic_id, date, author_id, publicly_available, title, content) values (159, 27, '2018-07-26 08:34:10', 27, false, 'The title of <159>', 'The content of the post <159>');
insert into post (id, topic_id, date, author_id, publicly_available, title, content) values (160, 28, '2018-07-24 10:35:10', 28, true, 'The title of <160>', 'The content of the post <160>');
insert into post (id, topic_id, date, author_id, publicly_available, title, content) values (161, 29, '2018-07-23 11:36:10', 29, true, 'The title of <161>', 'The content of the post <161>');
insert into post (id, topic_id, date, author_id, publicly_available, title, content) values (162, 30, '2018-07-22 12:37:10', 30, true, 'The title of <162>', 'The content of the post <162>');
insert into post (id, topic_id, date, author_id, publicly_available, title, content) values (163, 31, '2018-07-21 13:38:10', 31, true, 'The title of <163>', 'The content of the post <163>');
insert into post (id, topic_id, date, author_id, publicly_available, title, content) values (164, 32, '2018-07-20 14:39:10', 32, true, 'The title of <164>', 'The content of the post <164>');
insert into post (id, topic_id, date, author_id, publicly_available, title, content) values (165, 33, '2018-07-19 15:40:10', 33, true, 'The title of <165>', 'The content of the post <165>');
insert into post (id, topic_id, date, author_id, publicly_available, title, content) values (166, 34, '2018-07-18 16:41:10', 34, true, 'The title of <166>', 'The content of the post <166>');
insert into post (id, topic_id, date, author_id, publicly_available, title, content) values (167, 35, '2018-07-17 17:42:10', 35, true, 'The title of <167>', 'The content of the post <167>');
insert into post (id, topic_id, date, author_id, publicly_available, title, content) values (168, 36, '2018-07-16 18:43:10', 36, true, 'The title of <168>', 'The content of the post <168>');
insert into post (id, topic_id, date, author_id, publicly_available, title, content) values (169, 37, '2018-07-15 19:44:10', 37, false, 'The title of <169>', 'The content of the post <169>');
insert into post (id, topic_id, date, author_id, publicly_available, title, content) values (170, 38, '2018-07-14 20:45:10', 38, true, 'The title of <170>', 'The content of the post <170>');
insert into post (id, topic_id, date, author_id, publicly_available, title, content) values (171, 39, '2018-07-13 21:46:10', 39, true, 'The title of <171>', 'The content of the post <171>');
insert into post (id, topic_id, date, author_id, publicly_available, title, content) values (172, 40, '2018-07-12 22:47:10', 40, true, 'The title of <172>', 'The content of the post <172>');
insert into post (id, topic_id, date, author_id, publicly_available, title, content) values (173, 41, '2018-07-11 23:48:10', 41, true, 'The title of <173>', 'The content of the post <173>');
insert into post (id, topic_id, date, author_id, publicly_available, title, content) values (174, 42, '2018-07-11 00:49:10', 42, true, 'The title of <174>', 'The content of the post <174>');
insert into post (id, topic_id, date, author_id, publicly_available, title, content) values (175, 43, '2018-07-10 01:50:10', 43, true, 'The title of <175>', 'The content of the post <175>');
insert into post (id, topic_id, date, author_id, publicly_available, title, content) values (176, 44, '2018-07-09 02:51:10', 44, true, 'The title of <176>', 'The content of the post <176>');
insert into post (id, topic_id, date, author_id, publicly_available, title, content) values (177, 1, '2018-07-08 03:52:10', 1, true, 'The title of <177>', 'The content of the post <177>');
insert into post (id, topic_id, date, author_id, publicly_available, title, content) values (178, 2, '2018-07-07 04:53:10', 2, true, 'The title of <178>', 'The content of the post <178>');
insert into post (id, topic_id, date, author_id, publicly_available, title, content) values (179, 3, '2018-07-06 05:54:10', 3, false, 'The title of <179>', 'The content of the post <179>');
insert into post (id, topic_id, date, author_id, publicly_available, title, content) values (180, 4, '2018-07-05 06:55:10', 4, true, 'The title of <180>', 'The content of the post <180>');
insert into post (id, topic_id, date, author_id, publicly_available, title, content) values (181, 5, '2018-07-04 07:56:10', 5, true, 'The title of <181>', 'The content of the post <181>');
insert into post (id, topic_id, date, author_id, publicly_available, title, content) values (182, 6, '2018-07-03 08:57:10', 6, true, 'The title of <182>', 'The content of the post <182>');
insert into post (id, topic_id, date, author_id, publicly_available, title, content) values (183, 7, '2018-07-01 10:58:10', 7, true, 'The title of <183>', 'The content of the post <183>');
insert into post (id, topic_id, date, author_id, publicly_available, title, content) values (184, 8, '2018-06-30 11:59:10', 8, true, 'The title of <184>', 'The content of the post <184>');
insert into post (id, topic_id, date, author_id, publicly_available, title, content) values (185, 9, '2018-06-29 13:00:10', 9, true, 'The title of <185>', 'The content of the post <185>');
insert into post (id, topic_id, date, author_id, publicly_available, title, content) values (186, 10, '2018-06-28 14:01:10', 10, true, 'The title of <186>', 'The content of the post <186>');
insert into post (id, topic_id, date, author_id, publicly_available, title, content) values (187, 11, '2018-06-27 15:02:10', 11, true, 'The title of <187>', 'The content of the post <187>');
insert into post (id, topic_id, date, author_id, publicly_available, title, content) values (188, 12, '2018-06-26 16:03:10', 12, true, 'The title of <188>', 'The content of the post <188>');
insert into post (id, topic_id, date, author_id, publicly_available, title, content) values (189, 13, '2018-06-25 17:04:10', 13, false, 'The title of <189>', 'The content of the post <189>');
insert into post (id, topic_id, date, author_id, publicly_available, title, content) values (190, 14, '2018-06-24 18:05:10', 14, true, 'The title of <190>', 'The content of the post <190>');
insert into post (id, topic_id, date, author_id, publicly_available, title, content) values (191, 15, '2018-06-23 19:06:10', 15, true, 'The title of <191>', 'The content of the post <191>');
insert into post (id, topic_id, date, author_id, publicly_available, title, content) values (192, 16, '2018-06-22 20:07:10', 16, true, 'The title of <192>', 'The content of the post <192>');
insert into post (id, topic_id, date, author_id, publicly_available, title, content) values (193, 17, '2018-06-21 21:08:10', 17, true, 'The title of <193>', 'The content of the post <193>');
insert into post (id, topic_id, date, author_id, publicly_available, title, content) values (194, 18, '2018-06-20 22:09:10', 18, true, 'The title of <194>', 'The content of the post <194>');
insert into post (id, topic_id, date, author_id, publicly_available, title, content) values (195, 19, '2018-06-19 22:10:10', 19, true, 'The title of <195>', 'The content of the post <195>');
insert into post (id, topic_id, date, author_id, publicly_available, title, content) values (196, 20, '2018-06-18 23:11:10', 20, true, 'The title of <196>', 'The content of the post <196>');
insert into post (id, topic_id, date, author_id, publicly_available, title, content) values (197, 21, '2018-06-18 00:12:10', 21, true, 'The title of <197>', 'The content of the post <197>');
insert into post (id, topic_id, date, author_id, publicly_available, title, content) values (198, 22, '2018-06-17 01:13:10', 22, true, 'The title of <198>', 'The content of the post <198>');
insert into post (id, topic_id, date, author_id, publicly_available, title, content) values (199, 23, '2018-06-16 02:14:10', 23, false, 'The title of <199>', 'The content of the post <199>');
insert into post (id, topic_id, date, author_id, publicly_available, title, content) values (200, 24, '2018-06-15 03:15:10', 24, true, 'The title of <200>', 'The content of the post <200>');
insert into post (id, topic_id, date, author_id, publicly_available, title, content) values (201, 25, '2018-06-14 04:16:10', 25, true, 'The title of <201>', 'The content of the post <201>');
insert into post (id, topic_id, date, author_id, publicly_available, title, content) values (202, 26, '2018-06-13 05:17:10', 26, true, 'The title of <202>', 'The content of the post <202>');
insert into post (id, topic_id, date, author_id, publicly_available, title, content) values (203, 27, '2018-06-12 06:18:10', 27, true, 'The title of <203>', 'The content of the post <203>');
insert into post (id, topic_id, date, author_id, publicly_available, title, content) values (204, 28, '2018-06-11 07:19:10', 28, true, 'The title of <204>', 'The content of the post <204>');
insert into post (id, topic_id, date, author_id, publicly_available, title, content) values (205, 29, '2018-06-10 08:20:10', 29, true, 'The title of <205>', 'The content of the post <205>');
insert into post (id, topic_id, date, author_id, publicly_available, title, content) values (206, 30, '2018-06-08 10:21:10', 30, true, 'The title of <206>', 'The content of the post <206>');
insert into post (id, topic_id, date, author_id, publicly_available, title, content) values (207, 31, '2018-06-07 11:22:10', 31, true, 'The title of <207>', 'The content of the post <207>');
insert into post (id, topic_id, date, author_id, publicly_available, title, content) values (208, 32, '2018-06-06 12:23:10', 32, true, 'The title of <208>', 'The content of the post <208>');
insert into post (id, topic_id, date, author_id, publicly_available, title, content) values (209, 33, '2018-06-05 13:24:10', 33, false, 'The title of <209>', 'The content of the post <209>');
insert into post (id, topic_id, date, author_id, publicly_available, title, content) values (210, 34, '2018-06-04 14:25:10', 34, true, 'The title of <210>', 'The content of the post <210>');
insert into post (id, topic_id, date, author_id, publicly_available, title, content) values (211, 35, '2018-06-03 15:26:10', 35, true, 'The title of <211>', 'The content of the post <211>');
insert into post (id, topic_id, date, author_id, publicly_available, title, content) values (212, 36, '2018-06-02 16:27:10', 36, true, 'The title of <212>', 'The content of the post <212>');
insert into post (id, topic_id, date, author_id, publicly_available, title, content) values (213, 37, '2018-06-01 17:28:10', 37, true, 'The title of <213>', 'The content of the post <213>');
insert into post (id, topic_id, date, author_id, publicly_available, title, content) values (214, 38, '2018-05-31 18:29:10', 38, true, 'The title of <214>', 'The content of the post <214>');
insert into post (id, topic_id, date, author_id, publicly_available, title, content) values (215, 39, '2018-05-30 19:30:10', 39, true, 'The title of <215>', 'The content of the post <215>');
insert into post (id, topic_id, date, author_id, publicly_available, title, content) values (216, 40, '2018-05-29 20:31:10', 40, true, 'The title of <216>', 'The content of the post <216>');
insert into post (id, topic_id, date, author_id, publicly_available, title, content) values (217, 41, '2018-05-28 21:32:10', 41, true, 'The title of <217>', 'The content of the post <217>');
insert into post (id, topic_id, date, author_id, publicly_available, title, content) values (218, 42, '2018-05-27 22:33:10', 42, true, 'The title of <218>', 'The content of the post <218>');
insert into post (id, topic_id, date, author_id, publicly_available, title, content) values (219, 43, '2018-05-26 23:34:10', 43, false, 'The title of <219>', 'The content of the post <219>');
insert into post (id, topic_id, date, author_id, publicly_available, title, content) values (220, 44, '2018-05-26 00:35:10', 44, true, 'The title of <220>', 'The content of the post <220>');
insert into post (id, topic_id, date, author_id, publicly_available, title, content) values (221, 1, '2018-05-25 01:36:10', 1, true, 'The title of <221>', 'The content of the post <221>');
insert into post (id, topic_id, date, author_id, publicly_available, title, content) values (222, 2, '2018-05-24 02:37:10', 2, true, 'The title of <222>', 'The content of the post <222>');
insert into post (id, topic_id, date, author_id, publicly_available, title, content) values (223, 3, '2018-05-23 03:38:10', 3, true, 'The title of <223>', 'The content of the post <223>');
insert into post (id, topic_id, date, author_id, publicly_available, title, content) values (224, 4, '2018-05-22 04:39:10', 4, true, 'The title of <224>', 'The content of the post <224>');
insert into post (id, topic_id, date, author_id, publicly_available, title, content) values (225, 5, '2018-05-21 05:40:10', 5, true, 'The title of <225>', 'The content of the post <225>');
insert into post (id, topic_id, date, author_id, publicly_available, title, content) values (226, 6, '2018-05-20 06:41:10', 6, true, 'The title of <226>', 'The content of the post <226>');
insert into post (id, topic_id, date, author_id, publicly_available, title, content) values (227, 7, '2018-05-19 07:42:10', 7, true, 'The title of <227>', 'The content of the post <227>');
insert into post (id, topic_id, date, author_id, publicly_available, title, content) values (228, 8, '2018-05-18 08:43:10', 8, true, 'The title of <228>', 'The content of the post <228>');
insert into post (id, topic_id, date, author_id, publicly_available, title, content) values (229, 9, '2018-05-16 10:44:10', 9, false, 'The title of <229>', 'The content of the post <229>');
insert into post (id, topic_id, date, author_id, publicly_available, title, content) values (230, 10, '2018-05-15 11:45:10', 10, true, 'The title of <230>', 'The content of the post <230>');
insert into post (id, topic_id, date, author_id, publicly_available, title, content) values (231, 11, '2018-05-14 12:46:10', 11, true, 'The title of <231>', 'The content of the post <231>');
insert into post (id, topic_id, date, author_id, publicly_available, title, content) values (232, 12, '2018-05-13 13:47:10', 12, true, 'The title of <232>', 'The content of the post <232>');
insert into post (id, topic_id, date, author_id, publicly_available, title, content) values (233, 13, '2018-05-12 14:48:10', 13, true, 'The title of <233>', 'The content of the post <233>');
insert into post (id, topic_id, date, author_id, publicly_available, title, content) values (234, 14, '2018-05-11 15:49:10', 14, true, 'The title of <234>', 'The content of the post <234>');
insert into post (id, topic_id, date, author_id, publicly_available, title, content) values (235, 15, '2018-05-10 16:50:10', 15, true, 'The title of <235>', 'The content of the post <235>');
insert into post (id, topic_id, date, author_id, publicly_available, title, content) values (236, 16, '2018-05-09 17:51:10', 16, true, 'The title of <236>', 'The content of the post <236>');
insert into post (id, topic_id, date, author_id, publicly_available, title, content) values (237, 17, '2018-05-08 18:52:10', 17, true, 'The title of <237>', 'The content of the post <237>');
insert into post (id, topic_id, date, author_id, publicly_available, title, content) values (238, 18, '2018-05-07 19:53:10', 18, true, 'The title of <238>', 'The content of the post <238>');
insert into post (id, topic_id, date, author_id, publicly_available, title, content) values (239, 19, '2018-05-06 20:54:10', 19, false, 'The title of <239>', 'The content of the post <239>');
insert into post (id, topic_id, date, author_id, publicly_available, title, content) values (240, 20, '2018-05-05 21:55:10', 20, true, 'The title of <240>', 'The content of the post <240>');
insert into post (id, topic_id, date, author_id, publicly_available, title, content) values (241, 21, '2018-05-04 22:56:10', 21, true, 'The title of <241>', 'The content of the post <241>');
insert into post (id, topic_id, date, author_id, publicly_available, title, content) values (242, 22, '2018-05-03 23:57:10', 22, true, 'The title of <242>', 'The content of the post <242>');
insert into post (id, topic_id, date, author_id, publicly_available, title, content) values (243, 23, '2018-05-03 00:58:10', 23, true, 'The title of <243>', 'The content of the post <243>');
insert into post (id, topic_id, date, author_id, publicly_available, title, content) values (244, 24, '2018-05-02 01:59:10', 24, true, 'The title of <244>', 'The content of the post <244>');
insert into post (id, topic_id, date, author_id, publicly_available, title, content) values (245, 25, '2018-05-01 03:00:10', 25, true, 'The title of <245>', 'The content of the post <245>');
insert into post (id, topic_id, date, author_id, publicly_available, title, content) values (246, 26, '2018-04-30 04:01:10', 26, true, 'The title of <246>', 'The content of the post <246>');
insert into post (id, topic_id, date, author_id, publicly_available, title, content) values (247, 27, '2018-04-29 05:02:10', 27, true, 'The title of <247>', 'The content of the post <247>');
insert into post (id, topic_id, date, author_id, publicly_available, title, content) values (248, 28, '2018-04-28 06:03:10', 28, true, 'The title of <248>', 'The content of the post <248>');
insert into post (id, topic_id, date, author_id, publicly_available, title, content) values (249, 29, '2018-04-27 07:04:10', 29, false, 'The title of <249>', 'The content of the post <249>');
insert into post (id, topic_id, date, author_id, publicly_available, title, content) values (250, 30, '2018-04-26 08:05:10', 30, true, 'The title of <250>', 'The content of the post <250>');
insert into post (id, topic_id, date, author_id, publicly_available, title, content) values (251, 31, '2018-04-25 09:06:10', 31, true, 'The title of <251>', 'The content of the post <251>');
insert into post (id, topic_id, date, author_id, publicly_available, title, content) values (252, 32, '2018-04-23 11:07:10', 32, true, 'The title of <252>', 'The content of the post <252>');
insert into post (id, topic_id, date, author_id, publicly_available, title, content) values (253, 33, '2018-04-22 12:08:10', 33, true, 'The title of <253>', 'The content of the post <253>');
insert into post (id, topic_id, date, author_id, publicly_available, title, content) values (254, 34, '2018-04-21 13:09:10', 34, true, 'The title of <254>', 'The content of the post <254>');
insert into post (id, topic_id, date, author_id, publicly_available, title, content) values (255, 35, '2018-04-20 13:10:10', 35, true, 'The title of <255>', 'The content of the post <255>');
insert into post (id, topic_id, date, author_id, publicly_available, title, content) values (256, 36, '2018-04-19 14:11:10', 36, true, 'The title of <256>', 'The content of the post <256>');
insert into post (id, topic_id, date, author_id, publicly_available, title, content) values (257, 37, '2018-04-18 15:12:10', 37, true, 'The title of <257>', 'The content of the post <257>');
insert into post (id, topic_id, date, author_id, publicly_available, title, content) values (258, 38, '2018-04-17 16:13:10', 38, true, 'The title of <258>', 'The content of the post <258>');
insert into post (id, topic_id, date, author_id, publicly_available, title, content) values (259, 39, '2018-04-16 17:14:10', 39, false, 'The title of <259>', 'The content of the post <259>');
insert into post (id, topic_id, date, author_id, publicly_available, title, content) values (260, 40, '2018-04-15 18:15:10', 40, true, 'The title of <260>', 'The content of the post <260>');
insert into post (id, topic_id, date, author_id, publicly_available, title, content) values (261, 41, '2018-04-14 19:16:10', 41, true, 'The title of <261>', 'The content of the post <261>');
insert into post (id, topic_id, date, author_id, publicly_available, title, content) values (262, 42, '2018-04-13 20:17:10', 42, true, 'The title of <262>', 'The content of the post <262>');
insert into post (id, topic_id, date, author_id, publicly_available, title, content) values (263, 43, '2018-04-12 21:18:10', 43, true, 'The title of <263>', 'The content of the post <263>');
insert into post (id, topic_id, date, author_id, publicly_available, title, content) values (264, 44, '2018-04-11 22:19:10', 44, true, 'The title of <264>', 'The content of the post <264>');
insert into post (id, topic_id, date, author_id, publicly_available, title, content) values (265, 1, '2018-04-10 23:20:10', 1, true, 'The title of <265>', 'The content of the post <265>');
insert into post (id, topic_id, date, author_id, publicly_available, title, content) values (266, 2, '2018-04-10 00:21:10', 2, true, 'The title of <266>', 'The content of the post <266>');
insert into post (id, topic_id, date, author_id, publicly_available, title, content) values (267, 3, '2018-04-09 01:22:10', 3, true, 'The title of <267>', 'The content of the post <267>');
insert into post (id, topic_id, date, author_id, publicly_available, title, content) values (268, 4, '2018-04-08 02:23:10', 4, true, 'The title of <268>', 'The content of the post <268>');
insert into post (id, topic_id, date, author_id, publicly_available, title, content) values (269, 5, '2018-04-07 03:24:10', 5, false, 'The title of <269>', 'The content of the post <269>');
insert into post (id, topic_id, date, author_id, publicly_available, title, content) values (270, 6, '2018-04-06 04:25:10', 6, true, 'The title of <270>', 'The content of the post <270>');
insert into post (id, topic_id, date, author_id, publicly_available, title, content) values (271, 7, '2018-04-05 05:26:10', 7, true, 'The title of <271>', 'The content of the post <271>');
insert into post (id, topic_id, date, author_id, publicly_available, title, content) values (272, 8, '2018-04-04 06:27:10', 8, true, 'The title of <272>', 'The content of the post <272>');
insert into post (id, topic_id, date, author_id, publicly_available, title, content) values (273, 9, '2018-04-03 07:28:10', 9, true, 'The title of <273>', 'The content of the post <273>');
insert into post (id, topic_id, date, author_id, publicly_available, title, content) values (274, 10, '2018-04-02 08:29:10', 10, true, 'The title of <274>', 'The content of the post <274>');
insert into post (id, topic_id, date, author_id, publicly_available, title, content) values (275, 11, '2018-03-31 10:30:10', 11, true, 'The title of <275>', 'The content of the post <275>');
insert into post (id, topic_id, date, author_id, publicly_available, title, content) values (276, 12, '2018-03-30 11:31:10', 12, true, 'The title of <276>', 'The content of the post <276>');
insert into post (id, topic_id, date, author_id, publicly_available, title, content) values (277, 13, '2018-03-29 12:32:10', 13, true, 'The title of <277>', 'The content of the post <277>');
insert into post (id, topic_id, date, author_id, publicly_available, title, content) values (278, 14, '2018-03-28 13:33:10', 14, true, 'The title of <278>', 'The content of the post <278>');
insert into post (id, topic_id, date, author_id, publicly_available, title, content) values (279, 15, '2018-03-27 14:34:10', 15, false, 'The title of <279>', 'The content of the post <279>');
insert into post (id, topic_id, date, author_id, publicly_available, title, content) values (280, 16, '2018-03-26 15:35:10', 16, true, 'The title of <280>', 'The content of the post <280>');
insert into post (id, topic_id, date, author_id, publicly_available, title, content) values (281, 17, '2018-03-25 16:36:10', 17, true, 'The title of <281>', 'The content of the post <281>');
insert into post (id, topic_id, date, author_id, publicly_available, title, content) values (282, 18, '2018-03-24 17:37:10', 18, true, 'The title of <282>', 'The content of the post <282>');
insert into post (id, topic_id, date, author_id, publicly_available, title, content) values (283, 19, '2018-03-23 18:38:10', 19, true, 'The title of <283>', 'The content of the post <283>');
insert into post (id, topic_id, date, author_id, publicly_available, title, content) values (284, 20, '2018-03-22 19:39:10', 20, true, 'The title of <284>', 'The content of the post <284>');
insert into post (id, topic_id, date, author_id, publicly_available, title, content) values (285, 21, '2018-03-21 20:40:10', 21, true, 'The title of <285>', 'The content of the post <285>');
insert into post (id, topic_id, date, author_id, publicly_available, title, content) values (286, 22, '2018-03-20 21:41:10', 22, true, 'The title of <286>', 'The content of the post <286>');
insert into post (id, topic_id, date, author_id, publicly_available, title, content) values (287, 23, '2018-03-19 22:42:10', 23, true, 'The title of <287>', 'The content of the post <287>');
insert into post (id, topic_id, date, author_id, publicly_available, title, content) values (288, 24, '2018-03-18 23:43:10', 24, true, 'The title of <288>', 'The content of the post <288>');
insert into post (id, topic_id, date, author_id, publicly_available, title, content) values (289, 25, '2018-03-18 00:44:10', 25, false, 'The title of <289>', 'The content of the post <289>');
insert into post (id, topic_id, date, author_id, publicly_available, title, content) values (290, 26, '2018-03-17 01:45:10', 26, true, 'The title of <290>', 'The content of the post <290>');
insert into post (id, topic_id, date, author_id, publicly_available, title, content) values (291, 27, '2018-03-16 02:46:10', 27, true, 'The title of <291>', 'The content of the post <291>');
insert into post (id, topic_id, date, author_id, publicly_available, title, content) values (292, 28, '2018-03-15 03:47:10', 28, true, 'The title of <292>', 'The content of the post <292>');
insert into post (id, topic_id, date, author_id, publicly_available, title, content) values (293, 29, '2018-03-14 04:48:10', 29, true, 'The title of <293>', 'The content of the post <293>');
insert into post (id, topic_id, date, author_id, publicly_available, title, content) values (294, 30, '2018-03-13 05:49:10', 30, true, 'The title of <294>', 'The content of the post <294>');
insert into post (id, topic_id, date, author_id, publicly_available, title, content) values (295, 31, '2018-03-12 06:50:10', 31, true, 'The title of <295>', 'The content of the post <295>');
insert into post (id, topic_id, date, author_id, publicly_available, title, content) values (296, 32, '2018-03-11 07:51:10', 32, true, 'The title of <296>', 'The content of the post <296>');
insert into post (id, topic_id, date, author_id, publicly_available, title, content) values (297, 33, '2018-03-10 08:52:10', 33, true, 'The title of <297>', 'The content of the post <297>');
insert into post (id, topic_id, date, author_id, publicly_available, title, content) values (298, 34, '2018-03-08 10:53:10', 34, true, 'The title of <298>', 'The content of the post <298>');
insert into post (id, topic_id, date, author_id, publicly_available, title, content) values (299, 35, '2018-03-07 11:54:10', 35, false, 'The title of <299>', 'The content of the post <299>');
insert into post (id, topic_id, date, author_id, publicly_available, title, content) values (300, 36, '2018-03-06 12:55:10', 36, true, 'The title of <300>', 'The content of the post <300>');
insert into post (id, topic_id, date, author_id, publicly_available, title, content) values (301, 37, '2018-03-05 13:56:10', 37, true, 'The title of <301>', 'The content of the post <301>');
insert into post (id, topic_id, date, author_id, publicly_available, title, content) values (302, 38, '2018-03-04 14:57:10', 38, true, 'The title of <302>', 'The content of the post <302>');
insert into post (id, topic_id, date, author_id, publicly_available, title, content) values (303, 39, '2018-03-03 15:58:10', 39, true, 'The title of <303>', 'The content of the post <303>');
insert into post (id, topic_id, date, author_id, publicly_available, title, content) values (304, 40, '2018-03-02 16:59:10', 40, true, 'The title of <304>', 'The content of the post <304>');
insert into post (id, topic_id, date, author_id, publicly_available, title, content) values (305, 41, '2018-03-01 18:00:10', 41, true, 'The title of <305>', 'The content of the post <305>');
insert into post (id, topic_id, date, author_id, publicly_available, title, content) values (306, 42, '2018-02-28 19:01:10', 42, true, 'The title of <306>', 'The content of the post <306>');
insert into post (id, topic_id, date, author_id, publicly_available, title, content) values (307, 43, '2018-02-27 20:02:10', 43, true, 'The title of <307>', 'The content of the post <307>');
insert into post (id, topic_id, date, author_id, publicly_available, title, content) values (308, 44, '2018-02-26 21:03:10', 44, true, 'The title of <308>', 'The content of the post <308>');
insert into post (id, topic_id, date, author_id, publicly_available, title, content) values (309, 1, '2018-02-25 22:04:10', 1, false, 'The title of <309>', 'The content of the post <309>');
insert into post (id, topic_id, date, author_id, publicly_available, title, content) values (310, 2, '2018-02-24 23:05:10', 2, true, 'The title of <310>', 'The content of the post <310>');
insert into post (id, topic_id, date, author_id, publicly_available, title, content) values (311, 3, '2018-02-24 00:06:10', 3, true, 'The title of <311>', 'The content of the post <311>');
insert into post (id, topic_id, date, author_id, publicly_available, title, content) values (312, 4, '2018-02-23 01:07:10', 4, true, 'The title of <312>', 'The content of the post <312>');
insert into post (id, topic_id, date, author_id, publicly_available, title, content) values (313, 5, '2018-02-22 02:08:10', 5, true, 'The title of <313>', 'The content of the post <313>');
insert into post (id, topic_id, date, author_id, publicly_available, title, content) values (314, 6, '2018-02-21 03:09:10', 6, true, 'The title of <314>', 'The content of the post <314>');
insert into post (id, topic_id, date, author_id, publicly_available, title, content) values (315, 7, '2018-02-20 03:10:10', 7, true, 'The title of <315>', 'The content of the post <315>');
insert into post (id, topic_id, date, author_id, publicly_available, title, content) values (316, 8, '2018-02-19 04:11:10', 8, true, 'The title of <316>', 'The content of the post <316>');
insert into post (id, topic_id, date, author_id, publicly_available, title, content) values (317, 9, '2018-02-18 05:12:10', 9, true, 'The title of <317>', 'The content of the post <317>');
insert into post (id, topic_id, date, author_id, publicly_available, title, content) values (318, 10, '2018-02-17 06:13:10', 10, true, 'The title of <318>', 'The content of the post <318>');
insert into post (id, topic_id, date, author_id, publicly_available, title, content) values (319, 11, '2018-02-16 07:14:10', 11, false, 'The title of <319>', 'The content of the post <319>');
insert into post (id, topic_id, date, author_id, publicly_available, title, content) values (320, 12, '2018-02-15 08:15:10', 12, true, 'The title of <320>', 'The content of the post <320>');
commit;
